transaction_key,transaction_id,date_key,customer_key,account_key,category_key,merchant_key,channel_key,amount,abs_amount,transaction_type,status,is_flagged,is_recurring
1,TXN-000001,20230821,486,46,5,16,3,-31.87,31.87,Expense,Completed,0,0
2,TXN-000002,20221028,356,864,2,11,6,-809.6,809.6,Expense,Completed,0,1
3,TXN-000003,20230813,56,928,10,,2,11958.49,11958.49,Income,Completed,0,1
4,TXN-000004,20241030,180,834,9,11,6,-283.36,283.36,Expense,Completed,0,0
5,TXN-000005,20240122,748,14,7,4,7,-356.1,356.1,Expense,Pending,0,0
6,TXN-000006,20230712,282,166,11,,6,404.69,404.69,Income,Pending,0,0
7,TXN-000007,20241013,94,552,7,15,7,-498.16,498.16,Expense,Completed,0,0
8,TXN-000008,20220521,61,608,13,,3,1932.74,1932.74,Transfer,Pending,0,0
9,TXN-000009,20240812,298,559,7,3,2,-97.69,97.69,Expense,Completed,1,0
10,TXN-000010,20220809,740,190,2,7,6,-2023.97,2023.97,Expense,Completed,0,1
11,TXN-000011,20230502,7,603,13,,5,3223.16,3223.16,Transfer,Completed,0,0
12,TXN-000012,20241118,435,653,4,12,3,-278.12,278.12,Expense,Pending,1,0
13,TXN-000013,20230108,407,83,4,19,6,-212.04,212.04,Expense,Completed,0,0
14,TXN-000014,20230921,587,238,5,2,2,-92.19,92.19,Expense,Completed,0,0
15,TXN-000015,20241231,675,581,8,5,3,-173.54,173.54,Expense,Completed,0,0
16,TXN-000016,20240121,441,830,18,7,5,-1555.02,1555.02,Expense,Completed,0,0
17,TXN-000017,20220526,28,981,2,12,4,-724.27,724.27,Expense,Failed,0,1
18,TXN-000018,20220912,370,187,3,8,6,-153.03,153.03,Expense,Completed,0,1
19,TXN-000019,20221113,108,358,17,3,4,-110.29,110.29,Expense,Completed,0,1
20,TXN-000020,20241109,775,5,3,4,1,-55.67,55.67,Expense,Completed,0,1
21,TXN-000021,20240527,549,646,20,,6,4686.77,4686.77,Income,Pending,0,0
22,TXN-000022,20230327,240,636,11,,1,385.8,385.8,Income,Completed,0,0
23,TXN-000023,20220725,426,973,11,,5,356.65,356.65,Income,Completed,0,0
24,TXN-000024,20220904,179,799,5,19,5,-74.03,74.03,Expense,Completed,0,0
25,TXN-000025,20230409,192,920,17,4,4,-135.99,135.99,Expense,Completed,0,1
26,TXN-000026,20241013,577,495,3,4,3,-57.07,57.07,Expense,Completed,0,1
27,TXN-000027,20231027,288,114,4,14,3,-264.56,264.56,Expense,Completed,0,0
28,TXN-000028,20220917,560,66,4,3,3,-46.26,46.26,Expense,Completed,0,0
29,TXN-000029,20240204,180,834,7,16,5,-230.71,230.71,Expense,Completed,1,0
30,TXN-000030,20240518,110,704,10,,1,5959.5,5959.5,Income,Completed,0,1
31,TXN-000031,20220103,774,389,8,19,7,-358.57,358.57,Expense,Completed,0,0
32,TXN-000032,20241029,313,424,10,,6,13434.01,13434.01,Income,Completed,0,1
33,TXN-000033,20241125,678,769,18,15,7,-433.61,433.61,Expense,Completed,0,0
34,TXN-000034,20221109,397,632,17,2,6,-138.6,138.6,Expense,Completed,0,1
35,TXN-000035,20240622,548,365,8,15,6,-466.71,466.71,Expense,Completed,0,0
36,TXN-000036,20230122,280,9,14,,7,-3303.76,3303.76,Transfer,Completed,0,0
37,TXN-000037,20220820,520,26,4,5,5,-145.36,145.36,Expense,Pending,0,0
38,TXN-000038,20230818,508,816,4,2,1,-26.3,26.3,Expense,Completed,0,0
39,TXN-000039,20240408,768,282,3,15,7,-457.58,457.58,Expense,Completed,0,1
40,TXN-000040,20240804,267,705,1,1,5,-470.95,470.95,Expense,Completed,0,0
41,TXN-000041,20240422,154,821,4,20,5,-480.25,480.25,Expense,Completed,0,0
42,TXN-000042,20220415,159,372,4,15,4,-426.13,426.13,Expense,Completed,0,0
43,TXN-000043,20240826,785,809,6,19,3,-68.19,68.19,Expense,Completed,0,0
44,TXN-000044,20220708,449,709,2,5,1,-2196.05,2196.05,Expense,Completed,0,1
45,TXN-000045,20240831,5,672,7,16,5,-340.26,340.26,Expense,Completed,0,0
46,TXN-000046,20220315,64,694,1,10,3,-100.42,100.42,Expense,Completed,0,0
47,TXN-000047,20220206,18,515,1,14,5,-288.5,288.5,Expense,Completed,0,0
48,TXN-000048,20240915,206,8,4,16,7,-347.15,347.15,Expense,Completed,0,0
49,TXN-000049,20221108,787,163,13,,5,641.65,641.65,Transfer,Completed,0,0
50,TXN-000050,20240814,789,193,4,9,6,-42.43,42.43,Expense,Completed,0,0
51,TXN-000051,20240809,484,664,1,7,5,-197.34,197.34,Expense,Completed,0,0
52,TXN-000052,20221201,423,629,9,4,2,-449.48,449.48,Expense,Completed,0,0
53,TXN-000053,20240201,461,870,10,,2,5192.79,5192.79,Income,Pending,0,1
54,TXN-000054,20220227,789,914,10,,5,6546.47,6546.47,Income,Completed,0,1
55,TXN-000055,20240107,418,453,2,15,5,-2783.92,2783.92,Expense,Completed,0,1
56,TXN-000056,20240907,155,462,5,11,6,-54.08,54.08,Expense,Completed,0,0
57,TXN-000057,20230316,662,233,13,,6,2814.63,2814.63,Transfer,Completed,0,0
58,TXN-000058,20240404,560,395,10,,6,9833.76,9833.76,Income,Completed,0,1
59,TXN-000059,20240419,477,388,4,9,1,-104.51,104.51,Expense,Completed,0,0
60,TXN-000060,20240315,270,759,10,,3,14647.2,14647.2,Income,Pending,0,1
61,TXN-000061,20230812,785,809,20,,1,5873.3,5873.3,Income,Completed,0,0
62,TXN-000062,20240505,638,178,20,,1,8274.61,8274.61,Income,Completed,0,0
63,TXN-000063,20220601,479,700,5,19,3,-14.46,14.46,Expense,Completed,0,0
64,TXN-000064,20220510,413,131,4,11,5,-425.81,425.81,Expense,Completed,0,0
65,TXN-000065,20220519,675,858,3,17,4,-375.55,375.55,Expense,Completed,0,1
66,TXN-000066,20230626,725,192,6,3,2,-113.0,113.0,Expense,Pending,0,0
67,TXN-000067,20240526,481,120,10,,4,3409.03,3409.03,Income,Completed,0,1
68,TXN-000068,20221121,674,32,7,14,4,-299.02,299.02,Expense,Completed,0,0
69,TXN-000069,20231002,404,473,5,4,6,-14.09,14.09,Expense,Completed,0,0
70,TXN-000070,20241109,733,121,3,16,7,-49.4,49.4,Expense,Completed,0,1
71,TXN-000071,20220311,598,90,10,,2,1708.49,1708.49,Income,Completed,0,1
72,TXN-000072,20241129,109,680,9,10,1,-176.79,176.79,Expense,Completed,0,0
73,TXN-000073,20240126,88,399,1,3,7,-66.45,66.45,Expense,Completed,0,0
74,TXN-000074,20230829,731,912,10,,2,2866.47,2866.47,Income,Completed,0,1
75,TXN-000075,20220613,408,1000,3,14,1,-92.31,92.31,Expense,Completed,0,1
76,TXN-000076,20240331,721,11,4,5,7,-297.23,297.23,Expense,Completed,0,0
77,TXN-000077,20220611,332,756,18,3,7,-1674.49,1674.49,Expense,Completed,0,0
78,TXN-000078,20240803,389,737,3,15,4,-257.4,257.4,Expense,Pending,0,1
79,TXN-000079,20220223,497,471,4,2,7,-176.01,176.01,Expense,Completed,0,0
80,TXN-000080,20240705,85,909,19,2,1,-170.34,170.34,Expense,Completed,0,0
81,TXN-000081,20230330,379,426,3,2,7,-104.2,104.2,Expense,Pending,0,1
82,TXN-000082,20230329,678,769,15,1,1,-566.62,566.62,Expense,Completed,0,1
83,TXN-000083,20240825,250,488,14,,7,-4763.3,4763.3,Transfer,Pending,0,0
84,TXN-000084,20240822,174,671,5,15,1,-114.84,114.84,Expense,Completed,0,0
85,TXN-000085,20230912,643,493,11,,3,374.5,374.5,Income,Completed,0,0
86,TXN-000086,20231129,461,804,14,,3,-2141.34,2141.34,Transfer,Completed,0,0
87,TXN-000087,20230426,613,601,3,14,1,-104.21,104.21,Expense,Completed,0,1
88,TXN-000088,20240727,508,816,12,,1,683.98,683.98,Income,Completed,0,0
89,TXN-000089,20220129,318,112,13,,7,2160.79,2160.79,Transfer,Completed,0,0
90,TXN-000090,20230325,622,906,2,5,5,-1474.75,1474.75,Expense,Completed,0,1
91,TXN-000091,20220705,397,632,1,2,1,-453.28,453.28,Expense,Completed,0,0
92,TXN-000092,20241019,60,645,10,,2,7547.66,7547.66,Income,Completed,0,1
93,TXN-000093,20220507,341,98,18,16,1,-2233.76,2233.76,Expense,Completed,0,0
94,TXN-000094,20231116,14,408,4,16,2,-64.43,64.43,Expense,Completed,0,0
95,TXN-000095,20241203,315,348,2,8,7,-547.06,547.06,Expense,Completed,0,1
96,TXN-000096,20220708,430,919,13,,5,4417.85,4417.85,Transfer,Pending,0,0
97,TXN-000097,20240412,269,304,4,10,3,-286.85,286.85,Expense,Completed,0,0
98,TXN-000098,20231222,692,392,1,13,5,-140.48,140.48,Expense,Completed,0,0
99,TXN-000099,20220410,675,245,11,,7,107.82,107.82,Income,Completed,0,0
100,TXN-000100,20231005,662,223,1,12,3,-343.32,343.32,Expense,Completed,0,0
101,TXN-000101,20241018,184,931,6,1,1,-95.31,95.31,Expense,Failed,0,0
102,TXN-000102,20221018,145,577,1,13,3,-49.1,49.1,Expense,Pending,0,0
103,TXN-000103,20240303,703,496,10,,7,4799.37,4799.37,Income,Completed,0,1
104,TXN-000104,20230113,295,415,13,,2,1900.33,1900.33,Transfer,Completed,0,0
105,TXN-000105,20240421,48,964,3,7,3,-83.43,83.43,Expense,Completed,0,1
106,TXN-000106,20240605,387,219,10,,7,13165.62,13165.62,Income,Completed,0,1
107,TXN-000107,20230209,60,295,15,2,5,-1412.49,1412.49,Expense,Completed,0,1
108,TXN-000108,20220804,319,841,4,1,6,-103.3,103.3,Expense,Reversed,0,0
109,TXN-000109,20241230,214,556,1,7,4,-380.98,380.98,Expense,Completed,0,0
110,TXN-000110,20220722,106,191,9,5,7,-442.77,442.77,Expense,Failed,0,0
111,TXN-000111,20231228,44,652,13,,4,3882.22,3882.22,Transfer,Completed,0,0
112,TXN-000112,20241211,615,939,7,12,1,-140.12,140.12,Expense,Completed,0,0
113,TXN-000113,20231104,707,27,5,1,6,-53.02,53.02,Expense,Completed,0,0
114,TXN-000114,20240407,419,477,5,17,6,-25.03,25.03,Expense,Completed,0,0
115,TXN-000115,20240517,486,46,2,11,1,-1252.19,1252.19,Expense,Completed,0,1
116,TXN-000116,20240410,48,964,4,18,3,-489.57,489.57,Expense,Completed,0,0
117,TXN-000117,20240322,134,347,10,,5,4291.77,4291.77,Income,Completed,0,1
118,TXN-000118,20220406,135,379,14,,1,-2144.02,2144.02,Transfer,Completed,0,0
119,TXN-000119,20240228,240,636,4,13,2,-361.59,361.59,Expense,Completed,0,0
120,TXN-000120,20220602,376,205,18,15,4,-866.52,866.52,Expense,Completed,0,0
121,TXN-000121,20220927,545,829,16,14,7,-329.8,329.8,Expense,Completed,0,1
122,TXN-000122,20220318,604,910,1,6,7,-181.89,181.89,Expense,Completed,0,0
123,TXN-000123,20230203,537,209,10,,7,2234.24,2234.24,Income,Failed,0,1
124,TXN-000124,20240701,486,252,12,,3,524.98,524.98,Income,Completed,0,0
125,TXN-000125,20220603,150,701,5,4,3,-78.15,78.15,Expense,Completed,0,0
126,TXN-000126,20220704,238,438,5,2,1,-63.3,63.3,Expense,Reversed,0,0
127,TXN-000127,20230324,433,633,5,2,7,-71.31,71.31,Expense,Failed,0,0
128,TXN-000128,20220427,318,40,12,,3,1951.44,1951.44,Income,Completed,0,0
129,TXN-000129,20221008,767,316,7,4,1,-50.99,50.99,Expense,Completed,0,0
130,TXN-000130,20221023,302,65,3,1,5,-231.33,231.33,Expense,Completed,0,1
131,TXN-000131,20240318,751,852,5,5,5,-119.47,119.47,Expense,Reversed,0,0
132,TXN-000132,20240601,480,989,3,2,5,-40.86,40.86,Expense,Completed,0,1
133,TXN-000133,20231031,708,150,4,13,4,-444.45,444.45,Expense,Pending,0,0
134,TXN-000134,20230612,355,49,3,1,6,-77.61,77.61,Expense,Completed,0,1
135,TXN-000135,20240517,79,39,1,1,4,-81.83,81.83,Expense,Completed,0,0
136,TXN-000136,20220909,190,970,10,,6,4068.9,4068.9,Income,Completed,0,1
137,TXN-000137,20231108,282,166,4,10,7,-69.92,69.92,Expense,Completed,0,0
138,TXN-000138,20220723,285,923,18,18,6,-2137.82,2137.82,Expense,Completed,1,0
139,TXN-000139,20221214,480,814,3,5,7,-254.37,254.37,Expense,Completed,0,1
140,TXN-000140,20220531,506,604,16,1,7,-284.14,284.14,Expense,Completed,0,1
141,TXN-000141,20240903,392,443,18,11,7,-2687.36,2687.36,Expense,Completed,0,0
142,TXN-000142,20230704,662,233,1,15,7,-114.03,114.03,Expense,Pending,0,0
143,TXN-000143,20230208,389,941,7,19,5,-455.98,455.98,Expense,Completed,0,0
144,TXN-000144,20220725,653,777,14,,4,-3729.43,3729.43,Transfer,Completed,0,0
145,TXN-000145,20241122,220,846,1,1,4,-203.74,203.74,Expense,Completed,0,0
146,TXN-000146,20220801,163,986,4,16,4,-364.85,364.85,Expense,Completed,0,0
147,TXN-000147,20231017,114,434,7,5,6,-367.64,367.64,Expense,Pending,0,0
148,TXN-000148,20220128,57,383,1,17,6,-454.05,454.05,Expense,Completed,0,0
149,TXN-000149,20231215,84,791,2,8,4,-1888.63,1888.63,Expense,Completed,0,1
150,TXN-000150,20240921,220,10,11,,5,494.73,494.73,Income,Completed,0,0
151,TXN-000151,20240518,12,818,1,13,2,-191.83,191.83,Expense,Completed,0,0
152,TXN-000152,20230302,290,596,1,9,2,-229.06,229.06,Expense,Completed,1,0
153,TXN-000153,20230318,460,612,14,,5,-1349.35,1349.35,Transfer,Completed,0,0
154,TXN-000154,20240705,149,959,10,,6,9482.5,9482.5,Income,Completed,0,1
155,TXN-000155,20230606,382,802,16,10,2,-361.79,361.79,Expense,Completed,0,1
156,TXN-000156,20220213,422,172,1,14,7,-22.6,22.6,Expense,Reversed,0,0
157,TXN-000157,20240904,423,629,6,16,6,-104.0,104.0,Expense,Pending,0,0
158,TXN-000158,20240114,537,209,7,8,1,-499.65,499.65,Expense,Completed,0,0
159,TXN-000159,20230325,678,357,3,3,5,-164.24,164.24,Expense,Completed,0,1
160,TXN-000160,20240618,114,434,8,16,2,-200.44,200.44,Expense,Completed,0,0
161,TXN-000161,20230330,361,828,10,,4,9295.31,9295.31,Income,Completed,0,1
162,TXN-000162,20231220,462,215,5,5,3,-27.18,27.18,Expense,Failed,0,0
163,TXN-000163,20230624,161,579,11,,6,264.84,264.84,Income,Completed,0,0
164,TXN-000164,20230901,689,397,1,13,4,-441.57,441.57,Expense,Completed,0,0
165,TXN-000165,20240606,503,123,12,,5,3698.49,3698.49,Income,Completed,0,0
166,TXN-000166,20220602,553,171,9,17,5,-85.22,85.22,Expense,Pending,0,0
167,TXN-000167,20230303,166,687,1,13,4,-78.01,78.01,Expense,Completed,0,0
168,TXN-000168,20230525,283,211,2,15,2,-1623.18,1623.18,Expense,Completed,1,1
169,TXN-000169,20220907,7,603,6,7,3,-147.37,147.37,Expense,Pending,0,0
170,TXN-000170,20240115,597,825,3,20,1,-290.74,290.74,Expense,Completed,0,1
171,TXN-000171,20240909,138,218,20,,1,9701.3,9701.3,Income,Reversed,0,0
172,TXN-000172,20240210,249,248,1,12,5,-436.79,436.79,Expense,Reversed,0,0
173,TXN-000173,20221113,161,844,10,,7,4960.36,4960.36,Income,Completed,0,1
174,TXN-000174,20240712,633,314,1,3,3,-388.38,388.38,Expense,Completed,0,0
175,TXN-000175,20220708,433,633,3,7,1,-371.71,371.71,Expense,Failed,0,1
176,TXN-000176,20230718,492,51,11,,3,106.39,106.39,Income,Completed,0,0
177,TXN-000177,20231125,600,788,7,17,1,-107.98,107.98,Expense,Failed,0,0
178,TXN-000178,20230827,382,802,10,,6,6658.55,6658.55,Income,Completed,0,1
179,TXN-000179,20230920,675,581,13,,5,3156.47,3156.47,Transfer,Completed,0,0
180,TXN-000180,20240912,286,953,1,5,6,-356.94,356.94,Expense,Pending,0,0
181,TXN-000181,20240108,122,280,2,17,4,-2531.63,2531.63,Expense,Completed,0,1
182,TXN-000182,20220130,482,230,11,,5,252.15,252.15,Income,Completed,0,0
183,TXN-000183,20240320,16,980,2,14,4,-2549.85,2549.85,Expense,Completed,0,1
184,TXN-000184,20220601,6,387,3,7,2,-443.34,443.34,Expense,Completed,0,1
185,TXN-000185,20220124,110,337,19,6,1,-360.1,360.1,Expense,Completed,0,0
186,TXN-000186,20231121,289,982,1,14,7,-413.08,413.08,Expense,Completed,0,0
187,TXN-000187,20241025,76,373,3,10,6,-36.66,36.66,Expense,Completed,0,1
188,TXN-000188,20221028,567,197,1,4,1,-196.42,196.42,Expense,Completed,0,0
189,TXN-000189,20221124,503,123,4,5,2,-85.12,85.12,Expense,Completed,0,0
190,TXN-000190,20240903,743,3,4,3,5,-244.33,244.33,Expense,Completed,0,0
191,TXN-000191,20230801,743,3,15,14,4,-1688.32,1688.32,Expense,Completed,0,1
192,TXN-000192,20220527,130,822,6,19,1,-52.49,52.49,Expense,Completed,0,0
193,TXN-000193,20221203,172,979,1,3,3,-95.0,95.0,Expense,Completed,0,0
194,TXN-000194,20220728,431,106,4,19,1,-167.38,167.38,Expense,Completed,0,0
195,TXN-000195,20220424,270,77,5,5,2,-16.63,16.63,Expense,Completed,1,0
196,TXN-000196,20240908,454,182,13,,4,1970.63,1970.63,Transfer,Completed,0,0
197,TXN-000197,20220306,567,197,19,9,5,-92.36,92.36,Expense,Completed,0,0
198,TXN-000198,20230701,51,429,13,,3,1678.96,1678.96,Transfer,Completed,1,0
199,TXN-000199,20241023,619,42,6,9,1,-148.03,148.03,Expense,Completed,0,0
200,TXN-000200,20230324,6,387,16,14,4,-288.06,288.06,Expense,Completed,0,1
201,TXN-000201,20240524,736,778,1,18,3,-83.35,83.35,Expense,Completed,0,0
202,TXN-000202,20220519,588,566,10,,3,10809.01,10809.01,Income,Completed,0,1
203,TXN-000203,20220409,703,496,8,14,1,-480.22,480.22,Expense,Completed,0,0
204,TXN-000204,20240422,570,796,5,2,3,-110.11,110.11,Expense,Completed,0,0
205,TXN-000205,20220102,245,639,10,,3,10581.2,10581.2,Income,Completed,0,1
206,TXN-000206,20240828,206,325,10,,5,7071.79,7071.79,Income,Completed,0,1
207,TXN-000207,20220216,419,477,14,,3,-4826.44,4826.44,Transfer,Completed,0,0
208,TXN-000208,20220905,658,643,15,15,2,-1881.54,1881.54,Expense,Pending,0,1
209,TXN-000209,20230206,566,297,4,1,3,-448.02,448.02,Expense,Completed,0,0
210,TXN-000210,20230821,79,535,14,,1,-871.31,871.31,Transfer,Completed,0,0
211,TXN-000211,20240803,135,183,20,,6,6132.43,6132.43,Income,Completed,0,0
212,TXN-000212,20220830,288,927,5,19,7,-43.09,43.09,Expense,Completed,0,0
213,TXN-000213,20241025,358,966,20,,7,2189.84,2189.84,Income,Completed,0,0
214,TXN-000214,20221105,221,956,1,4,7,-437.64,437.64,Expense,Failed,0,0
215,TXN-000215,20230704,499,352,19,19,3,-75.72,75.72,Expense,Completed,0,0
216,TXN-000216,20220827,12,818,1,1,1,-468.33,468.33,Expense,Completed,0,0
217,TXN-000217,20240522,11,876,7,18,5,-451.11,451.11,Expense,Completed,0,0
218,TXN-000218,20240126,314,854,14,,2,-712.48,712.48,Transfer,Completed,0,0
219,TXN-000219,20240315,370,187,13,,1,210.28,210.28,Transfer,Completed,0,0
220,TXN-000220,20230928,637,899,4,6,6,-275.79,275.79,Expense,Failed,0,0
221,TXN-000221,20230103,392,500,13,,2,3054.82,3054.82,Transfer,Completed,0,0
222,TXN-000222,20221031,266,519,2,3,2,-2870.28,2870.28,Expense,Completed,0,1
223,TXN-000223,20230813,609,354,20,,7,3448.28,3448.28,Income,Completed,0,0
224,TXN-000224,20240616,425,534,5,9,2,-56.81,56.81,Expense,Completed,0,0
225,TXN-000225,20241115,236,17,3,15,5,-340.81,340.81,Expense,Completed,0,1
226,TXN-000226,20241118,226,998,10,,7,6861.65,6861.65,Income,Completed,0,1
227,TXN-000227,20230818,789,193,13,,4,4179.55,4179.55,Transfer,Completed,0,0
228,TXN-000228,20240624,270,563,20,,5,7948.18,7948.18,Income,Pending,0,0
229,TXN-000229,20240714,789,914,5,8,5,-45.34,45.34,Expense,Completed,0,0
230,TXN-000230,20220717,581,124,13,,7,484.96,484.96,Transfer,Completed,0,0
231,TXN-000231,20230721,200,67,5,8,6,-85.49,85.49,Expense,Completed,0,0
232,TXN-000232,20220414,66,430,2,9,4,-1661.51,1661.51,Expense,Completed,0,1
233,TXN-000233,20220330,561,24,3,17,6,-48.12,48.12,Expense,Completed,0,1
234,TXN-000234,20220919,491,654,4,1,6,-344.17,344.17,Expense,Completed,0,0
235,TXN-000235,20220909,419,722,13,,4,4873.84,4873.84,Transfer,Completed,0,0
236,TXN-000236,20220814,129,522,3,14,7,-231.03,231.03,Expense,Completed,0,1
237,TXN-000237,20230703,563,266,5,6,3,-69.67,69.67,Expense,Completed,0,0
238,TXN-000238,20220705,604,916,10,,3,2449.26,2449.26,Income,Completed,0,1
239,TXN-000239,20230410,691,537,17,6,7,-146.12,146.12,Expense,Completed,0,1
240,TXN-000240,20220416,318,40,10,,7,6391.8,6391.8,Income,Completed,0,1
241,TXN-000241,20230210,636,992,13,,3,4708.52,4708.52,Transfer,Pending,0,0
242,TXN-000242,20220624,257,746,3,1,4,-166.39,166.39,Expense,Failed,0,1
243,TXN-000243,20241230,497,471,7,13,5,-459.01,459.01,Expense,Completed,0,0
244,TXN-000244,20241204,452,511,6,8,7,-141.41,141.41,Expense,Completed,0,0
245,TXN-000245,20230814,674,990,5,4,4,-65.45,65.45,Expense,Completed,1,0
246,TXN-000246,20241119,87,839,7,6,3,-74.61,74.61,Expense,Reversed,0,0
247,TXN-000247,20240814,454,220,15,20,3,-1988.57,1988.57,Expense,Completed,0,1
248,TXN-000248,20241213,370,677,3,10,4,-462.74,462.74,Expense,Failed,0,1
249,TXN-000249,20220225,675,362,14,,5,-3060.14,3060.14,Transfer,Completed,0,0
250,TXN-000250,20230616,266,519,11,,7,162.96,162.96,Income,Completed,0,0
251,TXN-000251,20230621,482,230,3,4,7,-166.08,166.08,Expense,Completed,0,1
252,TXN-000252,20240930,764,189,18,19,3,-2085.63,2085.63,Expense,Pending,0,0
253,TXN-000253,20230623,764,189,16,11,1,-246.9,246.9,Expense,Completed,0,1
254,TXN-000254,20231208,333,730,11,,5,428.23,428.23,Income,Completed,0,0
255,TXN-000255,20240624,526,240,9,20,5,-401.54,401.54,Expense,Completed,0,0
256,TXN-000256,20240208,692,392,1,16,1,-460.56,460.56,Expense,Completed,0,0
257,TXN-000257,20221109,716,731,10,,5,3624.23,3624.23,Income,Completed,0,1
258,TXN-000258,20220817,506,824,10,,5,5780.33,5780.33,Income,Completed,0,1
259,TXN-000259,20220519,525,871,3,20,3,-398.08,398.08,Expense,Completed,0,1
260,TXN-000260,20220801,777,62,7,13,3,-383.65,383.65,Expense,Pending,0,0
261,TXN-000261,20231209,567,197,6,8,4,-13.82,13.82,Expense,Completed,0,0
262,TXN-000262,20220515,306,181,11,,5,279.09,279.09,Income,Completed,1,0
263,TXN-000263,20240811,51,429,6,15,7,-136.74,136.74,Expense,Completed,0,0
264,TXN-000264,20241125,390,272,11,,2,133.69,133.69,Income,Completed,0,0
265,TXN-000265,20220301,685,289,7,17,6,-415.44,415.44,Expense,Completed,0,0
266,TXN-000266,20230320,312,361,2,12,7,-2776.19,2776.19,Expense,Reversed,0,1
267,TXN-000267,20230124,295,619,2,13,4,-2190.64,2190.64,Expense,Completed,0,1
268,TXN-000268,20240129,571,865,1,1,7,-29.51,29.51,Expense,Completed,0,0
269,TXN-000269,20220630,216,236,1,17,7,-457.47,457.47,Expense,Completed,0,0
270,TXN-000270,20241228,310,353,18,16,1,-2317.17,2317.17,Expense,Pending,0,0
271,TXN-000271,20220807,525,871,17,10,4,-128.63,128.63,Expense,Pending,0,1
272,TXN-000272,20220601,196,922,18,11,3,-2201.57,2201.57,Expense,Completed,0,0
273,TXN-000273,20220627,38,847,19,8,7,-205.34,205.34,Expense,Completed,0,0
274,TXN-000274,20241204,444,720,4,2,4,-348.38,348.38,Expense,Completed,0,0
275,TXN-000275,20220611,658,501,3,18,7,-347.5,347.5,Expense,Completed,0,1
276,TXN-000276,20221120,637,706,17,2,3,-57.23,57.23,Expense,Pending,0,1
277,TXN-000277,20220221,78,547,4,9,3,-454.11,454.11,Expense,Completed,1,0
278,TXN-000278,20230405,290,596,3,7,2,-300.03,300.03,Expense,Completed,0,1
279,TXN-000279,20220227,14,458,13,,7,272.47,272.47,Transfer,Completed,0,0
280,TXN-000280,20220622,217,972,2,12,6,-1562.76,1562.76,Expense,Completed,0,1
281,TXN-000281,20220430,288,927,6,16,7,-106.97,106.97,Expense,Completed,0,0
282,TXN-000282,20240908,556,582,1,11,3,-341.18,341.18,Expense,Completed,0,0
283,TXN-000283,20240509,508,810,15,17,5,-414.47,414.47,Expense,Completed,0,1
284,TXN-000284,20220418,137,165,4,11,6,-458.23,458.23,Expense,Completed,0,0
285,TXN-000285,20221128,396,454,7,10,6,-388.84,388.84,Expense,Completed,0,0
286,TXN-000286,20231006,535,499,15,3,5,-979.28,979.28,Expense,Pending,0,1
287,TXN-000287,20240803,604,916,13,,4,4621.17,4621.17,Transfer,Completed,1,0
288,TXN-000288,20240130,626,663,3,14,6,-86.6,86.6,Expense,Failed,0,1
289,TXN-000289,20230615,406,609,8,3,4,-425.95,425.95,Expense,Pending,0,0
290,TXN-000290,20221226,408,1000,19,20,6,-222.58,222.58,Expense,Completed,0,0
291,TXN-000291,20231203,231,201,10,,5,2896.88,2896.88,Income,Completed,0,1
292,TXN-000292,20220623,172,242,2,12,5,-1221.07,1221.07,Expense,Completed,0,1
293,TXN-000293,20240902,183,792,4,14,6,-238.47,238.47,Expense,Failed,1,0
294,TXN-000294,20240831,24,991,10,,4,13895.76,13895.76,Income,Completed,1,1
295,TXN-000295,20240706,430,919,20,,6,9014.8,9014.8,Income,Completed,0,0
296,TXN-000296,20220413,683,145,14,,3,-543.5,543.5,Transfer,Completed,0,0
297,TXN-000297,20241005,61,622,1,7,4,-159.17,159.17,Expense,Failed,0,0
298,TXN-000298,20240325,340,36,20,,3,3834.79,3834.79,Income,Completed,0,0
299,TXN-000299,20221209,510,551,4,2,6,-321.28,321.28,Expense,Completed,0,0
300,TXN-000300,20220606,51,429,16,9,5,-380.93,380.93,Expense,Completed,0,1
301,TXN-000301,20240915,590,364,6,8,7,-53.74,53.74,Expense,Completed,0,0
302,TXN-000302,20230309,623,63,7,20,7,-404.27,404.27,Expense,Completed,0,0
303,TXN-000303,20220427,206,8,2,1,2,-1424.27,1424.27,Expense,Pending,0,1
304,TXN-000304,20220413,198,151,16,2,7,-248.73,248.73,Expense,Pending,0,1
305,TXN-000305,20240325,482,230,3,18,1,-395.82,395.82,Expense,Failed,0,1
306,TXN-000306,20231016,323,175,20,,3,8567.13,8567.13,Income,Failed,0,0
307,TXN-000307,20220630,75,250,10,,4,9337.63,9337.63,Income,Completed,0,1
308,TXN-000308,20240904,470,506,3,18,7,-362.25,362.25,Expense,Completed,0,1
309,TXN-000309,20240204,550,152,14,,3,-3041.25,3041.25,Transfer,Completed,0,0
310,TXN-000310,20230411,260,567,7,4,3,-216.7,216.7,Expense,Completed,0,0
311,TXN-000311,20241227,301,853,10,,1,7817.59,7817.59,Income,Completed,0,1
312,TXN-000312,20220213,532,798,14,,3,-2549.97,2549.97,Transfer,Completed,0,0
313,TXN-000313,20230928,320,330,16,4,3,-412.06,412.06,Expense,Completed,1,1
314,TXN-000314,20230731,730,427,1,15,1,-21.93,21.93,Expense,Completed,0,0
315,TXN-000315,20241128,308,339,10,,4,6224.79,6224.79,Income,Completed,0,1
316,TXN-000316,20220811,526,240,2,11,3,-1621.21,1621.21,Expense,Completed,1,1
317,TXN-000317,20220312,798,293,1,1,7,-127.47,127.47,Expense,Completed,0,0
318,TXN-000318,20221207,357,133,20,,5,2946.38,2946.38,Income,Completed,0,0
319,TXN-000319,20230206,279,838,7,18,2,-452.56,452.56,Expense,Completed,0,0
320,TXN-000320,20241221,110,105,1,14,3,-352.62,352.62,Expense,Completed,0,0
321,TXN-000321,20240816,418,453,2,18,4,-2544.29,2544.29,Expense,Completed,0,1
322,TXN-000322,20220821,683,145,10,,6,11562.11,11562.11,Income,Pending,0,1
323,TXN-000323,20220514,418,92,4,20,2,-63.79,63.79,Expense,Completed,0,0
324,TXN-000324,20220923,582,485,6,1,1,-60.3,60.3,Expense,Completed,0,0
325,TXN-000325,20220205,332,756,8,18,7,-153.33,153.33,Expense,Completed,0,0
326,TXN-000326,20231111,680,400,17,2,7,-88.45,88.45,Expense,Completed,0,1
327,TXN-000327,20230211,333,911,1,9,6,-189.54,189.54,Expense,Completed,0,0
328,TXN-000328,20240111,477,388,20,,3,874.87,874.87,Income,Completed,0,0
329,TXN-000329,20231109,747,988,5,20,6,-112.21,112.21,Expense,Completed,0,0
330,TXN-000330,20240521,82,869,7,19,5,-105.14,105.14,Expense,Completed,0,0
331,TXN-000331,20241030,462,757,1,9,5,-158.73,158.73,Expense,Completed,0,0
332,TXN-000332,20220627,471,437,8,13,6,-275.23,275.23,Expense,Completed,0,0
333,TXN-000333,20240622,480,989,6,12,1,-119.68,119.68,Expense,Completed,0,0
334,TXN-000334,20221218,736,778,18,10,7,-1932.17,1932.17,Expense,Completed,0,0
335,TXN-000335,20240821,249,508,9,20,2,-12.89,12.89,Expense,Completed,0,0
336,TXN-000336,20240107,393,707,16,5,7,-334.01,334.01,Expense,Completed,0,1
337,TXN-000337,20230514,484,664,6,4,5,-48.02,48.02,Expense,Completed,0,0
338,TXN-000338,20220705,731,564,13,,7,1483.08,1483.08,Transfer,Completed,0,0
339,TXN-000339,20240219,161,844,1,1,6,-123.45,123.45,Expense,Pending,0,0
340,TXN-000340,20240315,608,968,4,8,7,-10.53,10.53,Expense,Completed,0,0
341,TXN-000341,20241206,288,114,9,5,7,-330.85,330.85,Expense,Pending,0,0
342,TXN-000342,20220107,439,861,1,4,6,-276.79,276.79,Expense,Pending,0,0
343,TXN-000343,20240117,207,640,3,6,6,-326.19,326.19,Expense,Completed,0,1
344,TXN-000344,20231125,129,692,9,16,6,-128.28,128.28,Expense,Completed,0,0
345,TXN-000345,20240401,64,694,14,,5,-2899.82,2899.82,Transfer,Completed,0,0
346,TXN-000346,20240514,605,136,1,15,4,-242.67,242.67,Expense,Completed,0,0
347,TXN-000347,20241019,763,748,6,13,2,-131.21,131.21,Expense,Completed,0,0
348,TXN-000348,20220320,387,219,2,7,4,-932.72,932.72,Expense,Completed,0,1
349,TXN-000349,20230607,629,87,10,,7,13679.96,13679.96,Income,Completed,0,1
350,TXN-000350,20230125,315,348,19,7,1,-286.16,286.16,Expense,Failed,0,0
351,TXN-000351,20240419,51,755,16,17,2,-36.28,36.28,Expense,Completed,0,1
352,TXN-000352,20221201,64,478,8,3,3,-397.64,397.64,Expense,Reversed,0,0
353,TXN-000353,20240106,11,872,19,13,3,-198.36,198.36,Expense,Completed,0,0
354,TXN-000354,20221106,740,190,10,,1,8750.42,8750.42,Income,Completed,0,1
355,TXN-000355,20240325,502,651,7,1,4,-98.53,98.53,Expense,Completed,0,0
356,TXN-000356,20241125,586,360,1,3,1,-275.82,275.82,Expense,Completed,0,0
357,TXN-000357,20231126,399,764,1,2,1,-76.99,76.99,Expense,Completed,0,0
358,TXN-000358,20220608,392,882,5,13,2,-54.44,54.44,Expense,Completed,0,0
359,TXN-000359,20230514,313,369,15,17,4,-397.0,397.0,Expense,Completed,0,1
360,TXN-000360,20240302,206,138,1,14,4,-448.94,448.94,Expense,Pending,0,0
361,TXN-000361,20240506,537,850,15,5,7,-1221.89,1221.89,Expense,Completed,0,1
362,TXN-000362,20240202,414,298,13,,4,2618.47,2618.47,Transfer,Completed,0,0
363,TXN-000363,20231205,633,560,2,14,2,-2946.83,2946.83,Expense,Reversed,0,1
364,TXN-000364,20240623,629,87,1,5,7,-486.63,486.63,Expense,Completed,1,0
365,TXN-000365,20220828,109,938,3,11,6,-282.12,282.12,Expense,Completed,0,1
366,TXN-000366,20220722,290,596,15,6,3,-1964.0,1964.0,Expense,Completed,0,1
367,TXN-000367,20230916,265,936,1,12,5,-473.07,473.07,Expense,Completed,0,0
368,TXN-000368,20240519,288,594,13,,7,1948.75,1948.75,Transfer,Completed,0,0
369,TXN-000369,20231206,722,288,5,15,5,-93.18,93.18,Expense,Completed,0,0
370,TXN-000370,20220328,558,617,10,,7,2725.48,2725.48,Income,Completed,1,1
371,TXN-000371,20240822,508,810,11,,5,390.91,390.91,Income,Completed,0,0
372,TXN-000372,20230126,79,535,5,16,3,-142.38,142.38,Expense,Completed,0,0
373,TXN-000373,20220930,424,697,7,10,5,-77.81,77.81,Expense,Completed,0,0
374,TXN-000374,20240126,490,262,1,18,4,-243.17,243.17,Expense,Completed,0,0
375,TXN-000375,20231220,186,987,3,15,2,-267.89,267.89,Expense,Completed,0,1
376,TXN-000376,20220326,328,334,9,18,6,-335.14,335.14,Expense,Completed,0,0
377,TXN-000377,20220723,797,634,6,10,6,-133.68,133.68,Expense,Completed,0,0
378,TXN-000378,20240924,28,981,5,6,7,-124.75,124.75,Expense,Completed,0,0
379,TXN-000379,20220712,751,409,13,,7,4045.22,4045.22,Transfer,Completed,0,0
380,TXN-000380,20240514,85,760,10,,6,1950.04,1950.04,Income,Completed,0,1
381,TXN-000381,20220928,499,292,17,3,5,-36.65,36.65,Expense,Failed,0,1
382,TXN-000382,20221025,290,605,4,8,5,-27.22,27.22,Expense,Completed,0,0
383,TXN-000383,20220709,377,68,20,,6,7088.48,7088.48,Income,Completed,1,0
384,TXN-000384,20240427,14,408,10,,4,7174.85,7174.85,Income,Completed,0,1
385,TXN-000385,20230902,390,994,14,,7,-4241.03,4241.03,Transfer,Completed,0,0
386,TXN-000386,20230628,598,356,17,9,2,-87.99,87.99,Expense,Completed,0,1
387,TXN-000387,20240806,288,927,8,2,4,-359.72,359.72,Expense,Completed,0,0
388,TXN-000388,20231029,5,672,16,18,4,-77.23,77.23,Expense,Completed,0,1
389,TXN-000389,20221231,453,445,3,3,3,-276.03,276.03,Expense,Completed,0,1
390,TXN-000390,20230815,680,274,4,15,7,-73.08,73.08,Expense,Completed,1,0
391,TXN-000391,20220212,787,163,3,18,5,-108.1,108.1,Expense,Failed,0,1
392,TXN-000392,20230130,308,442,15,17,7,-1349.4,1349.4,Expense,Completed,0,1
393,TXN-000393,20241020,598,356,13,,1,1527.38,1527.38,Transfer,Completed,0,0
394,TXN-000394,20221017,684,826,2,8,3,-2619.32,2619.32,Expense,Pending,1,1
395,TXN-000395,20220521,569,72,14,,2,-3159.84,3159.84,Transfer,Completed,1,0
396,TXN-000396,20230425,61,144,13,,4,1364.94,1364.94,Transfer,Completed,0,0
397,TXN-000397,20230625,395,169,10,,5,5647.63,5647.63,Income,Completed,0,1
398,TXN-000398,20220405,718,41,10,,1,1678.17,1678.17,Income,Completed,0,1
399,TXN-000399,20230106,236,807,14,,5,-1261.45,1261.45,Transfer,Completed,0,0
400,TXN-000400,20240109,178,613,17,2,7,-107.72,107.72,Expense,Completed,0,1
401,TXN-000401,20221204,722,101,1,12,6,-279.56,279.56,Expense,Completed,0,0
402,TXN-000402,20240628,768,620,8,1,4,-451.22,451.22,Expense,Completed,0,0
403,TXN-000403,20220221,272,921,2,19,3,-1096.73,1096.73,Expense,Completed,0,1
404,TXN-000404,20240810,645,480,20,,7,9083.53,9083.53,Income,Completed,0,0
405,TXN-000405,20231114,231,889,5,3,7,-58.81,58.81,Expense,Completed,0,0
406,TXN-000406,20230116,348,116,12,,2,97.67,97.67,Income,Completed,0,0
407,TXN-000407,20240803,622,906,10,,6,4681.59,4681.59,Income,Completed,0,1
408,TXN-000408,20220430,258,526,6,12,7,-83.45,83.45,Expense,Completed,0,0
409,TXN-000409,20220325,582,485,14,,6,-2454.73,2454.73,Transfer,Completed,0,0
410,TXN-000410,20221129,551,16,4,15,4,-42.95,42.95,Expense,Completed,0,0
411,TXN-000411,20220827,109,938,15,15,1,-1996.22,1996.22,Expense,Completed,0,1
412,TXN-000412,20240830,60,645,4,18,6,-75.66,75.66,Expense,Completed,0,0
413,TXN-000413,20240618,355,886,13,,7,594.94,594.94,Transfer,Completed,0,0
414,TXN-000414,20230901,390,994,2,2,1,-916.89,916.89,Expense,Completed,0,1
415,TXN-000415,20220125,442,776,3,19,5,-306.88,306.88,Expense,Completed,1,1
416,TXN-000416,20230601,600,788,1,19,3,-361.16,361.16,Expense,Completed,0,0
417,TXN-000417,20240315,361,425,8,20,6,-175.59,175.59,Expense,Failed,0,0
418,TXN-000418,20220710,650,419,7,19,4,-158.29,158.29,Expense,Completed,0,0
419,TXN-000419,20241204,613,669,1,11,4,-284.19,284.19,Expense,Reversed,0,0
420,TXN-000420,20230825,530,382,10,,7,6131.81,6131.81,Income,Completed,0,1
421,TXN-000421,20220403,379,426,10,,2,9577.28,9577.28,Income,Completed,0,1
422,TXN-000422,20230619,486,823,4,5,4,-447.7,447.7,Expense,Completed,0,0
423,TXN-000423,20240125,127,971,5,8,3,-71.14,71.14,Expense,Completed,1,0
424,TXN-000424,20241204,50,808,5,15,2,-142.58,142.58,Expense,Completed,0,0
425,TXN-000425,20240923,422,842,10,,5,6049.41,6049.41,Income,Completed,0,1
426,TXN-000426,20221016,15,631,6,8,7,-37.32,37.32,Expense,Completed,0,0
427,TXN-000427,20220902,748,14,16,18,6,-234.99,234.99,Expense,Completed,0,1
428,TXN-000428,20240207,453,129,1,10,4,-225.28,225.28,Expense,Completed,0,0
429,TXN-000429,20220908,338,86,12,,7,2992.32,2992.32,Income,Failed,0,0
430,TXN-000430,20220122,39,815,11,,3,16.4,16.4,Income,Completed,0,0
431,TXN-000431,20231229,419,722,1,5,6,-323.35,323.35,Expense,Completed,0,0
432,TXN-000432,20240503,618,52,3,19,5,-173.21,173.21,Expense,Completed,0,1
433,TXN-000433,20240901,451,457,4,15,5,-39.86,39.86,Expense,Completed,0,0
434,TXN-000434,20220111,511,950,2,16,7,-1865.05,1865.05,Expense,Completed,0,1
435,TXN-000435,20241213,121,470,2,10,3,-1321.45,1321.45,Expense,Pending,0,1
436,TXN-000436,20230620,746,805,8,10,3,-62.48,62.48,Expense,Completed,0,0
437,TXN-000437,20221020,533,674,4,8,7,-360.0,360.0,Expense,Completed,0,0
438,TXN-000438,20240822,419,477,11,,1,220.26,220.26,Income,Completed,0,0
439,TXN-000439,20230616,751,409,13,,7,1315.3,1315.3,Transfer,Failed,0,0
440,TXN-000440,20230114,693,475,14,,3,-3487.09,3487.09,Transfer,Completed,0,0
441,TXN-000441,20241229,451,457,5,20,6,-84.63,84.63,Expense,Completed,0,0
442,TXN-000442,20230309,268,459,3,14,6,-414.36,414.36,Expense,Completed,0,1
443,TXN-000443,20240205,652,885,9,20,6,-32.46,32.46,Expense,Completed,0,0
444,TXN-000444,20221022,418,453,10,,2,12872.16,12872.16,Income,Pending,1,1
445,TXN-000445,20220616,569,72,1,17,4,-69.23,69.23,Expense,Pending,0,0
446,TXN-000446,20231215,206,138,19,14,3,-211.55,211.55,Expense,Completed,0,0
447,TXN-000447,20241126,692,392,14,,2,-738.17,738.17,Transfer,Pending,0,0
448,TXN-000448,20240604,227,396,14,,3,-2868.43,2868.43,Transfer,Pending,0,0
449,TXN-000449,20230410,279,154,20,,6,8023.18,8023.18,Income,Completed,0,0
450,TXN-000450,20240323,94,552,14,,3,-4333.7,4333.7,Transfer,Completed,1,0
451,TXN-000451,20240523,604,910,18,13,7,-729.7,729.7,Expense,Completed,1,0
452,TXN-000452,20220716,87,839,10,,1,12650.3,12650.3,Income,Failed,0,1
453,TXN-000453,20220131,76,373,15,18,1,-848.01,848.01,Expense,Completed,0,1
454,TXN-000454,20220217,792,414,20,,5,2882.21,2882.21,Income,Completed,0,0
455,TXN-000455,20240201,37,444,1,6,4,-135.1,135.1,Expense,Completed,0,0
456,TXN-000456,20231020,19,180,20,,7,8257.37,8257.37,Income,Completed,0,0
457,TXN-000457,20231113,410,135,7,5,6,-27.45,27.45,Expense,Completed,0,0
458,TXN-000458,20230616,497,471,4,12,2,-401.72,401.72,Expense,Completed,0,0
459,TXN-000459,20221228,766,167,10,,6,13342.25,13342.25,Income,Completed,0,1
460,TXN-000460,20241018,564,119,4,12,3,-334.88,334.88,Expense,Pending,0,0
461,TXN-000461,20220609,385,758,2,7,7,-1917.72,1917.72,Expense,Failed,0,1
462,TXN-000462,20230217,314,743,6,7,4,-50.26,50.26,Expense,Completed,0,0
463,TXN-000463,20240412,112,896,4,2,2,-226.57,226.57,Expense,Completed,0,0
464,TXN-000464,20230116,226,626,4,8,7,-121.16,121.16,Expense,Completed,0,0
465,TXN-000465,20241225,498,891,14,,5,-533.58,533.58,Transfer,Completed,0,0
466,TXN-000466,20230602,379,384,19,18,7,-136.25,136.25,Expense,Pending,0,0
467,TXN-000467,20230823,519,655,2,16,5,-2520.21,2520.21,Expense,Pending,0,1
468,TXN-000468,20220928,229,340,17,8,4,-37.12,37.12,Expense,Completed,0,1
469,TXN-000469,20221013,548,365,5,12,3,-80.85,80.85,Expense,Completed,0,0
470,TXN-000470,20230209,318,112,13,,7,2724.12,2724.12,Transfer,Completed,0,0
471,TXN-000471,20231108,419,722,10,,3,13052.54,13052.54,Income,Completed,0,1
472,TXN-000472,20240608,506,824,14,,2,-1939.64,1939.64,Transfer,Completed,0,0
473,TXN-000473,20240622,472,212,13,,4,1568.72,1568.72,Transfer,Completed,0,0
474,TXN-000474,20230804,482,230,10,,2,6997.29,6997.29,Income,Failed,0,1
475,TXN-000475,20220815,596,290,3,3,5,-325.9,325.9,Expense,Completed,0,1
476,TXN-000476,20231009,427,520,1,3,1,-458.62,458.62,Expense,Failed,0,0
477,TXN-000477,20221119,777,62,15,6,3,-1977.79,1977.79,Expense,Completed,0,1
478,TXN-000478,20241023,460,612,11,,7,412.91,412.91,Income,Completed,0,0
479,TXN-000479,20240224,701,747,15,16,3,-528.21,528.21,Expense,Completed,0,1
480,TXN-000480,20240812,387,219,13,,6,348.08,348.08,Transfer,Completed,0,0
481,TXN-000481,20220218,784,140,18,9,1,-2299.77,2299.77,Expense,Completed,0,0
482,TXN-000482,20240514,392,882,19,5,1,-343.19,343.19,Expense,Completed,0,0
483,TXN-000483,20230711,786,74,9,13,7,-101.35,101.35,Expense,Completed,0,0
484,TXN-000484,20230614,122,280,1,4,7,-203.04,203.04,Expense,Completed,0,0
485,TXN-000485,20241211,190,970,8,8,6,-132.46,132.46,Expense,Completed,0,0
486,TXN-000486,20231123,231,889,10,,5,8352.47,8352.47,Income,Completed,0,1
487,TXN-000487,20220413,680,400,12,,3,635.67,635.67,Income,Completed,0,0
488,TXN-000488,20220613,31,955,8,5,2,-475.72,475.72,Expense,Pending,0,0
489,TXN-000489,20230823,151,855,16,9,1,-130.31,130.31,Expense,Completed,0,1
490,TXN-000490,20240119,600,741,10,,6,6335.54,6335.54,Income,Completed,0,1
491,TXN-000491,20221018,403,717,4,10,4,-154.71,154.71,Expense,Completed,0,0
492,TXN-000492,20231216,390,272,13,,3,3904.49,3904.49,Transfer,Completed,0,0
493,TXN-000493,20220121,563,266,5,5,7,-122.7,122.7,Expense,Completed,0,0
494,TXN-000494,20220816,675,245,16,13,6,-163.19,163.19,Expense,Completed,0,1
495,TXN-000495,20220719,318,112,5,15,1,-33.62,33.62,Expense,Completed,0,0
496,TXN-000496,20230527,90,618,13,,3,1248.84,1248.84,Transfer,Completed,0,0
497,TXN-000497,20230527,274,185,6,14,6,-118.88,118.88,Expense,Completed,0,0
498,TXN-000498,20220120,490,262,5,10,7,-33.9,33.9,Expense,Completed,0,0
499,TXN-000499,20230901,717,944,4,10,6,-34.65,34.65,Expense,Failed,0,0
500,TXN-000500,20230510,444,160,12,,6,2416.09,2416.09,Income,Completed,0,0
501,TXN-000501,20240123,40,81,1,19,4,-385.12,385.12,Expense,Pending,0,0
502,TXN-000502,20231204,163,986,2,10,3,-709.84,709.84,Expense,Completed,0,1
503,TXN-000503,20220417,271,179,2,9,7,-2940.83,2940.83,Expense,Completed,0,1
504,TXN-000504,20230414,560,901,16,13,5,-365.4,365.4,Expense,Pending,0,1
505,TXN-000505,20230516,431,106,18,16,4,-2141.06,2141.06,Expense,Pending,0,0
506,TXN-000506,20240630,754,270,3,14,1,-27.61,27.61,Expense,Pending,0,1
507,TXN-000507,20231020,490,262,4,14,2,-156.31,156.31,Expense,Pending,0,0
508,TXN-000508,20231226,83,368,3,9,3,-70.93,70.93,Expense,Completed,0,1
509,TXN-000509,20240815,418,453,6,10,2,-141.64,141.64,Expense,Completed,0,0
510,TXN-000510,20220320,435,653,12,,4,1660.97,1660.97,Income,Completed,0,0
511,TXN-000511,20231219,35,965,16,3,1,-78.2,78.2,Expense,Completed,0,1
512,TXN-000512,20221019,486,252,7,7,3,-410.01,410.01,Expense,Completed,0,0
513,TXN-000513,20220508,427,520,12,,2,2972.84,2972.84,Income,Completed,0,0
514,TXN-000514,20220425,597,995,4,13,7,-403.49,403.49,Expense,Completed,0,0
515,TXN-000515,20241220,437,658,5,17,6,-87.21,87.21,Expense,Completed,0,0
516,TXN-000516,20220209,675,858,5,17,5,-83.01,83.01,Expense,Completed,1,0
517,TXN-000517,20240407,708,150,10,,3,12512.9,12512.9,Income,Completed,0,1
518,TXN-000518,20241203,174,342,9,3,1,-162.74,162.74,Expense,Completed,0,0
519,TXN-000519,20231016,389,737,12,,5,204.05,204.05,Income,Completed,0,0
520,TXN-000520,20221218,687,107,3,7,6,-445.04,445.04,Expense,Completed,0,1
521,TXN-000521,20240517,453,129,7,15,6,-295.49,295.49,Expense,Completed,0,0
522,TXN-000522,20231003,565,689,10,,4,3969.97,3969.97,Income,Pending,0,1
523,TXN-000523,20230718,570,728,20,,1,1744.51,1744.51,Income,Pending,0,0
524,TXN-000524,20220918,703,198,16,4,6,-139.63,139.63,Expense,Pending,0,1
525,TXN-000525,20241006,150,701,3,17,6,-27.12,27.12,Expense,Completed,0,1
526,TXN-000526,20240915,486,46,12,,2,2314.62,2314.62,Income,Completed,0,0
527,TXN-000527,20240425,19,516,10,,4,7810.14,7810.14,Income,Pending,0,1
528,TXN-000528,20230505,275,132,13,,5,4023.77,4023.77,Transfer,Completed,0,0
529,TXN-000529,20230501,699,468,14,,4,-2543.76,2543.76,Transfer,Completed,0,0
530,TXN-000530,20241026,40,81,13,,6,983.9,983.9,Transfer,Completed,0,0
531,TXN-000531,20231226,605,200,11,,6,365.48,365.48,Income,Completed,0,0
532,TXN-000532,20220506,462,513,1,17,7,-406.24,406.24,Expense,Completed,0,0
533,TXN-000533,20220531,545,775,7,17,5,-282.93,282.93,Expense,Completed,0,0
534,TXN-000534,20240312,479,700,13,,1,4886.54,4886.54,Transfer,Completed,0,0
535,TXN-000535,20221208,751,852,9,16,4,-366.22,366.22,Expense,Completed,0,0
536,TXN-000536,20230601,310,142,10,,3,2539.91,2539.91,Income,Completed,0,1
537,TXN-000537,20220816,553,693,7,9,7,-283.57,283.57,Expense,Completed,0,0
538,TXN-000538,20220118,720,696,15,13,2,-1464.42,1464.42,Expense,Completed,1,1
539,TXN-000539,20220201,159,372,1,4,6,-199.79,199.79,Expense,Completed,0,0
540,TXN-000540,20230628,487,207,5,5,2,-82.01,82.01,Expense,Completed,0,0
541,TXN-000541,20240802,395,89,15,14,2,-742.31,742.31,Expense,Completed,0,1
542,TXN-000542,20220803,733,121,7,17,1,-82.56,82.56,Expense,Pending,0,0
543,TXN-000543,20230927,608,968,7,14,7,-203.65,203.65,Expense,Completed,0,0
544,TXN-000544,20230703,770,320,10,,4,9731.32,9731.32,Income,Completed,0,1
545,TXN-000545,20240405,319,841,14,,2,-1847.58,1847.58,Transfer,Completed,0,0
546,TXN-000546,20230706,258,526,13,,4,324.42,324.42,Transfer,Completed,0,0
547,TXN-000547,20221202,76,373,15,12,7,-1184.32,1184.32,Expense,Completed,0,1
548,TXN-000548,20231213,698,206,13,,4,3870.7,3870.7,Transfer,Pending,0,0
549,TXN-000549,20230424,600,788,11,,7,489.02,489.02,Income,Completed,0,0
550,TXN-000550,20240105,600,741,8,15,5,-381.35,381.35,Expense,Completed,0,0
551,TXN-000551,20230219,371,127,10,,3,8965.69,8965.69,Income,Failed,0,1
552,TXN-000552,20241206,718,641,11,,6,186.69,186.69,Income,Reversed,0,0
553,TXN-000553,20230119,668,597,4,8,2,-161.79,161.79,Expense,Completed,0,0
554,TXN-000554,20221011,798,293,3,20,2,-151.39,151.39,Expense,Pending,0,1
555,TXN-000555,20231111,611,934,10,,2,14552.1,14552.1,Income,Completed,0,1
556,TXN-000556,20221231,619,42,15,18,2,-1808.5,1808.5,Expense,Pending,0,1
557,TXN-000557,20221210,371,436,10,,4,7319.78,7319.78,Income,Completed,0,1
558,TXN-000558,20240125,264,514,11,,4,118.51,118.51,Income,Pending,0,0
559,TXN-000559,20220923,221,1,8,15,7,-138.2,138.2,Expense,Completed,0,0
560,TXN-000560,20231026,623,63,4,19,3,-475.34,475.34,Expense,Completed,0,0
561,TXN-000561,20240717,128,196,13,,1,1676.19,1676.19,Transfer,Completed,0,0
562,TXN-000562,20230207,759,708,7,7,1,-345.38,345.38,Expense,Completed,0,0
563,TXN-000563,20220301,749,406,20,,5,7554.75,7554.75,Income,Completed,0,0
564,TXN-000564,20221111,629,87,17,17,5,-78.08,78.08,Expense,Pending,0,1
565,TXN-000565,20230324,226,626,10,,5,11681.62,11681.62,Income,Completed,0,1
566,TXN-000566,20220831,289,982,10,,4,10842.56,10842.56,Income,Completed,0,1
567,TXN-000567,20221029,48,711,7,4,3,-191.26,191.26,Expense,Completed,0,0
568,TXN-000568,20240813,508,816,1,8,4,-437.0,437.0,Expense,Pending,0,0
569,TXN-000569,20240801,221,1,16,10,3,-180.32,180.32,Expense,Completed,0,1
570,TXN-000570,20241224,408,311,20,,1,3272.1,3272.1,Income,Completed,0,0
571,TXN-000571,20241208,77,969,4,1,7,-189.88,189.88,Expense,Completed,0,0
572,TXN-000572,20230412,628,589,18,13,3,-2277.72,2277.72,Expense,Completed,0,0
573,TXN-000573,20220325,145,577,1,4,7,-435.22,435.22,Expense,Completed,0,0
574,TXN-000574,20221024,137,134,14,,7,-998.92,998.92,Transfer,Failed,0,0
575,TXN-000575,20240410,408,311,3,6,6,-158.13,158.13,Expense,Completed,0,1
576,TXN-000576,20230620,587,888,11,,5,262.07,262.07,Income,Completed,0,0
577,TXN-000577,20230404,787,163,20,,5,734.52,734.52,Income,Completed,0,0
578,TXN-000578,20220919,72,736,10,,1,3820.66,3820.66,Income,Completed,0,1
579,TXN-000579,20220310,288,812,1,11,1,-129.62,129.62,Expense,Completed,0,0
580,TXN-000580,20230517,650,770,7,19,5,-146.62,146.62,Expense,Completed,0,0
581,TXN-000581,20220119,571,977,8,5,4,-62.06,62.06,Expense,Completed,0,0
582,TXN-000582,20240421,711,221,13,,3,4125.26,4125.26,Transfer,Completed,0,0
583,TXN-000583,20231108,475,702,5,8,5,-48.39,48.39,Expense,Completed,0,0
584,TXN-000584,20241112,472,73,7,7,5,-336.46,336.46,Expense,Completed,0,0
585,TXN-000585,20230727,553,693,20,,5,3742.22,3742.22,Income,Failed,0,0
586,TXN-000586,20230812,616,44,3,9,1,-79.04,79.04,Expense,Completed,0,1
587,TXN-000587,20240418,613,669,11,,4,203.84,203.84,Income,Completed,0,0
588,TXN-000588,20241123,331,118,4,19,1,-240.4,240.4,Expense,Failed,0,0
589,TXN-000589,20220916,205,156,1,9,6,-404.57,404.57,Expense,Completed,0,0
590,TXN-000590,20220528,288,114,5,17,7,-22.13,22.13,Expense,Failed,0,0
591,TXN-000591,20221020,187,416,7,15,7,-115.38,115.38,Expense,Completed,0,0
592,TXN-000592,20221119,19,516,12,,3,1513.52,1513.52,Income,Completed,0,0
593,TXN-000593,20221231,19,516,14,,3,-1541.92,1541.92,Transfer,Completed,0,0
594,TXN-000594,20231201,269,304,18,10,7,-1178.34,1178.34,Expense,Completed,0,0
595,TXN-000595,20230706,662,233,5,10,3,-144.55,144.55,Expense,Completed,0,0
596,TXN-000596,20230702,453,129,10,,2,7767.05,7767.05,Income,Completed,1,1
597,TXN-000597,20220420,298,559,11,,7,172.02,172.02,Income,Completed,0,0
598,TXN-000598,20230428,392,882,13,,6,4859.31,4859.31,Transfer,Completed,0,0
599,TXN-000599,20240422,600,610,11,,7,454.78,454.78,Income,Completed,0,0
600,TXN-000600,20241114,761,322,17,12,2,-77.67,77.67,Expense,Completed,0,1
601,TXN-000601,20220823,522,126,15,10,7,-294.41,294.41,Expense,Completed,0,1
602,TXN-000602,20230530,463,817,5,11,7,-105.09,105.09,Expense,Completed,0,0
603,TXN-000603,20230324,717,944,14,,1,-2784.88,2784.88,Transfer,Completed,0,0
604,TXN-000604,20240808,366,797,11,,2,286.51,286.51,Income,Failed,0,0
605,TXN-000605,20241114,567,197,5,5,4,-5.5,5.5,Expense,Completed,0,0
606,TXN-000606,20220901,61,622,13,,4,4502.88,4502.88,Transfer,Completed,0,0
607,TXN-000607,20230912,136,56,13,,7,1017.81,1017.81,Transfer,Completed,0,0
608,TXN-000608,20241019,97,997,10,,3,9821.07,9821.07,Income,Completed,0,1
609,TXN-000609,20221028,503,123,13,,1,122.63,122.63,Transfer,Completed,0,0
610,TXN-000610,20240325,141,993,3,7,7,-48.21,48.21,Expense,Completed,0,1
611,TXN-000611,20240715,663,326,4,6,7,-283.86,283.86,Expense,Failed,0,0
612,TXN-000612,20221230,132,229,3,14,1,-352.29,352.29,Expense,Completed,0,1
613,TXN-000613,20230806,280,811,13,,4,2873.32,2873.32,Transfer,Reversed,0,0
614,TXN-000614,20230513,425,550,7,17,5,-397.99,397.99,Expense,Failed,0,0
615,TXN-000615,20220829,5,672,3,9,6,-75.84,75.84,Expense,Completed,0,1
616,TXN-000616,20230315,425,550,18,17,1,-2732.74,2732.74,Expense,Completed,0,0
617,TXN-000617,20230420,650,739,9,2,2,-79.56,79.56,Expense,Completed,0,0
618,TXN-000618,20220809,782,28,14,,1,-2093.8,2093.8,Transfer,Completed,0,0
619,TXN-000619,20220104,795,835,1,8,3,-291.56,291.56,Expense,Completed,1,0
620,TXN-000620,20241114,600,544,13,,7,3474.54,3474.54,Transfer,Pending,0,0
621,TXN-000621,20220804,514,390,17,10,2,-24.39,24.39,Expense,Completed,0,1
622,TXN-000622,20230201,324,926,2,14,5,-1927.23,1927.23,Expense,Completed,0,1
623,TXN-000623,20241219,656,18,1,11,7,-203.93,203.93,Expense,Completed,0,0
624,TXN-000624,20231205,73,7,10,,3,6002.93,6002.93,Income,Completed,0,1
625,TXN-000625,20220331,6,387,19,3,4,-201.68,201.68,Expense,Completed,0,0
626,TXN-000626,20240120,498,891,9,10,5,-60.43,60.43,Expense,Failed,0,0
627,TXN-000627,20220918,644,533,12,,6,1269.67,1269.67,Income,Completed,0,0
628,TXN-000628,20231229,289,982,8,2,1,-94.53,94.53,Expense,Reversed,0,0
629,TXN-000629,20220610,613,601,4,16,5,-136.83,136.83,Expense,Completed,0,0
630,TXN-000630,20220930,680,401,4,11,6,-123.12,123.12,Expense,Completed,0,0
631,TXN-000631,20230409,782,28,10,,5,3549.95,3549.95,Income,Completed,1,1
632,TXN-000632,20240820,324,926,16,16,5,-66.07,66.07,Expense,Completed,0,1
633,TXN-000633,20230718,701,747,12,,5,4007.83,4007.83,Income,Completed,0,0
634,TXN-000634,20230422,703,496,17,11,6,-71.66,71.66,Expense,Completed,0,1
635,TXN-000635,20230917,217,376,10,,6,13460.56,13460.56,Income,Completed,0,1
636,TXN-000636,20240613,220,846,14,,7,-1571.07,1571.07,Transfer,Pending,0,0
637,TXN-000637,20221021,332,756,5,6,7,-132.99,132.99,Expense,Completed,0,0
638,TXN-000638,20230223,798,269,3,8,7,-493.13,493.13,Expense,Completed,0,1
639,TXN-000639,20221007,666,779,3,12,7,-348.52,348.52,Expense,Completed,0,1
640,TXN-000640,20230224,390,994,6,18,5,-53.38,53.38,Expense,Completed,0,0
641,TXN-000641,20220702,491,47,2,5,4,-2378.88,2378.88,Expense,Completed,0,1
642,TXN-000642,20220728,751,409,20,,1,6956.93,6956.93,Income,Completed,0,0
643,TXN-000643,20220810,699,468,2,19,3,-710.09,710.09,Expense,Completed,0,1
644,TXN-000644,20220813,640,335,8,7,5,-308.26,308.26,Expense,Completed,0,0
645,TXN-000645,20241212,214,900,14,,5,-3374.09,3374.09,Transfer,Reversed,0,0
646,TXN-000646,20240211,336,892,20,,7,6561.07,6561.07,Income,Completed,0,0
647,TXN-000647,20221218,540,598,2,16,7,-2331.07,2331.07,Expense,Completed,0,1
648,TXN-000648,20230710,543,963,3,16,3,-240.07,240.07,Expense,Completed,0,1
649,TXN-000649,20240801,787,417,16,2,6,-403.78,403.78,Expense,Completed,0,1
650,TXN-000650,20230711,297,562,4,2,4,-121.52,121.52,Expense,Failed,0,0
651,TXN-000651,20231108,731,564,3,11,4,-232.49,232.49,Expense,Completed,0,1
652,TXN-000652,20230126,753,507,4,5,1,-352.32,352.32,Expense,Reversed,0,0
653,TXN-000653,20220126,462,757,6,17,2,-73.56,73.56,Expense,Completed,0,0
654,TXN-000654,20220815,506,635,12,,7,4960.26,4960.26,Income,Completed,0,0
655,TXN-000655,20220929,393,707,11,,3,173.2,173.2,Income,Completed,0,0
656,TXN-000656,20220725,11,872,11,,6,449.71,449.71,Income,Pending,0,0
657,TXN-000657,20230505,736,778,3,17,2,-224.47,224.47,Expense,Pending,0,1
658,TXN-000658,20220515,733,99,1,17,6,-485.53,485.53,Expense,Completed,0,0
659,TXN-000659,20230630,787,417,10,,1,8325.62,8325.62,Income,Completed,0,1
660,TXN-000660,20220311,268,459,3,7,2,-64.63,64.63,Expense,Completed,0,1
661,TXN-000661,20231119,440,945,2,12,1,-916.85,916.85,Expense,Pending,0,1
662,TXN-000662,20221008,275,132,13,,5,469.98,469.98,Transfer,Completed,0,0
663,TXN-000663,20231216,444,160,5,17,1,-35.52,35.52,Expense,Completed,0,0
664,TXN-000664,20220915,50,808,11,,2,206.69,206.69,Income,Completed,0,0
665,TXN-000665,20230406,213,407,5,7,3,-9.78,9.78,Expense,Completed,0,0
666,TXN-000666,20231128,567,197,8,14,4,-71.42,71.42,Expense,Completed,0,0
667,TXN-000667,20230413,35,893,9,20,7,-296.27,296.27,Expense,Completed,0,0
668,TXN-000668,20231204,480,989,12,,3,2154.44,2154.44,Income,Completed,0,0
669,TXN-000669,20230314,268,247,14,,7,-3991.01,3991.01,Transfer,Failed,0,0
670,TXN-000670,20230314,439,861,7,9,6,-409.86,409.86,Expense,Completed,0,0
671,TXN-000671,20230503,764,189,12,,1,805.04,805.04,Income,Completed,0,0
672,TXN-000672,20230224,567,197,3,3,6,-456.27,456.27,Expense,Completed,1,1
673,TXN-000673,20230421,674,32,4,8,1,-434.11,434.11,Expense,Completed,0,0
674,TXN-000674,20230522,556,582,6,3,6,-65.46,65.46,Expense,Completed,0,0
675,TXN-000675,20230206,395,89,8,7,2,-112.45,112.45,Expense,Completed,0,0
676,TXN-000676,20221017,639,315,5,17,1,-105.83,105.83,Expense,Completed,0,0
677,TXN-000677,20240222,91,786,3,5,7,-472.35,472.35,Expense,Completed,1,1
678,TXN-000678,20230531,104,933,8,14,1,-169.76,169.76,Expense,Failed,0,0
679,TXN-000679,20240527,633,308,9,11,5,-376.04,376.04,Expense,Completed,0,0
680,TXN-000680,20221031,214,556,4,9,4,-286.39,286.39,Expense,Pending,0,0
681,TXN-000681,20231005,281,611,7,14,1,-198.45,198.45,Expense,Completed,0,0
682,TXN-000682,20220216,174,284,5,14,2,-140.87,140.87,Expense,Completed,0,0
683,TXN-000683,20230502,150,701,12,,3,2329.96,2329.96,Income,Completed,0,0
684,TXN-000684,20220320,448,768,19,17,7,-98.13,98.13,Expense,Pending,0,0
685,TXN-000685,20230831,205,188,1,13,4,-140.73,140.73,Expense,Completed,0,0
686,TXN-000686,20220615,132,935,16,17,1,-494.94,494.94,Expense,Completed,0,1
687,TXN-000687,20220822,633,314,7,15,6,-243.56,243.56,Expense,Completed,0,0
688,TXN-000688,20231227,370,187,3,12,4,-25.98,25.98,Expense,Completed,0,1
689,TXN-000689,20230823,632,531,7,9,7,-38.98,38.98,Expense,Reversed,0,0
690,TXN-000690,20231110,625,649,10,,2,3256.5,3256.5,Income,Completed,0,1
691,TXN-000691,20240929,759,691,9,16,4,-94.53,94.53,Expense,Completed,0,0
692,TXN-000692,20240919,783,491,12,,3,1719.0,1719.0,Income,Completed,0,0
693,TXN-000693,20230326,322,690,6,3,1,-120.8,120.8,Expense,Pending,0,0
694,TXN-000694,20240815,486,46,8,19,5,-172.09,172.09,Expense,Completed,0,0
695,TXN-000695,20240304,212,19,1,6,5,-438.23,438.23,Expense,Completed,0,0
696,TXN-000696,20230523,570,796,5,9,7,-8.49,8.49,Expense,Failed,0,0
697,TXN-000697,20230629,588,566,10,,3,7813.42,7813.42,Income,Completed,0,1
698,TXN-000698,20241104,102,489,4,17,3,-492.94,492.94,Expense,Completed,0,0
699,TXN-000699,20230416,622,832,6,7,5,-139.16,139.16,Expense,Completed,0,0
700,TXN-000700,20241221,602,97,6,14,4,-31.88,31.88,Expense,Completed,0,0
701,TXN-000701,20241018,393,707,7,8,4,-126.0,126.0,Expense,Completed,0,0
702,TXN-000702,20240601,545,775,1,4,6,-137.09,137.09,Expense,Completed,0,0
703,TXN-000703,20230112,766,301,14,,7,-4988.52,4988.52,Transfer,Completed,0,0
704,TXN-000704,20241025,486,252,8,2,5,-411.8,411.8,Expense,Failed,0,0
705,TXN-000705,20240607,205,188,13,,6,203.41,203.41,Transfer,Failed,0,0
706,TXN-000706,20241225,270,222,1,10,5,-196.03,196.03,Expense,Completed,0,0
707,TXN-000707,20231113,405,570,13,,5,4969.29,4969.29,Transfer,Completed,0,0
708,TXN-000708,20240216,583,278,7,11,7,-94.73,94.73,Expense,Completed,0,0
709,TXN-000709,20230925,480,989,10,,1,9729.39,9729.39,Income,Pending,0,1
710,TXN-000710,20221228,733,99,4,1,7,-259.32,259.32,Expense,Completed,0,0
711,TXN-000711,20220821,100,30,5,6,1,-119.04,119.04,Expense,Completed,0,0
712,TXN-000712,20221105,777,440,8,17,5,-395.41,395.41,Expense,Completed,0,0
713,TXN-000713,20241107,83,675,13,,2,162.95,162.95,Transfer,Completed,0,0
714,TXN-000714,20220723,635,952,3,10,6,-363.92,363.92,Expense,Completed,0,1
715,TXN-000715,20230328,605,200,1,19,2,-162.4,162.4,Expense,Completed,0,0
716,TXN-000716,20240917,312,117,1,14,7,-214.09,214.09,Expense,Completed,0,0
717,TXN-000717,20241114,104,933,2,4,5,-1913.02,1913.02,Expense,Completed,0,1
718,TXN-000718,20221112,312,361,1,11,6,-141.26,141.26,Expense,Completed,0,0
719,TXN-000719,20241204,419,477,1,10,4,-354.93,354.93,Expense,Pending,0,0
720,TXN-000720,20230104,236,807,13,,1,193.19,193.19,Transfer,Completed,0,0
721,TXN-000721,20240911,109,572,1,17,6,-476.75,476.75,Expense,Completed,0,0
722,TXN-000722,20221013,211,543,7,2,1,-365.76,365.76,Expense,Completed,0,0
723,TXN-000723,20220305,392,882,16,9,3,-201.26,201.26,Expense,Completed,0,1
724,TXN-000724,20220228,474,698,17,12,1,-72.2,72.2,Expense,Completed,0,1
725,TXN-000725,20240906,645,480,2,7,6,-1486.02,1486.02,Expense,Failed,0,1
726,TXN-000726,20240201,426,924,4,3,4,-315.75,315.75,Expense,Completed,0,0
727,TXN-000727,20220325,205,156,1,2,2,-143.44,143.44,Expense,Completed,0,0
728,TXN-000728,20240516,535,499,10,,4,8936.6,8936.6,Income,Pending,0,1
729,TXN-000729,20240410,291,174,8,17,7,-98.07,98.07,Expense,Completed,0,0
730,TXN-000730,20220214,90,618,3,12,1,-255.1,255.1,Expense,Completed,0,1
731,TXN-000731,20220103,15,631,13,,4,4646.18,4646.18,Transfer,Completed,0,0
732,TXN-000732,20220212,340,913,1,20,6,-204.19,204.19,Expense,Completed,0,0
733,TXN-000733,20240927,455,974,18,13,4,-322.7,322.7,Expense,Completed,0,0
734,TXN-000734,20241214,274,185,17,9,1,-105.08,105.08,Expense,Completed,0,1
735,TXN-000735,20221220,111,210,10,,2,3426.03,3426.03,Income,Completed,1,1
736,TXN-000736,20240224,566,297,3,19,5,-484.05,484.05,Expense,Completed,1,1
737,TXN-000737,20240131,356,43,13,,4,3874.44,3874.44,Transfer,Completed,0,0
738,TXN-000738,20240603,430,261,6,4,3,-12.04,12.04,Expense,Completed,0,0
739,TXN-000739,20240710,410,476,1,3,2,-224.69,224.69,Expense,Pending,0,0
740,TXN-000740,20231010,145,565,14,,7,-2008.54,2008.54,Transfer,Completed,0,0
741,TXN-000741,20241110,727,405,19,12,2,-138.29,138.29,Expense,Completed,0,0
742,TXN-000742,20230823,308,442,5,8,7,-103.63,103.63,Expense,Completed,0,0
743,TXN-000743,20240219,370,187,3,17,4,-258.21,258.21,Expense,Failed,1,1
744,TXN-000744,20240716,360,879,2,11,1,-2610.63,2610.63,Expense,Pending,0,1
745,TXN-000745,20231006,461,870,6,3,3,-17.95,17.95,Expense,Completed,0,0
746,TXN-000746,20221115,533,674,7,5,3,-370.17,370.17,Expense,Completed,0,0
747,TXN-000747,20220712,471,437,18,18,4,-2305.85,2305.85,Expense,Completed,0,0
748,TXN-000748,20240807,598,90,5,9,2,-11.99,11.99,Expense,Completed,0,0
749,TXN-000749,20221211,189,243,3,11,2,-317.3,317.3,Expense,Completed,0,1
750,TXN-000750,20240302,322,690,6,3,3,-112.79,112.79,Expense,Completed,0,0
751,TXN-000751,20231111,377,68,8,20,3,-399.77,399.77,Expense,Completed,0,0
752,TXN-000752,20240603,527,975,6,4,6,-98.3,98.3,Expense,Completed,0,0
753,TXN-000753,20231203,333,911,7,15,6,-245.2,245.2,Expense,Pending,0,0
754,TXN-000754,20220920,733,121,8,10,1,-207.17,207.17,Expense,Completed,0,0
755,TXN-000755,20240822,125,723,8,5,7,-40.85,40.85,Expense,Completed,0,0
756,TXN-000756,20240508,174,587,8,1,2,-310.41,310.41,Expense,Completed,0,0
757,TXN-000757,20221112,786,948,2,1,6,-2331.93,2331.93,Expense,Completed,0,1
758,TXN-000758,20220120,198,29,10,,6,8303.05,8303.05,Income,Completed,0,1
759,TXN-000759,20231019,41,393,9,12,7,-216.11,216.11,Expense,Completed,0,0
760,TXN-000760,20221130,166,803,14,,7,-2475.86,2475.86,Transfer,Completed,0,0
761,TXN-000761,20230930,461,918,6,7,3,-88.67,88.67,Expense,Pending,0,0
762,TXN-000762,20240901,141,993,6,18,5,-77.84,77.84,Expense,Pending,0,0
763,TXN-000763,20241203,220,276,10,,5,12720.97,12720.97,Income,Completed,0,1
764,TXN-000764,20220217,621,573,1,8,4,-433.6,433.6,Expense,Reversed,0,0
765,TXN-000765,20220206,48,469,13,,7,2146.49,2146.49,Transfer,Reversed,1,0
766,TXN-000766,20220308,430,919,16,18,5,-359.85,359.85,Expense,Completed,0,1
767,TXN-000767,20230214,340,432,1,18,7,-423.06,423.06,Expense,Completed,0,0
768,TXN-000768,20240909,415,712,13,,6,1691.68,1691.68,Transfer,Completed,0,0
769,TXN-000769,20220519,342,343,9,12,4,-170.12,170.12,Expense,Failed,0,0
770,TXN-000770,20240510,270,77,2,9,7,-1015.62,1015.62,Expense,Completed,0,1
771,TXN-000771,20230219,60,295,11,,3,319.6,319.6,Income,Completed,0,0
772,TXN-000772,20230526,487,207,4,17,1,-272.68,272.68,Expense,Completed,0,0
773,TXN-000773,20220325,357,309,17,17,7,-40.71,40.71,Expense,Completed,0,1
774,TXN-000774,20240120,708,146,18,17,1,-2760.08,2760.08,Expense,Completed,0,0
775,TXN-000775,20240912,609,843,4,13,1,-76.31,76.31,Expense,Completed,0,0
776,TXN-000776,20230807,282,166,4,14,4,-492.22,492.22,Expense,Completed,0,0
777,TXN-000777,20221119,387,75,11,,5,430.97,430.97,Income,Completed,0,0
778,TXN-000778,20221218,798,293,12,,6,2527.82,2527.82,Income,Completed,0,0
779,TXN-000779,20230307,479,700,15,10,3,-333.42,333.42,Expense,Pending,0,1
780,TXN-000780,20231121,395,89,1,19,7,-140.15,140.15,Expense,Completed,0,0
781,TXN-000781,20220207,245,439,1,7,4,-369.79,369.79,Expense,Reversed,0,0
782,TXN-000782,20220327,398,580,3,19,3,-123.02,123.02,Expense,Completed,0,1
783,TXN-000783,20220416,220,276,3,4,6,-213.1,213.1,Expense,Completed,0,1
784,TXN-000784,20220203,328,334,1,5,4,-300.34,300.34,Expense,Completed,0,0
785,TXN-000785,20231229,53,621,19,13,7,-486.78,486.78,Expense,Completed,0,0
786,TXN-000786,20231216,535,499,1,2,5,-457.57,457.57,Expense,Completed,0,0
787,TXN-000787,20241126,46,380,2,20,2,-2632.37,2632.37,Expense,Completed,0,1
788,TXN-000788,20230426,622,418,2,5,7,-1873.36,1873.36,Expense,Completed,0,1
789,TXN-000789,20220220,491,47,8,15,3,-109.46,109.46,Expense,Pending,0,0
790,TXN-000790,20221103,462,757,9,13,1,-274.06,274.06,Expense,Reversed,0,0
791,TXN-000791,20231001,441,830,16,2,1,-486.88,486.88,Expense,Completed,0,1
792,TXN-000792,20220312,91,873,9,7,4,-383.57,383.57,Expense,Completed,0,0
793,TXN-000793,20220702,213,407,3,15,6,-372.63,372.63,Expense,Completed,0,1
794,TXN-000794,20220414,306,181,14,,1,-3641.53,3641.53,Transfer,Completed,0,0
795,TXN-000795,20240404,598,356,3,13,3,-125.35,125.35,Expense,Completed,0,1
796,TXN-000796,20240622,544,378,2,17,4,-2131.79,2131.79,Expense,Completed,0,1
797,TXN-000797,20230721,490,262,13,,3,3388.61,3388.61,Transfer,Completed,0,0
798,TXN-000798,20231122,633,308,5,19,5,-33.31,33.31,Expense,Completed,0,0
799,TXN-000799,20230614,92,678,3,14,5,-478.25,478.25,Expense,Completed,0,1
800,TXN-000800,20230120,110,704,7,4,5,-346.42,346.42,Expense,Completed,0,0
801,TXN-000801,20220223,195,529,10,,3,14617.78,14617.78,Income,Completed,0,1
802,TXN-000802,20230205,313,424,1,19,4,-361.4,361.4,Expense,Reversed,0,0
803,TXN-000803,20220210,117,467,1,13,5,-394.14,394.14,Expense,Completed,0,0
804,TXN-000804,20230220,402,961,15,10,3,-1271.77,1271.77,Expense,Completed,0,1
805,TXN-000805,20240520,280,9,5,12,1,-118.14,118.14,Expense,Completed,0,0
806,TXN-000806,20220515,337,517,10,,4,8611.91,8611.91,Income,Completed,0,1
807,TXN-000807,20240806,638,178,16,5,6,-406.43,406.43,Expense,Completed,0,1
808,TXN-000808,20220108,574,638,14,,2,-4106.71,4106.71,Transfer,Pending,0,0
809,TXN-000809,20220315,602,97,20,,5,6754.06,6754.06,Income,Completed,0,0
810,TXN-000810,20220713,443,781,5,16,7,-11.87,11.87,Expense,Completed,0,0
811,TXN-000811,20220514,406,609,1,13,6,-117.93,117.93,Expense,Pending,0,0
812,TXN-000812,20241003,318,195,7,10,2,-420.74,420.74,Expense,Completed,0,0
813,TXN-000813,20220325,733,121,7,12,5,-36.37,36.37,Expense,Completed,0,0
814,TXN-000814,20230207,94,552,9,20,3,-43.47,43.47,Expense,Completed,1,0
815,TXN-000815,20220612,174,587,9,15,2,-50.14,50.14,Expense,Completed,0,0
816,TXN-000816,20220604,46,380,14,,4,-1994.42,1994.42,Transfer,Completed,0,0
817,TXN-000817,20240401,427,520,2,14,6,-2982.56,2982.56,Expense,Completed,0,1
818,TXN-000818,20230516,535,499,1,4,3,-175.22,175.22,Expense,Completed,0,0
819,TXN-000819,20231107,791,686,2,14,3,-2138.09,2138.09,Expense,Completed,0,1
820,TXN-000820,20230114,168,255,2,10,4,-1710.21,1710.21,Expense,Completed,0,1
821,TXN-000821,20220703,693,475,10,,4,11061.12,11061.12,Income,Completed,0,1
822,TXN-000822,20220928,189,243,1,19,7,-409.0,409.0,Expense,Failed,0,0
823,TXN-000823,20231110,226,626,10,,1,2702.37,2702.37,Income,Completed,0,1
824,TXN-000824,20240521,87,294,11,,7,60.94,60.94,Income,Completed,0,0
825,TXN-000825,20240502,290,421,19,8,4,-360.46,360.46,Expense,Completed,0,0
826,TXN-000826,20240119,711,221,9,8,7,-381.83,381.83,Expense,Completed,1,0
827,TXN-000827,20220317,419,722,15,9,6,-1754.83,1754.83,Expense,Completed,0,1
828,TXN-000828,20230110,598,356,15,7,2,-364.8,364.8,Expense,Completed,0,1
829,TXN-000829,20220131,178,613,4,18,7,-376.68,376.68,Expense,Completed,0,0
830,TXN-000830,20230409,423,629,10,,1,2258.2,2258.2,Income,Completed,0,1
831,TXN-000831,20240523,628,637,13,,6,1401.77,1401.77,Transfer,Completed,0,0
832,TXN-000832,20220909,318,195,3,11,6,-49.59,49.59,Expense,Reversed,0,1
833,TXN-000833,20241120,727,405,20,,7,3078.23,3078.23,Income,Failed,0,0
834,TXN-000834,20241129,73,7,3,12,4,-395.58,395.58,Expense,Completed,0,1
835,TXN-000835,20220629,246,656,4,18,3,-168.8,168.8,Expense,Completed,0,0
836,TXN-000836,20240609,184,931,3,18,7,-320.42,320.42,Expense,Completed,0,1
837,TXN-000837,20220412,693,583,1,7,5,-136.56,136.56,Expense,Completed,1,0
838,TXN-000838,20241014,480,989,10,,3,10098.4,10098.4,Income,Completed,0,1
839,TXN-000839,20241114,431,106,8,2,6,-78.36,78.36,Expense,Completed,0,0
840,TXN-000840,20220429,759,691,3,5,3,-62.58,62.58,Expense,Completed,0,1
841,TXN-000841,20240520,31,955,10,,6,9014.84,9014.84,Income,Completed,0,1
842,TXN-000842,20230806,209,509,5,6,4,-70.27,70.27,Expense,Completed,0,0
843,TXN-000843,20240701,662,233,1,19,1,-354.69,354.69,Expense,Completed,0,0
844,TXN-000844,20220117,785,819,13,,2,2881.61,2881.61,Transfer,Completed,0,0
845,TXN-000845,20240804,182,903,16,9,3,-215.02,215.02,Expense,Completed,0,1
846,TXN-000846,20240312,639,137,16,5,1,-196.95,196.95,Expense,Completed,0,1
847,TXN-000847,20220507,731,564,3,12,3,-485.39,485.39,Expense,Completed,0,1
848,TXN-000848,20220518,279,838,14,,2,-4597.02,4597.02,Transfer,Reversed,0,0
849,TXN-000849,20240704,553,693,11,,3,239.9,239.9,Income,Completed,0,0
850,TXN-000850,20220507,476,574,18,2,7,-2576.21,2576.21,Expense,Completed,0,0
851,TXN-000851,20230913,212,19,17,6,1,-56.55,56.55,Expense,Completed,0,1
852,TXN-000852,20220430,208,78,12,,2,4708.85,4708.85,Income,Failed,0,0
853,TXN-000853,20240731,431,106,6,3,5,-85.97,85.97,Expense,Completed,0,0
854,TXN-000854,20230510,56,928,19,14,2,-308.82,308.82,Expense,Completed,0,0
855,TXN-000855,20221003,420,546,10,,1,3243.25,3243.25,Income,Completed,0,1
856,TXN-000856,20240814,437,658,10,,6,7527.61,7527.61,Income,Completed,0,1
857,TXN-000857,20221205,288,812,8,15,5,-64.48,64.48,Expense,Completed,0,0
858,TXN-000858,20241003,75,250,7,8,6,-412.93,412.93,Expense,Pending,0,0
859,TXN-000859,20220317,279,772,5,15,2,-134.32,134.32,Expense,Completed,0,0
860,TXN-000860,20220402,604,916,4,16,2,-264.97,264.97,Expense,Completed,0,0
861,TXN-000861,20240806,650,739,15,5,7,-1161.7,1161.7,Expense,Pending,0,1
862,TXN-000862,20230920,176,109,13,,3,2257.24,2257.24,Transfer,Failed,0,0
863,TXN-000863,20241013,337,606,3,13,5,-331.12,331.12,Expense,Pending,0,1
864,TXN-000864,20220227,499,352,6,1,6,-17.69,17.69,Expense,Completed,0,0
865,TXN-000865,20241012,618,52,12,,7,427.93,427.93,Income,Completed,0,0
866,TXN-000866,20240127,626,663,12,,4,2810.81,2810.81,Income,Completed,0,0
867,TXN-000867,20220719,135,379,19,11,7,-96.01,96.01,Expense,Failed,0,0
868,TXN-000868,20240601,2,681,4,4,2,-105.19,105.19,Expense,Reversed,0,0
869,TXN-000869,20230214,500,153,3,15,6,-294.49,294.49,Expense,Completed,0,1
870,TXN-000870,20230110,746,805,13,,1,1349.42,1349.42,Transfer,Completed,0,0
871,TXN-000871,20230812,682,158,19,7,3,-65.41,65.41,Expense,Completed,0,0
872,TXN-000872,20220602,556,582,10,,5,14350.57,14350.57,Income,Completed,0,1
873,TXN-000873,20220307,387,75,7,4,3,-415.15,415.15,Expense,Completed,0,0
874,TXN-000874,20230614,337,606,15,20,7,-304.97,304.97,Expense,Completed,1,1
875,TXN-000875,20230302,664,451,17,4,4,-65.12,65.12,Expense,Completed,0,1
876,TXN-000876,20220409,350,213,8,5,7,-482.34,482.34,Expense,Completed,0,0
877,TXN-000877,20240205,691,537,5,15,7,-5.24,5.24,Expense,Completed,0,0
878,TXN-000878,20220707,501,317,20,,2,5784.18,5784.18,Income,Completed,0,0
879,TXN-000879,20231031,378,70,2,3,7,-838.6,838.6,Expense,Completed,0,1
880,TXN-000880,20230723,564,895,5,19,7,-101.05,101.05,Expense,Completed,0,0
881,TXN-000881,20240629,117,954,9,13,3,-365.52,365.52,Expense,Completed,0,0
882,TXN-000882,20221115,229,340,1,5,1,-149.53,149.53,Expense,Completed,0,0
883,TXN-000883,20220301,444,720,18,10,6,-1272.87,1272.87,Expense,Completed,0,0
884,TXN-000884,20221021,357,683,15,7,4,-948.96,948.96,Expense,Completed,0,1
885,TXN-000885,20220803,635,952,12,,1,1375.91,1375.91,Income,Pending,0,0
886,TXN-000886,20240223,200,33,17,10,5,-43.26,43.26,Expense,Failed,0,1
887,TXN-000887,20220823,490,494,1,20,4,-481.08,481.08,Expense,Reversed,0,0
888,TXN-000888,20230724,411,94,4,11,7,-270.82,270.82,Expense,Completed,0,0
889,TXN-000889,20230521,634,699,16,6,3,-196.76,196.76,Expense,Completed,0,1
890,TXN-000890,20220330,510,551,4,15,2,-65.54,65.54,Expense,Pending,0,0
891,TXN-000891,20230715,741,22,4,3,1,-142.94,142.94,Expense,Completed,0,0
892,TXN-000892,20240620,119,703,1,15,4,-145.7,145.7,Expense,Completed,0,0
893,TXN-000893,20231218,511,108,15,20,5,-1937.32,1937.32,Expense,Completed,0,1
894,TXN-000894,20220611,479,700,1,10,3,-233.59,233.59,Expense,Completed,0,0
895,TXN-000895,20240622,541,256,2,17,3,-2553.58,2553.58,Expense,Completed,0,1
896,TXN-000896,20221006,371,436,15,17,3,-378.5,378.5,Expense,Completed,0,1
897,TXN-000897,20230821,399,764,6,15,6,-127.36,127.36,Expense,Completed,0,0
898,TXN-000898,20240712,480,296,7,20,1,-256.45,256.45,Expense,Completed,0,0
899,TXN-000899,20221020,249,508,4,9,3,-132.77,132.77,Expense,Pending,0,0
900,TXN-000900,20230306,249,248,2,4,4,-1582.55,1582.55,Expense,Completed,0,1
901,TXN-000901,20241214,698,206,15,7,6,-1722.79,1722.79,Expense,Completed,0,1
902,TXN-000902,20241103,282,166,4,9,5,-22.55,22.55,Expense,Completed,0,0
903,TXN-000903,20230202,14,458,5,4,5,-50.67,50.67,Expense,Completed,0,0
904,TXN-000904,20240424,544,378,11,,4,245.15,245.15,Income,Completed,0,0
905,TXN-000905,20240321,280,811,18,4,1,-2292.92,2292.92,Expense,Completed,0,0
906,TXN-000906,20231106,395,203,11,,3,218.01,218.01,Income,Completed,0,0
907,TXN-000907,20230218,245,639,1,15,3,-118.27,118.27,Expense,Completed,0,0
908,TXN-000908,20230429,423,629,3,5,6,-354.97,354.97,Expense,Completed,0,1
909,TXN-000909,20240123,130,822,11,,5,483.5,483.5,Income,Completed,0,0
910,TXN-000910,20220307,50,808,9,20,4,-172.17,172.17,Expense,Completed,0,0
911,TXN-000911,20230507,231,201,4,17,2,-297.57,297.57,Expense,Completed,0,0
912,TXN-000912,20221101,651,60,7,9,7,-189.63,189.63,Expense,Completed,0,0
913,TXN-000913,20240610,333,730,10,,3,4856.82,4856.82,Income,Completed,0,1
914,TXN-000914,20221214,711,221,4,16,3,-354.95,354.95,Expense,Completed,0,0
915,TXN-000915,20240415,545,291,8,7,1,-198.75,198.75,Expense,Completed,0,0
916,TXN-000916,20240205,516,216,4,2,2,-330.15,330.15,Expense,Completed,0,0
917,TXN-000917,20220130,290,421,13,,1,4754.78,4754.78,Transfer,Completed,0,0
918,TXN-000918,20240914,402,961,1,9,1,-421.63,421.63,Expense,Completed,0,0
919,TXN-000919,20230530,563,266,15,12,4,-574.15,574.15,Expense,Failed,0,1
920,TXN-000920,20220710,532,798,3,7,6,-182.01,182.01,Expense,Completed,0,1
921,TXN-000921,20230130,761,322,9,6,3,-312.27,312.27,Expense,Completed,0,0
922,TXN-000922,20240726,571,865,20,,6,1017.44,1017.44,Income,Completed,0,0
923,TXN-000923,20221030,525,15,10,,7,12892.9,12892.9,Income,Completed,0,1
924,TXN-000924,20220124,196,441,11,,1,301.4,301.4,Income,Completed,0,0
925,TXN-000925,20230608,439,861,2,11,6,-2470.87,2470.87,Expense,Completed,0,1
926,TXN-000926,20220118,564,119,15,19,5,-1249.12,1249.12,Expense,Completed,0,1
927,TXN-000927,20220115,577,908,1,12,2,-31.91,31.91,Expense,Completed,0,0
928,TXN-000928,20220720,444,720,3,5,4,-255.53,255.53,Expense,Completed,0,1
929,TXN-000929,20230622,357,309,7,9,2,-236.28,236.28,Expense,Completed,0,0
930,TXN-000930,20230526,308,194,14,,3,-2248.79,2248.79,Transfer,Completed,0,0
931,TXN-000931,20230521,253,281,14,,6,-2873.23,2873.23,Transfer,Completed,1,0
932,TXN-000932,20240319,206,113,15,16,2,-1831.81,1831.81,Expense,Completed,0,1
933,TXN-000933,20240930,332,756,1,18,3,-191.66,191.66,Expense,Completed,0,0
934,TXN-000934,20240915,361,828,3,6,3,-398.02,398.02,Expense,Completed,0,1
935,TXN-000935,20220318,57,383,7,5,2,-471.35,471.35,Expense,Completed,0,0
936,TXN-000936,20240203,708,146,1,7,5,-129.43,129.43,Expense,Completed,0,0
937,TXN-000937,20230701,48,711,6,8,7,-118.66,118.66,Expense,Completed,0,0
938,TXN-000938,20231205,322,690,5,10,5,-140.37,140.37,Expense,Completed,0,0
939,TXN-000939,20240302,454,182,10,,6,11996.22,11996.22,Income,Completed,0,1
940,TXN-000940,20240122,638,31,10,,5,11258.0,11258.0,Income,Completed,0,1
941,TXN-000941,20220717,200,258,1,16,5,-310.13,310.13,Expense,Completed,0,0
942,TXN-000942,20240630,730,427,2,19,6,-1639.9,1639.9,Expense,Completed,0,1
943,TXN-000943,20220101,431,904,5,5,5,-86.19,86.19,Expense,Completed,0,0
944,TXN-000944,20220615,720,696,18,10,5,-2235.41,2235.41,Expense,Completed,0,0
945,TXN-000945,20231223,601,141,1,17,5,-184.77,184.77,Expense,Pending,0,0
946,TXN-000946,20231119,565,34,10,,2,10093.35,10093.35,Income,Completed,0,1
947,TXN-000947,20240803,555,332,1,1,1,-92.47,92.47,Expense,Pending,0,0
948,TXN-000948,20230615,205,156,5,12,2,-113.25,113.25,Expense,Completed,0,0
949,TXN-000949,20240429,91,786,6,4,2,-108.53,108.53,Expense,Completed,0,0
950,TXN-000950,20220309,318,195,13,,2,2927.57,2927.57,Transfer,Completed,0,0
951,TXN-000951,20220527,302,65,1,1,7,-331.76,331.76,Expense,Completed,0,0
952,TXN-000952,20240911,461,670,4,7,5,-324.45,324.45,Expense,Completed,0,0
953,TXN-000953,20231126,220,846,18,10,5,-1293.52,1293.52,Expense,Completed,0,0
954,TXN-000954,20220722,734,726,13,,5,2230.54,2230.54,Transfer,Completed,1,0
955,TXN-000955,20220309,650,770,16,5,1,-83.32,83.32,Expense,Completed,0,1
956,TXN-000956,20240503,200,33,1,4,3,-55.27,55.27,Expense,Completed,0,0
957,TXN-000957,20230420,282,166,4,15,2,-308.91,308.91,Expense,Completed,0,0
958,TXN-000958,20230526,708,146,13,,4,2932.58,2932.58,Transfer,Completed,0,0
959,TXN-000959,20230327,618,52,7,10,6,-431.23,431.23,Expense,Completed,0,0
960,TXN-000960,20230612,290,421,2,2,6,-1456.38,1456.38,Expense,Completed,0,1
961,TXN-000961,20220917,596,448,1,19,4,-242.12,242.12,Expense,Failed,0,0
962,TXN-000962,20230915,64,729,2,2,6,-1129.13,1129.13,Expense,Completed,0,1
963,TXN-000963,20221009,466,962,4,4,2,-469.13,469.13,Expense,Completed,0,0
964,TXN-000964,20230816,701,91,7,12,6,-246.45,246.45,Expense,Pending,0,0
965,TXN-000965,20230409,100,30,7,4,7,-389.08,389.08,Expense,Completed,0,0
966,TXN-000966,20241217,519,423,15,16,5,-1276.38,1276.38,Expense,Failed,0,1
967,TXN-000967,20230827,308,806,19,8,7,-134.3,134.3,Expense,Completed,0,0
968,TXN-000968,20240430,215,48,11,,1,318.9,318.9,Income,Completed,0,0
969,TXN-000969,20240802,733,121,10,,3,4716.27,4716.27,Income,Completed,0,1
970,TXN-000970,20220715,12,818,12,,1,3482.08,3482.08,Income,Reversed,0,0
971,TXN-000971,20221208,183,792,8,14,2,-367.56,367.56,Expense,Completed,0,0
972,TXN-000972,20230426,717,944,15,8,2,-1524.12,1524.12,Expense,Completed,0,1
973,TXN-000973,20221104,340,913,11,,5,484.82,484.82,Income,Completed,0,0
974,TXN-000974,20231107,699,657,14,,3,-4914.02,4914.02,Transfer,Reversed,0,0
975,TXN-000975,20241101,78,547,2,17,2,-954.62,954.62,Expense,Completed,0,1
976,TXN-000976,20230901,545,829,10,,5,7484.63,7484.63,Income,Reversed,0,1
977,TXN-000977,20230929,392,500,7,15,1,-185.2,185.2,Expense,Pending,0,0
978,TXN-000978,20240903,418,453,2,1,4,-1679.27,1679.27,Expense,Completed,0,1
979,TXN-000979,20220121,41,532,11,,5,492.42,492.42,Income,Completed,0,0
980,TXN-000980,20231121,23,894,4,13,5,-84.2,84.2,Expense,Completed,0,0
981,TXN-000981,20230726,716,731,2,2,5,-2090.79,2090.79,Expense,Completed,0,1
982,TXN-000982,20230720,24,991,3,17,1,-394.4,394.4,Expense,Completed,0,1
983,TXN-000983,20220211,663,326,15,9,7,-1165.81,1165.81,Expense,Completed,0,1
984,TXN-000984,20220714,384,449,1,12,4,-215.09,215.09,Expense,Completed,0,0
985,TXN-000985,20220101,523,45,3,15,5,-113.22,113.22,Expense,Completed,0,1
986,TXN-000986,20241220,66,430,6,14,7,-89.71,89.71,Expense,Completed,0,0
987,TXN-000987,20240312,263,616,3,2,3,-403.17,403.17,Expense,Completed,0,1
988,TXN-000988,20220515,455,974,3,17,3,-210.53,210.53,Expense,Completed,1,1
989,TXN-000989,20231128,740,190,20,,3,7189.75,7189.75,Income,Pending,0,0
990,TXN-000990,20230201,718,41,11,,3,232.85,232.85,Income,Completed,0,0
991,TXN-000991,20240812,48,964,15,10,7,-751.88,751.88,Expense,Completed,0,1
992,TXN-000992,20241101,321,497,5,1,1,-112.68,112.68,Expense,Failed,0,0
993,TXN-000993,20230818,628,589,2,13,3,-2539.6,2539.6,Expense,Completed,0,1
994,TXN-000994,20241203,143,789,1,15,6,-467.97,467.97,Expense,Completed,0,0
995,TXN-000995,20240623,145,565,4,15,3,-109.28,109.28,Expense,Completed,0,0
996,TXN-000996,20240721,315,957,11,,7,193.46,193.46,Income,Failed,0,0
997,TXN-000997,20220126,393,707,2,5,7,-877.02,877.02,Expense,Completed,0,1
998,TXN-000998,20240323,519,655,4,1,3,-215.86,215.86,Expense,Completed,0,0
999,TXN-000999,20241107,604,916,10,,5,8950.71,8950.71,Income,Completed,0,1
1000,TXN-001000,20220306,117,467,14,,4,-398.66,398.66,Transfer,Completed,0,0
1001,TXN-001001,20230117,72,736,5,10,6,-120.18,120.18,Expense,Completed,0,0
1002,TXN-001002,20240223,102,489,13,,4,3027.42,3027.42,Transfer,Completed,0,0
1003,TXN-001003,20240404,506,604,3,7,4,-311.69,311.69,Expense,Completed,0,1
1004,TXN-001004,20240910,390,994,18,4,5,-2168.95,2168.95,Expense,Completed,1,0
1005,TXN-001005,20221017,90,618,13,,7,186.92,186.92,Transfer,Completed,0,0
1006,TXN-001006,20230203,715,452,14,,1,-579.28,579.28,Transfer,Completed,1,0
1007,TXN-001007,20230620,435,273,17,2,4,-15.71,15.71,Expense,Failed,0,1
1008,TXN-001008,20230211,582,485,4,18,3,-218.43,218.43,Expense,Completed,0,0
1009,TXN-001009,20240404,785,809,1,20,2,-485.69,485.69,Expense,Pending,0,0
1010,TXN-001010,20230103,7,603,13,,2,3674.67,3674.67,Transfer,Pending,0,0
1011,TXN-001011,20220323,382,802,2,12,5,-1422.71,1422.71,Expense,Completed,0,1
1012,TXN-001012,20230824,548,350,15,16,2,-989.99,989.99,Expense,Completed,0,1
1013,TXN-001013,20220408,304,410,2,18,5,-2428.28,2428.28,Expense,Completed,0,1
1014,TXN-001014,20221123,388,801,16,20,4,-33.27,33.27,Expense,Reversed,0,1
1015,TXN-001015,20220620,90,618,2,9,6,-2550.12,2550.12,Expense,Completed,0,1
1016,TXN-001016,20240119,685,289,11,,6,95.24,95.24,Income,Reversed,0,0
1017,TXN-001017,20230102,680,401,16,10,3,-52.08,52.08,Expense,Completed,0,1
1018,TXN-001018,20240914,748,14,13,,2,4127.68,4127.68,Transfer,Completed,0,0
1019,TXN-001019,20220929,129,522,3,9,2,-302.13,302.13,Expense,Pending,0,1
1020,TXN-001020,20230116,789,914,10,,1,5856.73,5856.73,Income,Completed,0,1
1021,TXN-001021,20240111,135,379,7,15,5,-107.3,107.3,Expense,Completed,0,0
1022,TXN-001022,20230609,612,782,10,,1,2800.13,2800.13,Income,Completed,0,1
1023,TXN-001023,20241209,652,398,4,1,4,-414.58,414.58,Expense,Completed,0,0
1024,TXN-001024,20220403,586,263,1,4,4,-282.91,282.91,Expense,Failed,0,0
1025,TXN-001025,20240425,758,170,6,3,3,-60.03,60.03,Expense,Completed,0,0
1026,TXN-001026,20230828,298,299,2,7,2,-2974.45,2974.45,Expense,Pending,0,1
1027,TXN-001027,20221027,795,958,9,18,4,-416.48,416.48,Expense,Completed,0,0
1028,TXN-001028,20241025,100,30,4,18,1,-159.45,159.45,Expense,Completed,0,0
1029,TXN-001029,20220908,197,907,6,12,4,-71.74,71.74,Expense,Completed,0,0
1030,TXN-001030,20220221,408,311,15,9,2,-1794.95,1794.95,Expense,Completed,0,1
1031,TXN-001031,20220227,508,161,1,4,7,-305.94,305.94,Expense,Completed,0,0
1032,TXN-001032,20220411,770,320,2,17,6,-2530.56,2530.56,Expense,Completed,0,1
1033,TXN-001033,20240404,519,423,2,12,5,-2672.95,2672.95,Expense,Completed,0,1
1034,TXN-001034,20220701,439,545,12,,4,875.98,875.98,Income,Completed,0,0
1035,TXN-001035,20240808,64,694,3,18,1,-274.75,274.75,Expense,Failed,0,1
1036,TXN-001036,20240103,118,25,10,,4,14445.16,14445.16,Income,Completed,0,1
1037,TXN-001037,20240207,554,224,5,13,2,-8.11,8.11,Expense,Completed,0,0
1038,TXN-001038,20240706,477,388,4,13,5,-471.27,471.27,Expense,Failed,0,0
1039,TXN-001039,20230606,135,379,2,18,3,-1997.06,1997.06,Expense,Completed,0,1
1040,TXN-001040,20220316,405,570,8,9,2,-282.45,282.45,Expense,Completed,0,0
1041,TXN-001041,20220506,14,458,10,,4,5360.03,5360.03,Income,Completed,0,1
1042,TXN-001042,20240711,427,787,11,,2,385.89,385.89,Income,Completed,0,0
1043,TXN-001043,20230416,114,434,1,19,7,-339.55,339.55,Expense,Completed,0,0
1044,TXN-001044,20231223,795,958,11,,4,407.08,407.08,Income,Completed,0,0
1045,TXN-001045,20230104,268,247,7,13,2,-398.1,398.1,Expense,Completed,0,0
1046,TXN-001046,20230125,207,446,2,7,3,-990.03,990.03,Expense,Completed,0,1
1047,TXN-001047,20230514,402,961,1,10,4,-208.67,208.67,Expense,Completed,0,0
1048,TXN-001048,20240527,745,505,3,6,2,-340.21,340.21,Expense,Completed,0,1
1049,TXN-001049,20240317,305,985,4,14,2,-445.76,445.76,Expense,Completed,0,0
1050,TXN-001050,20230617,312,464,14,,4,-4262.88,4262.88,Transfer,Completed,0,0
1051,TXN-001051,20231013,641,831,4,10,5,-116.1,116.1,Expense,Completed,0,0
1052,TXN-001052,20231204,248,125,13,,7,663.39,663.39,Transfer,Pending,0,0
1053,TXN-001053,20241020,626,663,10,,5,4538.25,4538.25,Income,Completed,1,1
1054,TXN-001054,20241219,79,39,4,9,5,-343.04,343.04,Expense,Completed,0,0
1055,TXN-001055,20220815,598,90,9,3,6,-149.77,149.77,Expense,Completed,0,0
1056,TXN-001056,20220910,323,175,17,6,2,-14.39,14.39,Expense,Pending,0,1
1057,TXN-001057,20241028,717,944,1,2,5,-270.03,270.03,Expense,Completed,0,0
1058,TXN-001058,20240813,560,66,10,,7,6010.07,6010.07,Income,Completed,0,1
1059,TXN-001059,20230731,609,354,2,13,3,-2514.52,2514.52,Expense,Completed,0,1
1060,TXN-001060,20231117,353,271,13,,5,2249.46,2249.46,Transfer,Completed,0,0
1061,TXN-001061,20230814,355,886,7,18,2,-441.23,441.23,Expense,Completed,0,0
1062,TXN-001062,20221127,83,368,13,,2,2841.33,2841.33,Transfer,Completed,0,0
1063,TXN-001063,20220319,621,573,20,,1,9607.06,9607.06,Income,Completed,0,0
1064,TXN-001064,20221113,405,570,13,,3,2838.62,2838.62,Transfer,Completed,0,0
1065,TXN-001065,20221121,355,884,3,5,3,-397.52,397.52,Expense,Completed,0,1
1066,TXN-001066,20230624,159,372,1,16,5,-353.05,353.05,Expense,Completed,0,0
1067,TXN-001067,20220621,430,261,10,,2,9975.97,9975.97,Income,Completed,0,1
1068,TXN-001068,20231031,208,78,11,,3,340.35,340.35,Income,Completed,0,0
1069,TXN-001069,20231003,180,834,6,20,3,-36.03,36.03,Expense,Completed,0,0
1070,TXN-001070,20221011,106,191,2,5,3,-1245.92,1245.92,Expense,Completed,0,1
1071,TXN-001071,20230813,84,791,3,17,6,-405.55,405.55,Expense,Completed,0,1
1072,TXN-001072,20220826,678,357,13,,1,1255.44,1255.44,Transfer,Pending,0,0
1073,TXN-001073,20220902,137,134,11,,2,82.48,82.48,Income,Completed,0,0
1074,TXN-001074,20220720,535,499,18,14,4,-1911.83,1911.83,Expense,Failed,0,0
1075,TXN-001075,20241130,269,304,1,16,1,-101.58,101.58,Expense,Completed,0,0
1076,TXN-001076,20230724,97,80,2,13,3,-2556.79,2556.79,Expense,Completed,0,1
1077,TXN-001077,20220804,781,662,20,,4,500.49,500.49,Income,Completed,0,0
1078,TXN-001078,20240813,288,812,10,,4,6474.69,6474.69,Income,Completed,0,1
1079,TXN-001079,20230906,488,300,1,8,4,-280.52,280.52,Expense,Completed,0,0
1080,TXN-001080,20231211,727,405,7,9,1,-98.43,98.43,Expense,Failed,0,0
1081,TXN-001081,20220404,34,660,3,16,2,-466.71,466.71,Expense,Completed,0,1
1082,TXN-001082,20240814,388,801,10,,2,9837.55,9837.55,Income,Completed,0,1
1083,TXN-001083,20231031,499,352,4,5,5,-35.69,35.69,Expense,Failed,0,0
1084,TXN-001084,20230823,110,704,1,20,6,-397.18,397.18,Expense,Completed,0,0
1085,TXN-001085,20221204,716,731,16,14,5,-65.26,65.26,Expense,Completed,1,1
1086,TXN-001086,20221211,700,542,2,19,5,-1594.83,1594.83,Expense,Pending,0,1
1087,TXN-001087,20240712,270,607,6,14,5,-53.76,53.76,Expense,Completed,0,0
1088,TXN-001088,20231114,707,732,5,14,3,-124.37,124.37,Expense,Completed,0,0
1089,TXN-001089,20220506,114,434,9,7,4,-58.23,58.23,Expense,Completed,0,0
1090,TXN-001090,20230904,522,593,4,2,1,-15.95,15.95,Expense,Completed,0,0
1091,TXN-001091,20230121,784,140,11,,7,120.35,120.35,Income,Pending,0,0
1092,TXN-001092,20241105,392,443,10,,3,12861.18,12861.18,Income,Completed,0,1
1093,TXN-001093,20230426,644,344,11,,1,414.39,414.39,Income,Reversed,0,0
1094,TXN-001094,20220509,34,660,1,2,3,-251.11,251.11,Expense,Completed,0,0
1095,TXN-001095,20231106,156,773,20,,2,2825.97,2825.97,Income,Completed,0,0
1096,TXN-001096,20241028,481,120,6,18,7,-22.46,22.46,Expense,Completed,0,0
1097,TXN-001097,20220730,33,813,13,,2,3666.99,3666.99,Transfer,Completed,0,0
1098,TXN-001098,20221229,121,470,5,1,5,-58.29,58.29,Expense,Completed,0,0
1099,TXN-001099,20240119,111,210,2,9,2,-848.06,848.06,Expense,Reversed,0,1
1100,TXN-001100,20220126,488,300,12,,1,2863.03,2863.03,Income,Completed,0,0
1101,TXN-001101,20241026,268,247,10,,6,12782.39,12782.39,Income,Completed,0,1
1102,TXN-001102,20240620,731,912,20,,3,4613.61,4613.61,Income,Failed,0,0
1103,TXN-001103,20230916,439,545,6,14,6,-55.65,55.65,Expense,Completed,0,0
1104,TXN-001104,20230804,102,321,1,2,3,-208.72,208.72,Expense,Completed,0,0
1105,TXN-001105,20240202,782,57,2,14,5,-1196.29,1196.29,Expense,Completed,0,1
1106,TXN-001106,20240405,531,323,2,12,7,-859.23,859.23,Expense,Completed,0,1
1107,TXN-001107,20240919,340,432,7,12,1,-432.56,432.56,Expense,Completed,0,0
1108,TXN-001108,20230822,435,653,4,4,2,-317.85,317.85,Expense,Completed,0,0
1109,TXN-001109,20240808,546,456,10,,2,2194.18,2194.18,Income,Completed,0,1
1110,TXN-001110,20231219,643,493,4,13,5,-101.81,101.81,Expense,Completed,0,0
1111,TXN-001111,20220831,410,135,3,19,7,-242.42,242.42,Expense,Completed,0,1
1112,TXN-001112,20220111,85,760,7,8,5,-284.97,284.97,Expense,Completed,1,0
1113,TXN-001113,20230201,773,385,1,8,4,-31.09,31.09,Expense,Completed,0,0
1114,TXN-001114,20221024,578,557,6,13,3,-58.82,58.82,Expense,Completed,0,0
1115,TXN-001115,20231121,401,820,14,,4,-3085.9,3085.9,Transfer,Completed,0,0
1116,TXN-001116,20240125,363,6,10,,7,4709.95,4709.95,Income,Completed,0,1
1117,TXN-001117,20220208,438,55,12,,7,3272.21,3272.21,Income,Completed,0,0
1118,TXN-001118,20240803,57,383,7,16,3,-362.42,362.42,Expense,Completed,0,0
1119,TXN-001119,20230912,537,976,4,9,2,-242.35,242.35,Expense,Pending,0,0
1120,TXN-001120,20221207,522,126,3,18,3,-208.53,208.53,Expense,Completed,0,1
1121,TXN-001121,20240724,331,118,2,20,5,-2927.21,2927.21,Expense,Completed,0,1
1122,TXN-001122,20220610,298,82,14,,4,-4410.3,4410.3,Transfer,Completed,0,0
1123,TXN-001123,20221214,460,612,10,,6,5867.01,5867.01,Income,Completed,0,1
1124,TXN-001124,20240424,318,40,15,14,1,-1473.56,1473.56,Expense,Completed,0,1
1125,TXN-001125,20240102,83,675,10,,3,11386.32,11386.32,Income,Completed,0,1
1126,TXN-001126,20240731,76,929,3,14,5,-255.42,255.42,Expense,Completed,0,1
1127,TXN-001127,20241223,675,53,1,12,5,-453.41,453.41,Expense,Completed,0,0
1128,TXN-001128,20230112,335,374,14,,2,-3833.59,3833.59,Transfer,Completed,0,0
1129,TXN-001129,20221125,85,909,19,12,2,-40.85,40.85,Expense,Completed,0,0
1130,TXN-001130,20220327,618,58,11,,1,248.29,248.29,Income,Failed,0,0
1131,TXN-001131,20241020,249,508,4,18,7,-445.46,445.46,Expense,Pending,0,0
1132,TXN-001132,20230522,410,695,11,,4,368.89,368.89,Income,Failed,0,0
1133,TXN-001133,20230317,279,838,1,15,3,-349.75,349.75,Expense,Completed,0,0
1134,TXN-001134,20230514,487,540,10,,4,9921.26,9921.26,Income,Completed,0,1
1135,TXN-001135,20220330,249,248,13,,4,2567.05,2567.05,Transfer,Completed,0,0
1136,TXN-001136,20231225,555,840,7,19,6,-421.33,421.33,Expense,Completed,0,0
1137,TXN-001137,20230501,287,324,7,18,4,-22.97,22.97,Expense,Completed,0,0
1138,TXN-001138,20230320,382,925,6,13,6,-69.3,69.3,Expense,Completed,0,0
1139,TXN-001139,20231209,355,886,4,1,5,-55.12,55.12,Expense,Pending,0,0
1140,TXN-001140,20240927,206,8,7,15,4,-491.99,491.99,Expense,Completed,1,0
1141,TXN-001141,20231006,322,690,10,,2,6565.35,6565.35,Income,Completed,0,1
1142,TXN-001142,20230504,174,671,1,6,4,-169.17,169.17,Expense,Completed,0,0
1143,TXN-001143,20230315,405,947,19,1,2,-149.17,149.17,Expense,Completed,0,0
1144,TXN-001144,20240311,313,369,1,15,1,-380.25,380.25,Expense,Completed,0,0
1145,TXN-001145,20230401,502,651,4,5,7,-120.33,120.33,Expense,Completed,0,0
1146,TXN-001146,20221105,35,893,5,9,1,-57.08,57.08,Expense,Completed,0,0
1147,TXN-001147,20230201,320,330,7,12,2,-103.71,103.71,Expense,Reversed,0,0
1148,TXN-001148,20240519,35,893,7,10,4,-483.59,483.59,Expense,Completed,0,0
1149,TXN-001149,20240417,353,576,4,2,7,-246.38,246.38,Expense,Completed,0,0
1150,TXN-001150,20231214,718,139,13,,3,4875.24,4875.24,Transfer,Completed,0,0
1151,TXN-001151,20230219,719,157,5,14,5,-11.29,11.29,Expense,Completed,0,0
1152,TXN-001152,20240123,276,503,2,18,7,-1132.08,1132.08,Expense,Completed,0,1
1153,TXN-001153,20230814,699,657,3,19,1,-490.93,490.93,Expense,Completed,0,1
1154,TXN-001154,20221014,282,166,12,,2,3499.05,3499.05,Income,Completed,1,0
1155,TXN-001155,20220509,39,815,7,2,5,-350.53,350.53,Expense,Completed,0,0
1156,TXN-001156,20221001,754,754,2,15,2,-872.0,872.0,Expense,Completed,0,1
1157,TXN-001157,20240428,298,559,6,18,5,-129.83,129.83,Expense,Completed,0,0
1158,TXN-001158,20221210,295,619,17,4,5,-98.28,98.28,Expense,Completed,0,1
1159,TXN-001159,20240703,800,403,1,12,1,-77.18,77.18,Expense,Completed,0,0
1160,TXN-001160,20240615,516,155,11,,2,258.73,258.73,Income,Completed,0,0
1161,TXN-001161,20230611,680,400,14,,3,-4495.16,4495.16,Transfer,Completed,0,0
1162,TXN-001162,20231008,275,132,6,18,2,-133.5,133.5,Expense,Completed,0,0
1163,TXN-001163,20240723,356,43,11,,7,437.98,437.98,Income,Completed,0,0
1164,TXN-001164,20230523,153,71,13,,5,4126.03,4126.03,Transfer,Completed,0,0
1165,TXN-001165,20240710,449,837,16,6,1,-370.66,370.66,Expense,Completed,0,1
1166,TXN-001166,20241222,410,135,18,17,5,-1035.23,1035.23,Expense,Completed,0,0
1167,TXN-001167,20231106,226,626,4,5,1,-290.52,290.52,Expense,Completed,0,0
1168,TXN-001168,20220213,275,375,1,4,7,-175.52,175.52,Expense,Completed,0,0
1169,TXN-001169,20240329,537,128,1,6,3,-421.38,421.38,Expense,Completed,0,0
1170,TXN-001170,20220528,28,981,16,20,7,-291.46,291.46,Expense,Pending,0,1
1171,TXN-001171,20240714,571,977,13,,1,4518.59,4518.59,Transfer,Completed,0,0
1172,TXN-001172,20220219,611,934,11,,5,345.42,345.42,Income,Completed,0,0
1173,TXN-001173,20230927,50,808,1,20,1,-328.79,328.79,Expense,Completed,0,0
1174,TXN-001174,20220621,333,730,18,8,4,-180.38,180.38,Expense,Pending,0,0
1175,TXN-001175,20240923,600,544,20,,2,7598.9,7598.9,Income,Completed,0,0
1176,TXN-001176,20240826,571,865,1,14,3,-125.94,125.94,Expense,Completed,0,0
1177,TXN-001177,20220430,318,40,2,6,6,-2892.64,2892.64,Expense,Completed,0,1
1178,TXN-001178,20240729,401,820,4,13,6,-307.83,307.83,Expense,Completed,0,0
1179,TXN-001179,20240421,472,212,7,18,5,-335.7,335.7,Expense,Failed,0,0
1180,TXN-001180,20230505,789,193,3,15,2,-94.41,94.41,Expense,Completed,0,1
1181,TXN-001181,20231025,216,236,4,3,7,-318.66,318.66,Expense,Completed,0,0
1182,TXN-001182,20230208,109,572,3,8,4,-202.0,202.0,Expense,Completed,0,1
1183,TXN-001183,20240802,600,741,1,18,1,-356.4,356.4,Expense,Completed,0,0
1184,TXN-001184,20241118,403,880,1,20,1,-153.35,153.35,Expense,Completed,0,0
1185,TXN-001185,20231217,590,364,4,8,6,-84.79,84.79,Expense,Completed,0,0
1186,TXN-001186,20241229,220,10,1,13,7,-321.52,321.52,Expense,Completed,0,0
1187,TXN-001187,20220327,727,204,3,5,2,-421.18,421.18,Expense,Completed,0,1
1188,TXN-001188,20231111,508,816,7,10,7,-230.6,230.6,Expense,Completed,0,0
1189,TXN-001189,20231213,731,564,5,8,1,-34.56,34.56,Expense,Completed,0,0
1190,TXN-001190,20221017,382,802,3,7,3,-162.3,162.3,Expense,Completed,0,1
1191,TXN-001191,20240828,644,533,10,,7,2288.84,2288.84,Income,Failed,0,1
1192,TXN-001192,20220326,279,465,1,16,7,-89.34,89.34,Expense,Failed,0,0
1193,TXN-001193,20220817,389,941,7,16,1,-447.37,447.37,Expense,Completed,0,0
1194,TXN-001194,20220508,752,845,7,1,7,-120.66,120.66,Expense,Completed,0,0
1195,TXN-001195,20230130,340,913,2,15,4,-2636.83,2636.83,Expense,Completed,0,1
1196,TXN-001196,20240101,496,740,3,7,1,-332.39,332.39,Expense,Completed,0,1
1197,TXN-001197,20241114,222,588,12,,7,779.8,779.8,Income,Completed,0,0
1198,TXN-001198,20220518,687,940,1,1,3,-209.01,209.01,Expense,Completed,0,0
1199,TXN-001199,20241206,661,751,10,,1,5339.43,5339.43,Income,Failed,0,1
1200,TXN-001200,20240924,596,264,1,1,4,-360.71,360.71,Expense,Completed,0,0
1201,TXN-001201,20240304,402,961,13,,3,2875.15,2875.15,Transfer,Completed,0,0
1202,TXN-001202,20241013,215,48,10,,7,8362.44,8362.44,Income,Reversed,0,1
1203,TXN-001203,20220405,508,161,4,1,4,-38.46,38.46,Expense,Completed,0,0
1204,TXN-001204,20220725,141,318,18,2,3,-545.25,545.25,Expense,Completed,0,0
1205,TXN-001205,20230722,110,704,5,18,7,-22.89,22.89,Expense,Completed,0,0
1206,TXN-001206,20231027,644,533,13,,5,2734.98,2734.98,Transfer,Completed,0,0
1207,TXN-001207,20240607,420,546,8,16,3,-429.61,429.61,Expense,Reversed,0,0
1208,TXN-001208,20230719,208,78,10,,1,1972.5,1972.5,Income,Completed,0,1
1209,TXN-001209,20230419,207,640,5,8,2,-127.93,127.93,Expense,Completed,0,0
1210,TXN-001210,20230303,389,327,10,,6,6950.32,6950.32,Income,Completed,0,1
1211,TXN-001211,20221204,586,474,3,16,4,-334.09,334.09,Expense,Completed,0,1
1212,TXN-001212,20240424,15,631,13,,6,395.83,395.83,Transfer,Completed,0,0
1213,TXN-001213,20220705,462,215,4,8,5,-159.34,159.34,Expense,Failed,0,0
1214,TXN-001214,20231204,229,340,10,,4,7336.93,7336.93,Income,Completed,0,1
1215,TXN-001215,20240507,308,806,3,1,2,-64.97,64.97,Expense,Completed,0,1
1216,TXN-001216,20240201,2,4,18,7,7,-1160.92,1160.92,Expense,Completed,0,0
1217,TXN-001217,20240426,376,205,8,13,4,-266.56,266.56,Expense,Pending,1,0
1218,TXN-001218,20230510,366,797,14,,3,-254.81,254.81,Transfer,Failed,0,0
1219,TXN-001219,20230320,782,28,20,,3,3727.25,3727.25,Income,Completed,1,0
1220,TXN-001220,20230617,783,491,1,15,6,-492.61,492.61,Expense,Completed,0,0
1221,TXN-001221,20220119,363,6,6,20,7,-47.36,47.36,Expense,Completed,0,0
1222,TXN-001222,20220721,280,100,1,18,4,-274.38,274.38,Expense,Completed,0,0
1223,TXN-001223,20220504,77,969,16,6,3,-23.88,23.88,Expense,Pending,0,1
1224,TXN-001224,20230322,82,869,6,20,5,-90.83,90.83,Expense,Reversed,0,0
1225,TXN-001225,20220627,600,610,7,3,6,-334.38,334.38,Expense,Completed,0,0
1226,TXN-001226,20220927,600,610,10,,1,9164.0,9164.0,Income,Completed,0,1
1227,TXN-001227,20240105,151,855,4,2,4,-190.33,190.33,Expense,Completed,0,0
1228,TXN-001228,20240108,449,709,1,3,1,-335.98,335.98,Expense,Completed,0,0
1229,TXN-001229,20240809,751,555,3,6,5,-13.22,13.22,Expense,Completed,0,1
1230,TXN-001230,20230304,674,32,6,10,2,-16.54,16.54,Expense,Completed,0,0
1231,TXN-001231,20220127,764,189,7,7,3,-232.26,232.26,Expense,Pending,0,0
1232,TXN-001232,20231115,555,332,4,1,4,-489.54,489.54,Expense,Completed,0,0
1233,TXN-001233,20230605,426,973,5,7,4,-111.37,111.37,Expense,Failed,0,0
1234,TXN-001234,20221201,519,943,13,,3,3020.42,3020.42,Transfer,Completed,1,0
1235,TXN-001235,20220410,722,288,13,,5,3836.11,3836.11,Transfer,Completed,0,0
1236,TXN-001236,20240114,207,446,7,10,2,-471.53,471.53,Expense,Failed,0,0
1237,TXN-001237,20230616,323,175,2,4,6,-2528.34,2528.34,Expense,Completed,0,1
1238,TXN-001238,20230716,392,882,14,,7,-2255.14,2255.14,Transfer,Completed,0,0
1239,TXN-001239,20230913,639,137,10,,6,13028.67,13028.67,Income,Completed,0,1
1240,TXN-001240,20220320,750,856,17,19,3,-132.6,132.6,Expense,Completed,0,1
1241,TXN-001241,20230410,499,905,6,20,7,-54.05,54.05,Expense,Completed,0,0
1242,TXN-001242,20220125,33,762,13,,2,775.72,775.72,Transfer,Completed,0,0
1243,TXN-001243,20221016,270,607,7,19,5,-490.44,490.44,Expense,Completed,0,0
1244,TXN-001244,20240131,565,34,13,,6,2191.51,2191.51,Transfer,Completed,0,0
1245,TXN-001245,20220211,471,437,1,20,7,-450.71,450.71,Expense,Pending,0,0
1246,TXN-001246,20231224,268,247,6,16,6,-149.99,149.99,Expense,Pending,0,0
1247,TXN-001247,20220114,379,625,17,4,6,-26.64,26.64,Expense,Completed,0,1
1248,TXN-001248,20240716,313,369,11,,4,75.76,75.76,Income,Completed,0,0
1249,TXN-001249,20231029,14,408,4,10,2,-239.91,239.91,Expense,Pending,0,0
1250,TXN-001250,20240412,484,664,4,13,1,-106.92,106.92,Expense,Completed,0,0
1251,TXN-001251,20220329,337,606,13,,7,892.57,892.57,Transfer,Completed,0,0
1252,TXN-001252,20240127,708,150,1,11,1,-416.86,416.86,Expense,Completed,1,0
1253,TXN-001253,20220525,220,846,13,,1,1519.2,1519.2,Transfer,Completed,0,0
1254,TXN-001254,20220428,637,899,16,9,6,-469.19,469.19,Expense,Pending,0,1
1255,TXN-001255,20220601,376,205,10,,2,14050.58,14050.58,Income,Completed,0,1
1256,TXN-001256,20240831,121,470,4,10,3,-370.76,370.76,Expense,Completed,0,0
1257,TXN-001257,20230625,780,890,17,18,5,-109.51,109.51,Expense,Completed,0,1
1258,TXN-001258,20240314,666,779,1,20,2,-34.21,34.21,Expense,Completed,0,0
1259,TXN-001259,20241015,441,830,19,3,4,-34.78,34.78,Expense,Pending,0,0
1260,TXN-001260,20240513,768,874,3,20,6,-24.88,24.88,Expense,Completed,0,1
1261,TXN-001261,20231013,145,848,1,18,6,-414.83,414.83,Expense,Completed,0,0
1262,TXN-001262,20231228,198,151,18,4,6,-2741.68,2741.68,Expense,Completed,0,0
1263,TXN-001263,20241107,455,974,5,12,7,-139.23,139.23,Expense,Completed,0,0
1264,TXN-001264,20220623,392,500,18,2,3,-2403.37,2403.37,Expense,Completed,0,0
1265,TXN-001265,20230517,768,874,11,,7,377.99,377.99,Income,Completed,0,0
1266,TXN-001266,20240912,153,71,7,6,5,-347.35,347.35,Expense,Completed,0,0
1267,TXN-001267,20230417,206,8,17,11,2,-28.61,28.61,Expense,Completed,0,1
1268,TXN-001268,20220113,508,816,2,9,6,-2860.14,2860.14,Expense,Completed,0,1
1269,TXN-001269,20231202,678,769,12,,5,4059.53,4059.53,Income,Completed,0,0
1270,TXN-001270,20240701,356,864,2,6,1,-2695.17,2695.17,Expense,Completed,0,1
1271,TXN-001271,20230716,749,228,14,,7,-1145.54,1145.54,Transfer,Completed,0,0
1272,TXN-001272,20240217,108,358,6,1,1,-33.35,33.35,Expense,Completed,0,0
1273,TXN-001273,20230422,637,899,10,,7,3927.09,3927.09,Income,Completed,0,1
1274,TXN-001274,20241230,122,280,2,20,1,-1963.6,1963.6,Expense,Failed,0,1
1275,TXN-001275,20240408,639,483,15,3,7,-372.29,372.29,Expense,Completed,0,1
1276,TXN-001276,20241210,298,82,4,16,4,-423.22,423.22,Expense,Completed,0,0
1277,TXN-001277,20220906,132,229,8,12,6,-218.44,218.44,Expense,Completed,0,0
1278,TXN-001278,20230419,708,150,1,14,3,-476.34,476.34,Expense,Completed,0,0
1279,TXN-001279,20240328,427,520,7,9,5,-309.69,309.69,Expense,Completed,0,0
1280,TXN-001280,20230312,486,46,10,,3,7887.01,7887.01,Income,Completed,0,1
1281,TXN-001281,20231109,522,126,1,1,4,-282.9,282.9,Expense,Completed,0,0
1282,TXN-001282,20221026,502,651,6,6,2,-24.3,24.3,Expense,Completed,0,0
1283,TXN-001283,20230820,565,689,11,,3,269.8,269.8,Income,Completed,0,0
1284,TXN-001284,20241228,221,512,4,7,6,-196.22,196.22,Expense,Completed,0,0
1285,TXN-001285,20230602,276,503,2,18,2,-2133.86,2133.86,Expense,Failed,0,1
1286,TXN-001286,20221216,72,736,7,18,1,-197.29,197.29,Expense,Completed,0,0
1287,TXN-001287,20240325,282,166,7,16,4,-183.1,183.1,Expense,Completed,0,0
1288,TXN-001288,20230705,667,571,14,,3,-988.04,988.04,Transfer,Completed,0,0
1289,TXN-001289,20240814,754,241,6,12,7,-147.33,147.33,Expense,Failed,1,0
1290,TXN-001290,20230731,337,517,6,9,5,-99.37,99.37,Expense,Completed,0,0
1291,TXN-001291,20230610,322,690,17,18,3,-127.82,127.82,Expense,Completed,0,1
1292,TXN-001292,20230715,161,579,17,14,6,-36.01,36.01,Expense,Completed,0,1
1293,TXN-001293,20230115,222,588,13,,3,4455.88,4455.88,Transfer,Pending,0,0
1294,TXN-001294,20220227,461,670,6,15,1,-137.24,137.24,Expense,Completed,0,0
1295,TXN-001295,20230508,206,8,1,13,5,-215.88,215.88,Expense,Completed,0,0
1296,TXN-001296,20220507,7,377,1,8,6,-446.68,446.68,Expense,Completed,0,0
1297,TXN-001297,20241212,497,471,7,1,7,-422.4,422.4,Expense,Completed,0,0
1298,TXN-001298,20240618,310,353,3,11,1,-499.23,499.23,Expense,Completed,0,1
1299,TXN-001299,20230624,318,112,3,10,6,-422.67,422.67,Expense,Completed,0,1
1300,TXN-001300,20240610,787,235,3,19,2,-231.05,231.05,Expense,Completed,1,1
1301,TXN-001301,20220827,390,272,1,7,3,-356.05,356.05,Expense,Completed,0,0
1302,TXN-001302,20221208,719,157,1,15,6,-112.46,112.46,Expense,Completed,0,0
1303,TXN-001303,20230728,19,516,19,16,2,-435.87,435.87,Expense,Completed,0,0
1304,TXN-001304,20221010,570,796,7,3,5,-488.2,488.2,Expense,Completed,0,0
1305,TXN-001305,20241212,161,579,15,17,3,-1979.24,1979.24,Expense,Completed,0,1
1306,TXN-001306,20230108,61,622,10,,4,5465.04,5465.04,Income,Pending,0,1
1307,TXN-001307,20230405,703,482,6,12,6,-11.63,11.63,Expense,Completed,0,0
1308,TXN-001308,20240228,288,594,8,10,3,-409.53,409.53,Expense,Completed,0,0
1309,TXN-001309,20220717,514,390,1,13,2,-197.35,197.35,Expense,Completed,0,0
1310,TXN-001310,20240330,192,920,4,3,4,-21.57,21.57,Expense,Completed,0,0
1311,TXN-001311,20221118,83,675,11,,4,55.87,55.87,Income,Completed,0,0
1312,TXN-001312,20230617,719,157,7,13,2,-426.33,426.33,Expense,Completed,0,0
1313,TXN-001313,20240830,246,656,7,3,1,-87.89,87.89,Expense,Completed,0,0
1314,TXN-001314,20220619,537,128,6,8,7,-132.32,132.32,Expense,Completed,0,0
1315,TXN-001315,20240321,99,214,20,,6,4722.09,4722.09,Income,Completed,0,0
1316,TXN-001316,20230803,205,188,12,,4,1344.46,1344.46,Income,Completed,0,0
1317,TXN-001317,20241104,780,890,9,19,5,-397.57,397.57,Expense,Completed,0,0
1318,TXN-001318,20230914,717,944,14,,1,-4509.2,4509.2,Transfer,Completed,0,0
1319,TXN-001319,20231203,389,327,5,2,2,-112.33,112.33,Expense,Completed,0,0
1320,TXN-001320,20220522,216,236,2,9,5,-565.64,565.64,Expense,Completed,0,1
1321,TXN-001321,20240413,295,619,4,9,1,-127.67,127.67,Expense,Completed,0,0
1322,TXN-001322,20220420,79,535,3,7,2,-466.88,466.88,Expense,Completed,0,1
1323,TXN-001323,20221104,613,669,4,18,5,-118.34,118.34,Expense,Completed,0,0
1324,TXN-001324,20220902,142,627,11,,2,284.86,284.86,Income,Failed,0,0
1325,TXN-001325,20230921,720,696,5,20,2,-49.28,49.28,Expense,Completed,0,0
1326,TXN-001326,20240425,35,893,19,6,6,-268.87,268.87,Expense,Completed,0,0
1327,TXN-001327,20241010,731,912,1,20,1,-61.64,61.64,Expense,Completed,0,0
1328,TXN-001328,20240513,221,956,6,4,2,-148.35,148.35,Expense,Completed,0,0
1329,TXN-001329,20231030,315,348,7,11,7,-476.17,476.17,Expense,Completed,0,0
1330,TXN-001330,20240613,310,353,1,9,6,-316.15,316.15,Expense,Completed,0,0
1331,TXN-001331,20220919,129,522,16,6,4,-95.9,95.9,Expense,Completed,0,1
1332,TXN-001332,20221223,382,925,3,6,1,-259.8,259.8,Expense,Failed,0,1
1333,TXN-001333,20240927,132,935,17,18,7,-95.83,95.83,Expense,Completed,0,1
1334,TXN-001334,20240112,118,25,6,6,5,-74.19,74.19,Expense,Completed,0,0
1335,TXN-001335,20220306,252,538,2,17,3,-2773.87,2773.87,Expense,Reversed,0,1
1336,TXN-001336,20220412,777,440,16,14,2,-109.73,109.73,Expense,Completed,0,1
1337,TXN-001337,20230103,637,355,14,,2,-2061.16,2061.16,Transfer,Completed,0,0
1338,TXN-001338,20240926,314,202,1,7,5,-354.35,354.35,Expense,Pending,0,0
1339,TXN-001339,20240415,31,955,7,20,6,-314.53,314.53,Expense,Pending,0,0
1340,TXN-001340,20220821,249,248,4,10,2,-226.3,226.3,Expense,Completed,0,0
1341,TXN-001341,20231019,73,7,13,,7,4611.58,4611.58,Transfer,Completed,0,0
1342,TXN-001342,20220401,50,808,11,,5,396.07,396.07,Income,Completed,0,0
1343,TXN-001343,20230113,46,682,2,4,1,-2603.08,2603.08,Expense,Completed,0,1
1344,TXN-001344,20220705,390,272,5,16,3,-86.91,86.91,Expense,Completed,0,0
1345,TXN-001345,20220522,721,147,2,8,5,-1049.27,1049.27,Expense,Completed,0,1
1346,TXN-001346,20240919,180,834,18,10,1,-932.71,932.71,Expense,Failed,0,0
1347,TXN-001347,20231112,570,796,13,,5,769.38,769.38,Transfer,Completed,0,0
1348,TXN-001348,20231110,636,460,6,4,4,-103.26,103.26,Expense,Completed,0,0
1349,TXN-001349,20240808,83,368,1,1,2,-299.46,299.46,Expense,Completed,0,0
1350,TXN-001350,20240511,35,893,15,19,3,-1425.04,1425.04,Expense,Completed,0,1
1351,TXN-001351,20230511,76,929,10,,1,13794.89,13794.89,Income,Completed,0,1
1352,TXN-001352,20220105,369,386,10,,6,2899.66,2899.66,Income,Completed,0,1
1353,TXN-001353,20240713,437,658,8,16,1,-66.23,66.23,Expense,Completed,0,0
1354,TXN-001354,20220203,786,74,8,18,4,-72.27,72.27,Expense,Completed,0,0
1355,TXN-001355,20220328,731,564,2,14,6,-1042.63,1042.63,Expense,Completed,0,1
1356,TXN-001356,20220930,404,859,1,12,6,-400.74,400.74,Expense,Completed,0,0
1357,TXN-001357,20230923,720,696,10,,5,5208.29,5208.29,Income,Completed,0,1
1358,TXN-001358,20230504,738,590,10,,1,11003.38,11003.38,Income,Completed,0,1
1359,TXN-001359,20240803,28,64,3,1,3,-347.29,347.29,Expense,Completed,0,1
1360,TXN-001360,20240629,312,361,3,9,6,-247.09,247.09,Expense,Completed,1,1
1361,TXN-001361,20230702,329,734,10,,3,7285.07,7285.07,Income,Completed,0,1
1362,TXN-001362,20220331,30,897,1,16,3,-431.43,431.43,Expense,Completed,0,0
1363,TXN-001363,20241113,323,175,4,3,5,-106.73,106.73,Expense,Completed,0,0
1364,TXN-001364,20240320,500,153,14,,2,-4519.88,4519.88,Transfer,Completed,0,0
1365,TXN-001365,20220319,590,313,2,14,6,-2431.62,2431.62,Expense,Completed,0,1
1366,TXN-001366,20230913,24,991,7,10,7,-170.93,170.93,Expense,Completed,0,0
1367,TXN-001367,20221218,698,206,20,,1,4887.65,4887.65,Income,Failed,1,0
1368,TXN-001368,20240430,652,885,6,9,4,-138.5,138.5,Expense,Failed,0,0
1369,TXN-001369,20231030,159,761,2,18,5,-2954.86,2954.86,Expense,Completed,0,1
1370,TXN-001370,20220806,11,872,2,15,6,-541.66,541.66,Expense,Completed,0,1
1371,TXN-001371,20241212,10,749,10,,6,13681.74,13681.74,Income,Completed,1,1
1372,TXN-001372,20220101,506,824,9,10,6,-402.08,402.08,Expense,Completed,0,0
1373,TXN-001373,20240522,484,664,15,1,6,-1636.71,1636.71,Expense,Completed,0,1
1374,TXN-001374,20220122,308,806,20,,4,6801.01,6801.01,Income,Completed,0,0
1375,TXN-001375,20220316,643,493,8,16,1,-372.31,372.31,Expense,Completed,0,0
1376,TXN-001376,20241028,636,460,10,,4,8425.71,8425.71,Income,Failed,0,1
1377,TXN-001377,20231121,567,946,7,5,4,-285.96,285.96,Expense,Completed,0,0
1378,TXN-001378,20221222,487,207,13,,6,3173.92,3173.92,Transfer,Completed,0,0
1379,TXN-001379,20240114,186,987,3,4,3,-156.02,156.02,Expense,Completed,0,1
1380,TXN-001380,20220427,304,411,1,7,1,-191.33,191.33,Expense,Completed,0,0
1381,TXN-001381,20240320,350,213,10,,4,9559.56,9559.56,Income,Completed,0,1
1382,TXN-001382,20230131,16,875,5,15,5,-91.51,91.51,Expense,Completed,0,0
1383,TXN-001383,20220219,340,432,17,1,7,-80.04,80.04,Expense,Completed,0,1
1384,TXN-001384,20231006,172,979,3,7,4,-338.0,338.0,Expense,Completed,0,1
1385,TXN-001385,20230411,619,42,7,15,4,-107.81,107.81,Expense,Completed,0,0
1386,TXN-001386,20220820,382,925,2,17,3,-2606.97,2606.97,Expense,Completed,0,1
1387,TXN-001387,20241009,7,603,10,,1,4408.1,4408.1,Income,Completed,0,1
1388,TXN-001388,20230421,571,168,14,,2,-770.96,770.96,Transfer,Completed,0,0
1389,TXN-001389,20220302,33,813,4,9,4,-453.48,453.48,Expense,Completed,0,0
1390,TXN-001390,20240826,74,725,14,,4,-4645.76,4645.76,Transfer,Reversed,0,0
1391,TXN-001391,20231214,42,539,17,13,7,-30.02,30.02,Expense,Completed,0,1
1392,TXN-001392,20231101,405,570,8,8,1,-478.15,478.15,Expense,Completed,0,0
1393,TXN-001393,20220612,633,314,18,1,2,-278.08,278.08,Expense,Completed,0,0
1394,TXN-001394,20220121,61,849,2,14,6,-1631.03,1631.03,Expense,Pending,0,1
1395,TXN-001395,20220329,426,973,7,19,2,-276.33,276.33,Expense,Failed,0,0
1396,TXN-001396,20230414,719,157,3,11,2,-32.24,32.24,Expense,Completed,0,1
1397,TXN-001397,20240624,537,976,13,,6,3245.02,3245.02,Transfer,Completed,0,0
1398,TXN-001398,20240121,117,467,3,14,2,-37.81,37.81,Expense,Completed,0,1
1399,TXN-001399,20241009,306,181,15,18,5,-361.47,361.47,Expense,Failed,0,1
1400,TXN-001400,20230525,582,485,18,7,3,-641.47,641.47,Expense,Completed,0,0
1401,TXN-001401,20231203,405,947,11,,4,10.8,10.8,Income,Completed,0,0
1402,TXN-001402,20220415,221,1,3,8,7,-349.1,349.1,Expense,Completed,0,1
1403,TXN-001403,20220720,782,28,12,,6,4644.94,4644.94,Income,Completed,0,0
1404,TXN-001404,20241012,416,724,4,10,6,-74.02,74.02,Expense,Completed,0,0
1405,TXN-001405,20241013,611,934,11,,7,196.7,196.7,Income,Completed,0,0
1406,TXN-001406,20240514,636,460,5,7,2,-13.63,13.63,Expense,Completed,0,0
1407,TXN-001407,20241210,39,815,5,15,6,-124.71,124.71,Expense,Pending,0,0
1408,TXN-001408,20220606,499,905,7,9,3,-482.06,482.06,Expense,Completed,1,0
1409,TXN-001409,20230621,446,35,1,14,1,-305.02,305.02,Expense,Completed,0,0
1410,TXN-001410,20240629,41,532,17,5,2,-40.21,40.21,Expense,Failed,1,1
1411,TXN-001411,20231229,361,828,4,18,2,-339.33,339.33,Expense,Completed,0,0
1412,TXN-001412,20240401,743,3,8,19,5,-10.37,10.37,Expense,Completed,0,0
1413,TXN-001413,20240128,312,466,12,,2,1328.5,1328.5,Income,Completed,0,0
1414,TXN-001414,20220314,56,928,16,10,4,-411.73,411.73,Expense,Completed,0,1
1415,TXN-001415,20230206,73,7,13,,6,307.15,307.15,Transfer,Completed,0,0
1416,TXN-001416,20230417,368,684,15,19,3,-497.9,497.9,Expense,Completed,0,1
1417,TXN-001417,20230323,212,19,2,11,6,-2001.37,2001.37,Expense,Reversed,0,1
1418,TXN-001418,20240910,192,920,4,15,6,-35.69,35.69,Expense,Failed,0,0
1419,TXN-001419,20230506,189,243,16,8,3,-471.5,471.5,Expense,Failed,0,1
1420,TXN-001420,20220607,279,465,17,8,1,-17.37,17.37,Expense,Completed,0,1
1421,TXN-001421,20220329,506,604,7,12,4,-74.15,74.15,Expense,Completed,0,0
1422,TXN-001422,20220405,265,936,5,2,2,-7.15,7.15,Expense,Completed,0,0
1423,TXN-001423,20230505,482,230,15,15,5,-1648.22,1648.22,Expense,Completed,0,1
1424,TXN-001424,20220706,419,477,6,8,3,-64.37,64.37,Expense,Completed,0,0
1425,TXN-001425,20240807,16,875,1,5,2,-28.73,28.73,Expense,Failed,0,0
1426,TXN-001426,20230721,244,486,13,,1,1730.13,1730.13,Transfer,Completed,1,0
1427,TXN-001427,20221018,145,402,13,,2,2533.77,2533.77,Transfer,Completed,0,0
1428,TXN-001428,20240309,787,417,4,1,7,-366.5,366.5,Expense,Completed,0,0
1429,TXN-001429,20230215,570,796,3,19,7,-207.23,207.23,Expense,Completed,0,1
1430,TXN-001430,20230430,244,21,7,17,3,-197.03,197.03,Expense,Completed,0,0
1431,TXN-001431,20240505,83,368,7,17,3,-76.53,76.53,Expense,Completed,0,0
1432,TXN-001432,20230413,680,274,3,16,4,-81.01,81.01,Expense,Completed,0,1
1433,TXN-001433,20240310,744,833,10,,4,7816.04,7816.04,Income,Completed,0,1
1434,TXN-001434,20221117,379,426,7,3,1,-108.33,108.33,Expense,Pending,0,0
1435,TXN-001435,20221214,286,96,15,1,6,-1479.62,1479.62,Expense,Completed,0,1
1436,TXN-001436,20221031,408,1000,18,5,2,-2771.95,2771.95,Expense,Completed,0,0
1437,TXN-001437,20240704,129,522,4,4,4,-227.15,227.15,Expense,Completed,0,0
1438,TXN-001438,20221220,315,348,3,4,4,-185.74,185.74,Expense,Completed,0,1
1439,TXN-001439,20240905,264,514,2,16,5,-2194.59,2194.59,Expense,Completed,0,1
1440,TXN-001440,20220412,625,614,17,1,1,-33.27,33.27,Expense,Completed,0,1
1441,TXN-001441,20241010,713,851,1,7,5,-362.12,362.12,Expense,Pending,0,0
1442,TXN-001442,20240426,577,495,4,8,6,-469.65,469.65,Expense,Reversed,0,0
1443,TXN-001443,20221117,543,963,7,7,5,-305.93,305.93,Expense,Completed,0,0
1444,TXN-001444,20230919,241,541,13,,5,1620.95,1620.95,Transfer,Completed,0,0
1445,TXN-001445,20241127,551,16,5,1,6,-130.7,130.7,Expense,Completed,0,0
1446,TXN-001446,20220420,461,870,10,,1,5087.64,5087.64,Income,Completed,1,1
1447,TXN-001447,20230522,276,738,5,10,6,-9.08,9.08,Expense,Completed,0,0
1448,TXN-001448,20230315,639,137,20,,1,9928.49,9928.49,Income,Completed,0,0
1449,TXN-001449,20240131,398,580,10,,7,4866.32,4866.32,Income,Completed,0,1
1450,TXN-001450,20240216,602,97,3,9,7,-81.79,81.79,Expense,Completed,0,1
1451,TXN-001451,20231222,387,75,11,,5,366.28,366.28,Income,Completed,0,0
1452,TXN-001452,20230516,268,459,8,5,1,-336.48,336.48,Expense,Completed,0,0
1453,TXN-001453,20220122,325,253,1,16,6,-247.45,247.45,Expense,Completed,0,0
1454,TXN-001454,20220805,138,218,11,,5,471.96,471.96,Income,Completed,0,0
1455,TXN-001455,20220713,61,144,15,6,3,-281.65,281.65,Expense,Completed,0,1
1456,TXN-001456,20221220,545,829,1,5,7,-419.68,419.68,Expense,Completed,0,0
1457,TXN-001457,20240604,706,481,5,1,5,-33.65,33.65,Expense,Completed,0,0
1458,TXN-001458,20240408,348,116,7,15,1,-499.09,499.09,Expense,Completed,0,0
1459,TXN-001459,20240906,531,323,15,6,6,-1785.0,1785.0,Expense,Completed,0,1
1460,TXN-001460,20221123,596,264,17,18,4,-66.19,66.19,Expense,Completed,0,1
1461,TXN-001461,20230306,719,157,1,2,2,-398.28,398.28,Expense,Completed,0,0
1462,TXN-001462,20220123,246,244,5,16,5,-48.66,48.66,Expense,Completed,0,0
1463,TXN-001463,20231024,348,116,10,,2,9339.54,9339.54,Income,Completed,0,1
1464,TXN-001464,20230615,750,856,8,2,3,-151.14,151.14,Expense,Completed,0,0
1465,TXN-001465,20220311,75,250,15,8,5,-496.03,496.03,Expense,Completed,0,1
1466,TXN-001466,20230503,236,807,4,6,7,-331.62,331.62,Expense,Completed,0,0
1467,TXN-001467,20230104,2,681,13,,5,4808.81,4808.81,Transfer,Completed,0,0
1468,TXN-001468,20240111,675,149,5,15,5,-80.11,80.11,Expense,Completed,0,0
1469,TXN-001469,20240222,351,790,2,18,4,-2573.04,2573.04,Expense,Completed,0,1
1470,TXN-001470,20220526,200,258,4,5,5,-469.27,469.27,Expense,Completed,0,0
1471,TXN-001471,20240824,761,173,13,,1,1386.23,1386.23,Transfer,Pending,0,0
1472,TXN-001472,20240329,611,463,5,7,2,-102.89,102.89,Expense,Completed,0,0
1473,TXN-001473,20220505,684,367,15,2,7,-820.82,820.82,Expense,Completed,0,1
1474,TXN-001474,20230529,590,338,7,3,4,-113.08,113.08,Expense,Completed,0,0
1475,TXN-001475,20231028,285,923,18,4,5,-147.18,147.18,Expense,Pending,0,0
1476,TXN-001476,20220403,129,692,8,19,7,-235.63,235.63,Expense,Completed,0,0
1477,TXN-001477,20220213,759,708,7,12,5,-208.66,208.66,Expense,Failed,0,0
1478,TXN-001478,20230310,635,952,6,6,3,-117.98,117.98,Expense,Pending,0,0
1479,TXN-001479,20220314,588,566,7,4,1,-364.94,364.94,Expense,Completed,0,0
1480,TXN-001480,20230503,267,705,3,4,5,-323.32,323.32,Expense,Completed,0,1
1481,TXN-001481,20220716,430,919,4,3,5,-116.56,116.56,Expense,Completed,0,0
1482,TXN-001482,20230111,40,81,4,13,7,-302.47,302.47,Expense,Failed,0,0
1483,TXN-001483,20220731,209,509,14,,4,-4681.2,4681.2,Transfer,Completed,0,0
1484,TXN-001484,20220414,437,658,17,15,1,-70.53,70.53,Expense,Completed,0,1
1485,TXN-001485,20220330,604,916,10,,1,8257.82,8257.82,Income,Completed,0,1
1486,TXN-001486,20220528,166,359,5,10,5,-10.52,10.52,Expense,Completed,0,0
1487,TXN-001487,20230810,486,252,7,3,7,-147.5,147.5,Expense,Failed,0,0
1488,TXN-001488,20230209,2,681,7,17,6,-484.84,484.84,Expense,Completed,0,0
1489,TXN-001489,20240513,357,133,3,10,4,-196.24,196.24,Expense,Completed,0,1
1490,TXN-001490,20240703,678,357,14,,2,-2599.89,2599.89,Transfer,Completed,0,0
1491,TXN-001491,20240608,638,863,2,6,7,-1187.17,1187.17,Expense,Completed,0,1
1492,TXN-001492,20230127,722,101,4,6,3,-317.72,317.72,Expense,Completed,0,0
1493,TXN-001493,20220104,636,992,13,,2,3379.01,3379.01,Transfer,Completed,0,0
1494,TXN-001494,20230216,342,343,7,9,5,-38.29,38.29,Expense,Completed,0,0
1495,TXN-001495,20220626,512,800,4,2,2,-157.44,157.44,Expense,Completed,0,0
1496,TXN-001496,20240425,784,140,5,12,6,-116.27,116.27,Expense,Completed,0,0
1497,TXN-001497,20240317,257,746,5,16,3,-112.1,112.1,Expense,Completed,0,0
1498,TXN-001498,20220926,348,116,13,,7,1097.25,1097.25,Transfer,Pending,0,0
1499,TXN-001499,20230319,565,689,3,5,2,-39.74,39.74,Expense,Completed,0,1
1500,TXN-001500,20230415,266,265,1,6,5,-468.91,468.91,Expense,Completed,0,0
1501,TXN-001501,20230118,337,517,10,,3,14894.29,14894.29,Income,Completed,0,1
1502,TXN-001502,20230405,674,490,3,9,3,-193.55,193.55,Expense,Reversed,0,1
1503,TXN-001503,20220804,447,472,12,,5,4860.65,4860.65,Income,Completed,0,0
1504,TXN-001504,20231013,444,160,2,20,3,-1027.44,1027.44,Expense,Completed,0,1
1505,TXN-001505,20240817,227,599,13,,2,1343.16,1343.16,Transfer,Completed,0,0
1506,TXN-001506,20240731,250,488,14,,4,-1461.92,1461.92,Transfer,Completed,0,0
1507,TXN-001507,20240329,270,607,9,17,6,-343.11,343.11,Expense,Completed,0,0
1508,TXN-001508,20231002,411,548,10,,4,13355.55,13355.55,Income,Completed,0,1
1509,TXN-001509,20231025,502,585,12,,7,168.55,168.55,Income,Completed,0,0
1510,TXN-001510,20240725,740,190,3,14,1,-404.83,404.83,Expense,Failed,0,1
1511,TXN-001511,20231023,701,227,17,8,2,-113.5,113.5,Expense,Failed,0,1
1512,TXN-001512,20220629,313,369,4,14,5,-23.63,23.63,Expense,Completed,0,0
1513,TXN-001513,20230703,16,980,10,,3,14763.8,14763.8,Income,Completed,0,1
1514,TXN-001514,20230307,757,504,1,8,7,-183.22,183.22,Expense,Failed,0,0
1515,TXN-001515,20240616,678,769,4,19,6,-468.29,468.29,Expense,Completed,0,0
1516,TXN-001516,20231026,66,23,4,7,1,-397.67,397.67,Expense,Completed,0,0
1517,TXN-001517,20230417,295,619,12,,3,3841.83,3841.83,Income,Completed,0,0
1518,TXN-001518,20230628,498,891,5,11,6,-141.08,141.08,Expense,Completed,0,0
1519,TXN-001519,20240219,664,451,18,16,3,-138.19,138.19,Expense,Completed,1,0
1520,TXN-001520,20220701,206,325,5,9,5,-109.62,109.62,Expense,Completed,0,0
1521,TXN-001521,20230323,727,204,4,10,3,-485.95,485.95,Expense,Pending,0,0
1522,TXN-001522,20220314,163,986,12,,4,2245.99,2245.99,Income,Completed,0,0
1523,TXN-001523,20230813,675,245,4,15,6,-446.34,446.34,Expense,Failed,0,0
1524,TXN-001524,20220619,145,402,20,,3,9757.04,9757.04,Income,Completed,0,0
1525,TXN-001525,20230419,693,475,14,,7,-217.73,217.73,Transfer,Completed,0,0
1526,TXN-001526,20220915,537,128,19,12,1,-96.81,96.81,Expense,Completed,0,0
1527,TXN-001527,20230810,19,180,13,,6,2931.97,2931.97,Transfer,Failed,0,0
1528,TXN-001528,20240502,180,834,6,13,1,-123.36,123.36,Expense,Completed,0,0
1529,TXN-001529,20230127,281,611,16,18,6,-291.94,291.94,Expense,Completed,0,1
1530,TXN-001530,20240829,516,216,1,5,2,-221.67,221.67,Expense,Completed,0,0
1531,TXN-001531,20220711,439,545,4,1,3,-207.62,207.62,Expense,Completed,0,0
1532,TXN-001532,20240906,637,706,13,,1,1237.94,1237.94,Transfer,Completed,0,0
1533,TXN-001533,20240318,502,585,7,16,7,-282.64,282.64,Expense,Completed,0,0
1534,TXN-001534,20220905,745,505,3,2,2,-234.88,234.88,Expense,Failed,0,1
1535,TXN-001535,20230406,161,579,2,3,2,-2509.05,2509.05,Expense,Completed,0,1
1536,TXN-001536,20221001,249,248,12,,4,2863.68,2863.68,Income,Completed,0,0
1537,TXN-001537,20220308,499,352,4,10,3,-150.85,150.85,Expense,Completed,0,0
1538,TXN-001538,20220825,91,873,9,12,3,-180.68,180.68,Expense,Completed,0,0
1539,TXN-001539,20240201,124,498,5,20,2,-102.94,102.94,Expense,Completed,0,0
1540,TXN-001540,20230823,288,927,18,7,6,-2440.64,2440.64,Expense,Completed,0,0
1541,TXN-001541,20230814,717,868,14,,4,-4808.11,4808.11,Transfer,Reversed,0,0
1542,TXN-001542,20241111,288,114,4,19,6,-289.64,289.64,Expense,Completed,0,0
1543,TXN-001543,20240515,403,960,10,,6,11464.63,11464.63,Income,Completed,0,1
1544,TXN-001544,20220712,222,588,14,,7,-2757.39,2757.39,Transfer,Pending,0,0
1545,TXN-001545,20240913,268,459,3,6,2,-326.95,326.95,Expense,Completed,0,1
1546,TXN-001546,20230809,66,430,3,8,7,-294.18,294.18,Expense,Completed,0,1
1547,TXN-001547,20241221,703,496,4,10,2,-21.43,21.43,Expense,Completed,0,0
1548,TXN-001548,20240409,44,652,2,15,5,-2485.13,2485.13,Expense,Completed,0,1
1549,TXN-001549,20241117,387,219,17,12,2,-12.79,12.79,Expense,Completed,0,1
1550,TXN-001550,20220224,446,35,4,14,7,-228.51,228.51,Expense,Completed,0,0
1551,TXN-001551,20220305,663,326,7,10,7,-265.34,265.34,Expense,Completed,0,0
1552,TXN-001552,20221119,64,729,4,10,4,-41.86,41.86,Expense,Completed,0,0
1553,TXN-001553,20230729,570,796,19,5,5,-16.2,16.2,Expense,Pending,0,0
1554,TXN-001554,20220217,402,961,2,16,7,-2702.97,2702.97,Expense,Failed,0,1
1555,TXN-001555,20221017,99,93,3,19,3,-97.01,97.01,Expense,Completed,0,1
1556,TXN-001556,20240505,84,791,11,,2,47.74,47.74,Income,Completed,0,0
1557,TXN-001557,20221214,295,415,8,15,4,-12.91,12.91,Expense,Completed,1,0
1558,TXN-001558,20230926,390,994,3,19,6,-145.47,145.47,Expense,Completed,0,1
1559,TXN-001559,20220109,151,251,10,,7,4851.04,4851.04,Income,Completed,0,1
1560,TXN-001560,20230113,781,662,2,2,1,-527.19,527.19,Expense,Completed,0,1
1561,TXN-001561,20220714,209,983,5,13,3,-50.86,50.86,Expense,Completed,0,0
1562,TXN-001562,20220812,172,979,7,16,2,-185.09,185.09,Expense,Completed,0,0
1563,TXN-001563,20240616,64,729,4,6,4,-34.86,34.86,Expense,Completed,0,0
1564,TXN-001564,20220919,275,132,13,,2,3678.62,3678.62,Transfer,Completed,0,0
1565,TXN-001565,20221122,279,465,1,5,2,-247.17,247.17,Expense,Failed,0,0
1566,TXN-001566,20230101,567,946,15,8,2,-676.01,676.01,Expense,Completed,0,1
1567,TXN-001567,20221225,682,158,5,4,2,-21.58,21.58,Expense,Completed,0,0
1568,TXN-001568,20221231,186,987,19,13,7,-359.44,359.44,Expense,Completed,0,0
1569,TXN-001569,20221228,502,651,5,1,2,-75.04,75.04,Expense,Pending,0,0
1570,TXN-001570,20241020,220,276,10,,2,7454.55,7454.55,Income,Pending,0,1
1571,TXN-001571,20241212,348,116,3,11,6,-471.39,471.39,Expense,Completed,0,1
1572,TXN-001572,20230913,145,848,20,,3,4496.65,4496.65,Income,Completed,0,0
1573,TXN-001573,20230118,685,289,14,,5,-850.59,850.59,Transfer,Completed,0,0
1574,TXN-001574,20230113,388,801,13,,6,2838.5,2838.5,Transfer,Completed,0,0
1575,TXN-001575,20220111,288,114,10,,3,11848.91,11848.91,Income,Failed,0,1
1576,TXN-001576,20230917,226,626,12,,2,1521.77,1521.77,Income,Completed,0,0
1577,TXN-001577,20240103,226,626,7,16,7,-431.72,431.72,Expense,Completed,0,0
1578,TXN-001578,20241005,166,803,10,,6,7517.93,7517.93,Income,Pending,0,1
1579,TXN-001579,20220823,75,250,15,14,5,-1914.86,1914.86,Expense,Pending,0,1
1580,TXN-001580,20221008,719,157,10,,2,7530.84,7530.84,Income,Completed,0,1
1581,TXN-001581,20240609,388,801,5,8,2,-7.49,7.49,Expense,Completed,0,0
1582,TXN-001582,20231211,481,120,2,6,4,-2545.28,2545.28,Expense,Pending,0,1
1583,TXN-001583,20230210,361,828,2,19,6,-2243.9,2243.9,Expense,Completed,0,1
1584,TXN-001584,20220820,523,45,1,15,2,-150.51,150.51,Expense,Completed,0,0
1585,TXN-001585,20230913,176,111,3,4,3,-412.87,412.87,Expense,Completed,0,1
1586,TXN-001586,20230213,279,838,7,3,4,-420.65,420.65,Expense,Failed,0,0
1587,TXN-001587,20220204,611,934,6,10,1,-66.98,66.98,Expense,Completed,0,0
1588,TXN-001588,20230220,176,111,3,19,7,-345.71,345.71,Expense,Completed,0,1
1589,TXN-001589,20231008,561,668,15,7,1,-720.9,720.9,Expense,Completed,0,1
1590,TXN-001590,20220830,473,479,10,,4,10605.3,10605.3,Income,Completed,0,1
1591,TXN-001591,20231225,687,107,8,5,7,-11.46,11.46,Expense,Completed,0,0
1592,TXN-001592,20220703,703,482,1,18,2,-410.06,410.06,Expense,Completed,0,0
1593,TXN-001593,20231012,744,833,11,,7,447.59,447.59,Income,Failed,0,0
1594,TXN-001594,20220903,183,792,2,5,4,-1707.03,1707.03,Expense,Completed,0,1
1595,TXN-001595,20231120,172,242,4,3,1,-312.39,312.39,Expense,Pending,0,0
1596,TXN-001596,20220624,206,8,15,17,7,-786.42,786.42,Expense,Reversed,0,1
1597,TXN-001597,20240527,184,931,7,7,2,-323.78,323.78,Expense,Completed,0,0
1598,TXN-001598,20240430,466,591,10,,4,13291.22,13291.22,Income,Completed,0,1
1599,TXN-001599,20240213,628,589,6,1,1,-142.41,142.41,Expense,Pending,0,0
1600,TXN-001600,20240702,532,798,10,,2,12314.71,12314.71,Income,Completed,0,1
1601,TXN-001601,20240830,280,811,7,7,6,-217.26,217.26,Expense,Completed,0,0
1602,TXN-001602,20240120,371,127,1,20,6,-439.76,439.76,Expense,Failed,0,0
1603,TXN-001603,20230303,51,429,7,10,2,-484.32,484.32,Expense,Completed,0,0
1604,TXN-001604,20241204,501,317,4,14,5,-405.72,405.72,Expense,Completed,0,0
1605,TXN-001605,20230921,718,41,3,18,3,-226.36,226.36,Expense,Completed,0,1
1606,TXN-001606,20231018,514,286,7,2,1,-200.45,200.45,Expense,Completed,0,0
1607,TXN-001607,20230716,564,895,17,3,6,-61.17,61.17,Expense,Completed,0,1
1608,TXN-001608,20221005,697,447,16,16,6,-443.93,443.93,Expense,Completed,0,1
1609,TXN-001609,20240809,734,726,1,1,4,-174.73,174.73,Expense,Completed,0,0
1610,TXN-001610,20230820,686,742,5,19,5,-113.5,113.5,Expense,Completed,0,0
1611,TXN-001611,20240529,461,870,13,,4,4815.79,4815.79,Transfer,Completed,0,0
1612,TXN-001612,20240419,537,850,13,,5,2232.02,2232.02,Transfer,Failed,0,0
1613,TXN-001613,20220218,262,492,11,,1,135.65,135.65,Income,Completed,0,0
1614,TXN-001614,20241026,151,855,15,3,4,-816.81,816.81,Expense,Completed,0,1
1615,TXN-001615,20221125,382,925,4,5,3,-33.21,33.21,Expense,Pending,0,0
1616,TXN-001616,20221209,639,137,7,4,5,-225.06,225.06,Expense,Failed,0,0
1617,TXN-001617,20240317,455,974,5,11,5,-30.31,30.31,Expense,Completed,0,0
1618,TXN-001618,20240313,516,155,18,2,2,-2805.68,2805.68,Expense,Completed,0,0
1619,TXN-001619,20220910,163,986,9,7,7,-20.2,20.2,Expense,Completed,0,0
1620,TXN-001620,20240617,544,378,14,,4,-4483.72,4483.72,Transfer,Failed,0,0
1621,TXN-001621,20240502,461,870,1,1,2,-68.09,68.09,Expense,Completed,0,0
1622,TXN-001622,20220603,128,595,10,,2,11645.11,11645.11,Income,Completed,0,1
1623,TXN-001623,20220628,738,590,13,,6,1392.7,1392.7,Transfer,Completed,0,0
1624,TXN-001624,20220205,298,559,7,10,2,-284.16,284.16,Expense,Completed,0,0
1625,TXN-001625,20220611,537,331,14,,5,-578.71,578.71,Transfer,Pending,0,0
1626,TXN-001626,20240601,297,562,5,16,5,-99.95,99.95,Expense,Completed,0,0
1627,TXN-001627,20220914,435,653,20,,1,7042.57,7042.57,Income,Completed,0,0
1628,TXN-001628,20220212,479,700,7,17,3,-383.19,383.19,Expense,Completed,0,0
1629,TXN-001629,20220421,500,153,4,11,6,-236.0,236.0,Expense,Completed,0,0
1630,TXN-001630,20230808,187,416,5,18,4,-15.4,15.4,Expense,Completed,0,0
1631,TXN-001631,20221128,62,744,5,3,6,-19.24,19.24,Expense,Completed,0,0
1632,TXN-001632,20231023,355,49,6,2,6,-57.17,57.17,Expense,Completed,0,0
1633,TXN-001633,20230820,87,839,16,15,6,-493.79,493.79,Expense,Failed,1,1
1634,TXN-001634,20240915,616,44,20,,1,5534.91,5534.91,Income,Completed,0,0
1635,TXN-001635,20220414,583,278,10,,5,1713.22,1713.22,Income,Completed,0,1
1636,TXN-001636,20231110,440,586,18,11,1,-738.19,738.19,Expense,Completed,0,0
1637,TXN-001637,20240426,722,288,6,20,3,-104.25,104.25,Expense,Completed,0,0
1638,TXN-001638,20240824,700,542,9,12,5,-152.03,152.03,Expense,Completed,0,0
1639,TXN-001639,20220926,14,458,3,19,5,-290.85,290.85,Expense,Completed,0,1
1640,TXN-001640,20240507,508,161,11,,2,271.58,271.58,Income,Failed,0,0
1641,TXN-001641,20241006,404,473,2,15,5,-1644.86,1644.86,Expense,Completed,0,1
1642,TXN-001642,20240706,780,890,13,,4,2743.74,2743.74,Transfer,Completed,0,0
1643,TXN-001643,20230208,149,959,10,,6,3879.39,3879.39,Income,Completed,0,1
1644,TXN-001644,20241017,421,422,13,,6,3682.21,3682.21,Transfer,Completed,1,0
1645,TXN-001645,20220731,16,980,4,17,3,-117.58,117.58,Expense,Completed,0,0
1646,TXN-001646,20241003,60,295,4,10,5,-405.78,405.78,Expense,Completed,0,0
1647,TXN-001647,20221028,249,341,18,1,5,-1987.24,1987.24,Expense,Completed,0,0
1648,TXN-001648,20220326,634,727,6,8,6,-17.53,17.53,Expense,Completed,0,0
1649,TXN-001649,20241002,636,992,2,8,7,-2544.14,2544.14,Expense,Completed,0,1
1650,TXN-001650,20230830,401,820,1,4,7,-359.33,359.33,Expense,Completed,0,0
1651,TXN-001651,20220131,664,451,1,1,7,-186.49,186.49,Expense,Completed,0,0
1652,TXN-001652,20230423,64,729,6,3,2,-87.43,87.43,Expense,Failed,0,0
1653,TXN-001653,20221125,680,401,13,,2,4235.22,4235.22,Transfer,Completed,0,0
1654,TXN-001654,20240719,637,355,18,15,6,-305.85,305.85,Expense,Failed,0,0
1655,TXN-001655,20231027,605,136,10,,1,5630.01,5630.01,Income,Completed,0,1
1656,TXN-001656,20220717,288,594,20,,1,8010.33,8010.33,Income,Pending,1,0
1657,TXN-001657,20230719,316,428,20,,6,8957.66,8957.66,Income,Reversed,0,0
1658,TXN-001658,20231205,415,967,3,9,4,-142.81,142.81,Expense,Pending,0,1
1659,TXN-001659,20240513,208,78,4,6,5,-309.34,309.34,Expense,Pending,0,0
1660,TXN-001660,20231028,461,670,6,19,4,-117.95,117.95,Expense,Completed,0,0
1661,TXN-001661,20230801,14,408,2,1,5,-1401.12,1401.12,Expense,Completed,0,1
1662,TXN-001662,20240824,129,771,12,,7,4043.73,4043.73,Income,Completed,0,0
1663,TXN-001663,20231221,356,43,11,,7,481.05,481.05,Income,Completed,0,0
1664,TXN-001664,20230505,61,622,15,18,6,-1720.1,1720.1,Expense,Completed,0,1
1665,TXN-001665,20220822,297,562,14,,4,-763.97,763.97,Transfer,Completed,0,0
1666,TXN-001666,20230804,214,900,10,,3,14064.54,14064.54,Income,Failed,0,1
1667,TXN-001667,20230104,37,444,11,,5,156.78,156.78,Income,Completed,0,0
1668,TXN-001668,20231029,441,830,2,7,4,-761.02,761.02,Expense,Completed,0,1
1669,TXN-001669,20230707,591,259,5,16,3,-107.23,107.23,Expense,Completed,0,0
1670,TXN-001670,20220413,571,721,3,18,1,-36.81,36.81,Expense,Completed,0,1
1671,TXN-001671,20230228,797,634,18,10,1,-650.48,650.48,Expense,Completed,0,0
1672,TXN-001672,20220403,66,430,6,11,3,-89.89,89.89,Expense,Completed,0,0
1673,TXN-001673,20220318,744,833,10,,1,3434.09,3434.09,Income,Completed,0,1
1674,TXN-001674,20230408,220,10,11,,6,411.86,411.86,Income,Pending,0,0
1675,TXN-001675,20231204,238,438,16,2,2,-360.61,360.61,Expense,Completed,0,1
1676,TXN-001676,20240414,760,13,10,,1,5624.66,5624.66,Income,Completed,0,1
1677,TXN-001677,20240806,272,921,19,10,4,-412.08,412.08,Expense,Completed,0,0
1678,TXN-001678,20220507,721,11,3,9,6,-204.83,204.83,Expense,Completed,0,1
1679,TXN-001679,20221008,703,482,15,2,6,-1267.28,1267.28,Expense,Completed,0,1
1680,TXN-001680,20240921,130,822,10,,1,13816.39,13816.39,Income,Completed,0,1
1681,TXN-001681,20220313,435,653,4,10,6,-353.01,353.01,Expense,Completed,0,0
1682,TXN-001682,20230427,91,752,15,16,4,-1803.29,1803.29,Expense,Completed,0,1
1683,TXN-001683,20220413,64,729,7,20,4,-298.11,298.11,Expense,Completed,0,0
1684,TXN-001684,20220328,392,443,14,,5,-4618.66,4618.66,Transfer,Completed,0,0
1685,TXN-001685,20231012,166,687,1,11,7,-388.88,388.88,Expense,Completed,1,0
1686,TXN-001686,20221216,130,822,13,,7,4533.76,4533.76,Transfer,Completed,0,0
1687,TXN-001687,20230405,127,644,14,,7,-1454.45,1454.45,Transfer,Completed,0,0
1688,TXN-001688,20230213,570,728,2,9,4,-1331.41,1331.41,Expense,Completed,0,1
1689,TXN-001689,20231226,731,912,12,,5,4408.79,4408.79,Income,Reversed,0,0
1690,TXN-001690,20240415,530,391,10,,5,2397.35,2397.35,Income,Completed,0,1
1691,TXN-001691,20240105,421,422,5,12,4,-75.98,75.98,Expense,Completed,0,0
1692,TXN-001692,20231019,387,219,2,5,2,-1106.11,1106.11,Expense,Completed,0,1
1693,TXN-001693,20221010,662,223,13,,4,4896.25,4896.25,Transfer,Pending,0,0
1694,TXN-001694,20241121,499,905,7,8,6,-201.62,201.62,Expense,Completed,0,0
1695,TXN-001695,20240524,472,212,19,16,2,-294.11,294.11,Expense,Completed,0,0
1696,TXN-001696,20230416,473,479,13,,7,3198.19,3198.19,Transfer,Pending,0,0
1697,TXN-001697,20230326,135,379,10,,2,4878.87,4878.87,Income,Completed,1,1
1698,TXN-001698,20221102,104,933,7,11,2,-350.02,350.02,Expense,Completed,0,0
1699,TXN-001699,20220208,85,909,1,6,7,-171.42,171.42,Expense,Completed,0,0
1700,TXN-001700,20221117,200,33,15,12,4,-678.78,678.78,Expense,Completed,0,1
1701,TXN-001701,20240504,61,144,9,18,6,-448.75,448.75,Expense,Failed,0,0
1702,TXN-001702,20220329,156,773,11,,5,376.68,376.68,Income,Failed,0,0
1703,TXN-001703,20240828,91,676,9,2,7,-423.38,423.38,Expense,Completed,1,0
1704,TXN-001704,20220409,525,871,4,12,1,-423.6,423.6,Expense,Completed,0,0
1705,TXN-001705,20230207,277,623,4,6,1,-282.62,282.62,Expense,Pending,0,0
1706,TXN-001706,20220202,369,386,4,20,5,-50.47,50.47,Expense,Completed,0,0
1707,TXN-001707,20240330,666,779,10,,6,11432.73,11432.73,Income,Pending,1,1
1708,TXN-001708,20230119,172,979,14,,6,-1514.45,1514.45,Transfer,Completed,0,0
1709,TXN-001709,20241102,51,755,6,1,5,-19.14,19.14,Expense,Completed,0,0
1710,TXN-001710,20230201,230,887,5,14,1,-9.11,9.11,Expense,Failed,0,0
1711,TXN-001711,20240912,56,642,14,,6,-1829.52,1829.52,Transfer,Pending,0,0
1712,TXN-001712,20231113,650,770,13,,1,1811.1,1811.1,Transfer,Completed,0,0
1713,TXN-001713,20230108,517,394,2,2,1,-1724.61,1724.61,Expense,Completed,0,1
1714,TXN-001714,20220104,132,753,4,10,2,-68.33,68.33,Expense,Completed,0,0
1715,TXN-001715,20220212,285,923,1,11,6,-96.04,96.04,Expense,Completed,0,0
1716,TXN-001716,20221215,541,256,2,1,6,-1357.55,1357.55,Expense,Completed,0,1
1717,TXN-001717,20221012,156,773,14,,6,-4126.24,4126.24,Transfer,Completed,0,0
1718,TXN-001718,20230524,786,74,10,,2,11774.93,11774.93,Income,Completed,0,1
1719,TXN-001719,20220829,340,36,6,5,3,-67.78,67.78,Expense,Completed,0,0
1720,TXN-001720,20230424,279,838,13,,2,4364.86,4364.86,Transfer,Completed,0,0
1721,TXN-001721,20240527,214,556,16,15,4,-332.18,332.18,Expense,Completed,0,1
1722,TXN-001722,20240701,745,713,6,11,3,-28.03,28.03,Expense,Completed,1,0
1723,TXN-001723,20240112,64,478,8,3,2,-116.24,116.24,Expense,Completed,0,0
1724,TXN-001724,20240105,628,589,18,1,3,-1727.65,1727.65,Expense,Pending,0,0
1725,TXN-001725,20240320,475,702,11,,1,392.11,392.11,Income,Completed,0,0
1726,TXN-001726,20231112,396,454,16,13,4,-334.75,334.75,Expense,Failed,0,1
1727,TXN-001727,20230430,382,925,20,,6,3326.18,3326.18,Income,Failed,0,0
1728,TXN-001728,20220720,514,286,4,2,6,-49.66,49.66,Expense,Completed,0,0
1729,TXN-001729,20240426,324,345,2,20,5,-1175.46,1175.46,Expense,Pending,0,1
1730,TXN-001730,20230722,439,861,15,13,4,-1421.54,1421.54,Expense,Pending,0,1
1731,TXN-001731,20230105,369,386,4,5,3,-165.45,165.45,Expense,Completed,0,0
1732,TXN-001732,20231109,596,290,13,,5,4665.32,4665.32,Transfer,Completed,0,0
1733,TXN-001733,20231219,80,366,1,12,6,-136.46,136.46,Expense,Completed,0,0
1734,TXN-001734,20220315,104,933,11,,6,32.01,32.01,Income,Completed,0,0
1735,TXN-001735,20240907,318,40,7,12,7,-317.97,317.97,Expense,Completed,0,0
1736,TXN-001736,20231028,83,368,13,,1,1769.23,1769.23,Transfer,Completed,0,0
1737,TXN-001737,20231115,147,793,6,16,6,-52.4,52.4,Expense,Completed,0,0
1738,TXN-001738,20230203,253,281,7,13,7,-129.14,129.14,Expense,Pending,0,0
1739,TXN-001739,20240110,517,917,6,19,3,-85.28,85.28,Expense,Completed,0,0
1740,TXN-001740,20220407,582,485,7,8,1,-366.15,366.15,Expense,Completed,1,0
1741,TXN-001741,20220616,784,140,2,5,4,-2828.81,2828.81,Expense,Completed,1,1
1742,TXN-001742,20230511,750,856,20,,4,8589.86,8589.86,Income,Completed,0,0
1743,TXN-001743,20221021,382,925,7,5,3,-189.8,189.8,Expense,Completed,0,0
1744,TXN-001744,20231126,110,159,12,,7,2135.98,2135.98,Income,Completed,0,0
1745,TXN-001745,20220919,203,942,1,4,4,-135.91,135.91,Expense,Completed,0,0
1746,TXN-001746,20230825,355,886,10,,1,12742.04,12742.04,Income,Completed,0,1
1747,TXN-001747,20241207,782,28,18,14,1,-541.71,541.71,Expense,Completed,0,0
1748,TXN-001748,20240706,418,92,7,9,1,-36.2,36.2,Expense,Failed,0,0
1749,TXN-001749,20230527,342,343,3,6,5,-488.27,488.27,Expense,Completed,0,1
1750,TXN-001750,20220606,546,456,7,11,6,-79.77,79.77,Expense,Completed,0,0
1751,TXN-001751,20230628,680,400,6,20,7,-128.35,128.35,Expense,Completed,0,0
1752,TXN-001752,20230425,66,430,10,,6,7214.86,7214.86,Income,Completed,0,1
1753,TXN-001753,20240212,420,546,1,18,1,-188.27,188.27,Expense,Completed,0,0
1754,TXN-001754,20220210,618,52,8,3,4,-202.11,202.11,Expense,Completed,0,0
1755,TXN-001755,20220520,269,304,10,,5,10164.53,10164.53,Income,Completed,0,1
1756,TXN-001756,20240105,254,285,1,14,1,-302.62,302.62,Expense,Completed,0,0
1757,TXN-001757,20240116,472,73,10,,7,4749.58,4749.58,Income,Completed,0,1
1758,TXN-001758,20240619,14,408,7,6,4,-430.91,430.91,Expense,Completed,0,0
1759,TXN-001759,20231005,357,133,7,9,1,-283.38,283.38,Expense,Completed,0,0
1760,TXN-001760,20240604,441,830,13,,6,603.22,603.22,Transfer,Failed,0,0
1761,TXN-001761,20220719,291,174,6,17,2,-26.77,26.77,Expense,Completed,0,0
1762,TXN-001762,20221125,525,15,20,,6,6202.29,6202.29,Income,Completed,0,0
1763,TXN-001763,20231218,450,783,4,14,2,-357.03,357.03,Expense,Completed,0,0
1764,TXN-001764,20240507,545,291,6,17,6,-71.92,71.92,Expense,Completed,0,0
1765,TXN-001765,20230116,217,972,4,15,2,-408.9,408.9,Expense,Completed,0,0
1766,TXN-001766,20240905,460,487,16,15,6,-260.12,260.12,Expense,Completed,0,1
1767,TXN-001767,20240605,352,363,6,3,1,-94.96,94.96,Expense,Failed,0,0
1768,TXN-001768,20230129,701,91,11,,2,244.49,244.49,Income,Pending,0,0
1769,TXN-001769,20220427,785,518,8,14,3,-143.39,143.39,Expense,Completed,0,0
1770,TXN-001770,20231123,44,143,4,7,4,-36.33,36.33,Expense,Pending,0,0
1771,TXN-001771,20231210,323,784,4,1,2,-150.51,150.51,Expense,Completed,0,0
1772,TXN-001772,20230729,120,130,10,,2,5186.14,5186.14,Income,Completed,0,1
1773,TXN-001773,20230315,405,570,6,7,5,-117.59,117.59,Expense,Completed,0,0
1774,TXN-001774,20220830,190,970,18,8,3,-1078.36,1078.36,Expense,Reversed,0,0
1775,TXN-001775,20241223,28,64,13,,2,3625.43,3625.43,Transfer,Completed,0,0
1776,TXN-001776,20230309,587,888,12,,7,534.95,534.95,Income,Pending,0,0
1777,TXN-001777,20240925,530,391,3,1,1,-195.02,195.02,Expense,Completed,1,1
1778,TXN-001778,20240626,53,621,18,3,1,-2745.7,2745.7,Expense,Pending,0,0
1779,TXN-001779,20220710,684,367,10,,1,2750.02,2750.02,Income,Completed,0,1
1780,TXN-001780,20221202,163,986,7,5,1,-69.32,69.32,Expense,Completed,1,0
1781,TXN-001781,20240413,451,999,10,,7,5255.39,5255.39,Income,Completed,0,1
1782,TXN-001782,20241005,87,294,6,2,2,-19.67,19.67,Expense,Pending,0,0
1783,TXN-001783,20241010,333,911,2,3,7,-1887.22,1887.22,Expense,Pending,0,1
1784,TXN-001784,20220702,41,532,7,17,1,-148.2,148.2,Expense,Completed,0,0
1785,TXN-001785,20230228,18,515,15,11,4,-1670.35,1670.35,Expense,Completed,0,1
1786,TXN-001786,20240517,268,459,8,5,7,-76.14,76.14,Expense,Completed,0,0
1787,TXN-001787,20231006,359,750,16,5,4,-252.25,252.25,Expense,Completed,0,1
1788,TXN-001788,20221205,531,323,10,,6,11780.37,11780.37,Income,Completed,0,1
1789,TXN-001789,20241221,740,190,4,20,3,-401.96,401.96,Expense,Reversed,0,0
1790,TXN-001790,20241009,461,804,18,14,7,-545.72,545.72,Expense,Completed,0,0
1791,TXN-001791,20220116,111,210,17,1,6,-99.73,99.73,Expense,Pending,0,1
1792,TXN-001792,20231220,5,672,7,10,5,-175.15,175.15,Expense,Completed,0,0
1793,TXN-001793,20221208,785,518,6,20,1,-115.62,115.62,Expense,Completed,0,0
1794,TXN-001794,20241004,280,9,19,11,2,-65.28,65.28,Expense,Pending,0,0
1795,TXN-001795,20230914,398,580,10,,6,8827.96,8827.96,Income,Completed,0,1
1796,TXN-001796,20231004,622,832,12,,3,254.2,254.2,Income,Completed,0,0
1797,TXN-001797,20220201,548,350,4,19,5,-112.69,112.69,Expense,Completed,0,0
1798,TXN-001798,20220406,137,165,5,11,3,-51.93,51.93,Expense,Completed,0,0
1799,TXN-001799,20230619,230,887,5,6,1,-81.76,81.76,Expense,Completed,0,0
1800,TXN-001800,20231011,135,183,16,12,5,-51.98,51.98,Expense,Completed,0,1
1801,TXN-001801,20231203,609,354,14,,7,-468.82,468.82,Transfer,Completed,0,0
1802,TXN-001802,20220616,517,394,20,,4,3956.19,3956.19,Income,Pending,0,0
1803,TXN-001803,20240726,308,194,14,,6,-3118.59,3118.59,Transfer,Completed,0,0
1804,TXN-001804,20230313,422,842,5,2,1,-5.7,5.7,Expense,Pending,0,0
1805,TXN-001805,20220724,42,539,1,18,4,-95.31,95.31,Expense,Pending,0,0
1806,TXN-001806,20240630,288,812,10,,1,14137.73,14137.73,Income,Completed,0,1
1807,TXN-001807,20220503,766,301,1,20,2,-348.72,348.72,Expense,Completed,0,0
1808,TXN-001808,20240126,461,670,1,7,3,-394.79,394.79,Expense,Completed,0,0
1809,TXN-001809,20240212,639,315,20,,5,2448.86,2448.86,Income,Failed,0,0
1810,TXN-001810,20220817,129,522,14,,6,-3073.35,3073.35,Transfer,Failed,0,0
1811,TXN-001811,20230117,697,447,16,6,4,-211.89,211.89,Expense,Completed,0,1
1812,TXN-001812,20241101,558,617,11,,4,263.53,263.53,Income,Completed,0,0
1813,TXN-001813,20221219,461,670,4,4,3,-293.52,293.52,Expense,Completed,0,0
1814,TXN-001814,20240424,545,829,17,9,5,-18.54,18.54,Expense,Completed,0,1
1815,TXN-001815,20220122,24,991,3,12,7,-272.12,272.12,Expense,Failed,0,1
1816,TXN-001816,20220325,270,759,2,17,2,-1519.57,1519.57,Expense,Failed,0,1
1817,TXN-001817,20230404,353,271,1,10,3,-481.72,481.72,Expense,Completed,0,0
1818,TXN-001818,20240425,644,533,6,11,5,-90.1,90.1,Expense,Completed,0,0
1819,TXN-001819,20240331,129,692,2,14,1,-1818.43,1818.43,Expense,Completed,0,1
1820,TXN-001820,20230104,741,22,5,3,7,-57.93,57.93,Expense,Completed,1,0
1821,TXN-001821,20230426,697,447,5,3,6,-112.7,112.7,Expense,Completed,0,0
1822,TXN-001822,20240220,279,154,3,10,5,-313.33,313.33,Expense,Completed,0,1
1823,TXN-001823,20240513,269,304,6,2,3,-123.24,123.24,Expense,Completed,0,0
1824,TXN-001824,20220407,360,879,7,5,6,-108.63,108.63,Expense,Completed,0,0
1825,TXN-001825,20230212,740,524,8,6,1,-105.17,105.17,Expense,Completed,0,0
1826,TXN-001826,20231015,511,950,10,,6,6057.07,6057.07,Income,Completed,0,1
1827,TXN-001827,20230215,453,445,10,,1,13360.26,13360.26,Income,Completed,0,1
1828,TXN-001828,20240707,117,467,13,,7,4257.01,4257.01,Transfer,Completed,0,0
1829,TXN-001829,20220715,308,339,18,19,7,-2993.26,2993.26,Expense,Completed,0,0
1830,TXN-001830,20240208,779,162,10,,7,9581.15,9581.15,Income,Completed,0,1
1831,TXN-001831,20240717,174,268,10,,3,2308.14,2308.14,Income,Pending,0,1
1832,TXN-001832,20231104,249,248,13,,5,3269.13,3269.13,Transfer,Completed,0,0
1833,TXN-001833,20220829,431,904,10,,4,5604.49,5604.49,Income,Completed,0,1
1834,TXN-001834,20220325,613,669,10,,5,7680.49,7680.49,Income,Completed,0,1
1835,TXN-001835,20231013,540,598,4,1,4,-50.8,50.8,Expense,Pending,0,0
1836,TXN-001836,20231024,675,53,1,20,6,-251.82,251.82,Expense,Completed,0,0
1837,TXN-001837,20230305,668,597,1,19,3,-27.66,27.66,Expense,Completed,0,0
1838,TXN-001838,20220502,501,317,9,3,7,-205.12,205.12,Expense,Completed,0,0
1839,TXN-001839,20240319,787,417,12,,6,1547.27,1547.27,Income,Completed,0,0
1840,TXN-001840,20230131,323,122,1,7,3,-208.37,208.37,Expense,Completed,0,0
1841,TXN-001841,20230404,60,645,17,12,6,-45.86,45.86,Expense,Pending,0,1
1842,TXN-001842,20240929,652,885,8,20,5,-363.57,363.57,Expense,Completed,0,0
1843,TXN-001843,20230329,183,792,6,8,4,-16.41,16.41,Expense,Completed,0,0
1844,TXN-001844,20221001,77,969,20,,4,5689.73,5689.73,Income,Failed,0,0
1845,TXN-001845,20230602,266,519,14,,6,-1692.34,1692.34,Transfer,Completed,0,0
1846,TXN-001846,20220316,643,103,15,13,5,-610.85,610.85,Expense,Completed,0,1
1847,TXN-001847,20220202,678,769,1,10,4,-441.21,441.21,Expense,Pending,0,0
1848,TXN-001848,20220401,222,79,4,6,1,-285.18,285.18,Expense,Completed,0,0
1849,TXN-001849,20240208,446,584,3,16,2,-249.83,249.83,Expense,Reversed,0,1
1850,TXN-001850,20240401,569,72,4,5,3,-349.77,349.77,Expense,Completed,0,0
1851,TXN-001851,20240315,680,274,20,,3,7436.61,7436.61,Income,Completed,0,0
1852,TXN-001852,20220706,358,966,12,,3,1959.48,1959.48,Income,Reversed,0,0
1853,TXN-001853,20230228,76,373,14,,4,-1287.27,1287.27,Transfer,Pending,0,0
1854,TXN-001854,20231209,700,673,4,10,3,-27.87,27.87,Expense,Reversed,0,0
1855,TXN-001855,20220516,545,775,2,14,1,-2609.4,2609.4,Expense,Pending,0,1
1856,TXN-001856,20220313,100,30,1,16,7,-137.9,137.9,Expense,Completed,0,0
1857,TXN-001857,20230801,357,133,3,18,5,-181.8,181.8,Expense,Completed,0,1
1858,TXN-001858,20220715,781,662,11,,3,235.15,235.15,Income,Completed,0,0
1859,TXN-001859,20220718,639,483,17,5,6,-130.97,130.97,Expense,Completed,0,1
1860,TXN-001860,20230429,574,638,14,,5,-4307.08,4307.08,Transfer,Completed,0,0
1861,TXN-001861,20220521,668,597,20,,6,7480.83,7480.83,Income,Completed,0,0
1862,TXN-001862,20241112,530,391,14,,5,-4162.97,4162.97,Transfer,Completed,0,0
1863,TXN-001863,20231015,474,698,16,1,7,-485.34,485.34,Expense,Completed,0,1
1864,TXN-001864,20230513,708,150,1,3,5,-34.45,34.45,Expense,Completed,0,0
1865,TXN-001865,20220425,489,647,1,20,3,-57.58,57.58,Expense,Pending,0,0
1866,TXN-001866,20231023,560,901,15,20,5,-764.36,764.36,Expense,Reversed,0,1
1867,TXN-001867,20220429,749,228,7,10,5,-309.11,309.11,Expense,Completed,0,0
1868,TXN-001868,20230320,285,923,13,,5,575.79,575.79,Transfer,Pending,0,0
1869,TXN-001869,20230226,454,220,3,13,4,-142.97,142.97,Expense,Completed,0,1
1870,TXN-001870,20240404,476,574,3,3,4,-329.65,329.65,Expense,Pending,1,1
1871,TXN-001871,20240909,352,363,7,12,7,-307.85,307.85,Expense,Completed,0,0
1872,TXN-001872,20230901,402,961,5,4,1,-106.77,106.77,Expense,Completed,0,0
1873,TXN-001873,20241230,553,693,8,20,1,-94.15,94.15,Expense,Completed,0,0
1874,TXN-001874,20220207,703,496,8,10,1,-126.67,126.67,Expense,Completed,0,0
1875,TXN-001875,20230101,212,659,1,17,4,-274.55,274.55,Expense,Completed,0,0
1876,TXN-001876,20231204,484,664,5,5,1,-14.99,14.99,Expense,Completed,0,0
1877,TXN-001877,20230609,548,365,8,16,4,-67.23,67.23,Expense,Completed,0,0
1878,TXN-001878,20241115,320,330,1,14,6,-448.72,448.72,Expense,Completed,0,0
1879,TXN-001879,20240406,733,121,13,,5,2828.23,2828.23,Transfer,Pending,0,0
1880,TXN-001880,20240314,745,713,20,,6,2843.49,2843.49,Income,Completed,0,0
1881,TXN-001881,20230826,740,524,5,8,4,-43.33,43.33,Expense,Completed,0,0
1882,TXN-001882,20230828,751,555,10,,4,7792.74,7792.74,Income,Completed,0,1
1883,TXN-001883,20221023,200,33,4,20,7,-360.09,360.09,Expense,Completed,0,0
1884,TXN-001884,20221116,548,350,10,,2,2834.07,2834.07,Income,Failed,0,1
1885,TXN-001885,20220329,269,530,4,4,3,-110.58,110.58,Expense,Completed,0,0
1886,TXN-001886,20230107,392,443,12,,5,3817.17,3817.17,Income,Completed,1,0
1887,TXN-001887,20230823,462,215,5,4,2,-39.18,39.18,Expense,Completed,0,0
1888,TXN-001888,20240807,571,865,3,7,7,-315.53,315.53,Expense,Completed,0,1
1889,TXN-001889,20231228,364,95,3,18,2,-119.12,119.12,Expense,Completed,0,1
1890,TXN-001890,20220330,28,64,7,11,7,-33.45,33.45,Expense,Failed,0,0
1891,TXN-001891,20220728,406,609,12,,6,587.13,587.13,Income,Reversed,0,0
1892,TXN-001892,20231119,206,138,16,8,1,-60.78,60.78,Expense,Completed,0,1
1893,TXN-001893,20240717,718,41,5,2,4,-12.65,12.65,Expense,Failed,0,0
1894,TXN-001894,20240717,313,424,20,,1,8758.27,8758.27,Income,Pending,0,0
1895,TXN-001895,20241128,174,587,10,,2,12917.59,12917.59,Income,Completed,0,1
1896,TXN-001896,20221022,596,290,7,8,6,-234.7,234.7,Expense,Failed,0,0
1897,TXN-001897,20230924,166,803,3,6,7,-135.49,135.49,Expense,Completed,0,1
1898,TXN-001898,20230208,152,628,16,12,5,-74.22,74.22,Expense,Completed,0,1
1899,TXN-001899,20230613,605,200,11,,5,260.22,260.22,Income,Completed,0,0
1900,TXN-001900,20241103,355,420,20,,3,6469.34,6469.34,Income,Pending,0,0
1901,TXN-001901,20230912,64,729,1,15,1,-275.54,275.54,Expense,Completed,0,0
1902,TXN-001902,20220704,270,563,7,18,2,-367.49,367.49,Expense,Failed,0,0
1903,TXN-001903,20220616,577,495,10,,4,4915.73,4915.73,Income,Completed,0,1
1904,TXN-001904,20220929,340,36,8,3,4,-207.04,207.04,Expense,Pending,0,0
1905,TXN-001905,20221029,151,251,4,2,4,-52.11,52.11,Expense,Completed,0,0
1906,TXN-001906,20241221,198,151,12,,4,4273.82,4273.82,Income,Completed,0,0
1907,TXN-001907,20221224,312,361,4,8,2,-232.0,232.0,Expense,Completed,1,0
1908,TXN-001908,20241129,637,355,6,12,4,-115.0,115.0,Expense,Failed,0,0
1909,TXN-001909,20220922,118,25,18,4,6,-1656.68,1656.68,Expense,Completed,0,0
1910,TXN-001910,20240509,746,805,5,13,4,-130.03,130.03,Expense,Completed,0,0
1911,TXN-001911,20221019,700,254,1,10,2,-183.72,183.72,Expense,Completed,0,0
1912,TXN-001912,20230110,64,199,3,4,4,-434.42,434.42,Expense,Completed,0,1
1913,TXN-001913,20240801,785,518,5,17,3,-95.28,95.28,Expense,Completed,0,0
1914,TXN-001914,20220722,20,602,8,3,2,-174.53,174.53,Expense,Reversed,0,0
1915,TXN-001915,20231102,14,458,1,15,7,-138.99,138.99,Expense,Completed,0,0
1916,TXN-001916,20241213,680,400,10,,2,11474.42,11474.42,Income,Completed,1,1
1917,TXN-001917,20221123,435,653,12,,1,308.88,308.88,Income,Completed,0,0
1918,TXN-001918,20220517,411,548,7,8,4,-330.2,330.2,Expense,Completed,0,0
1919,TXN-001919,20220628,353,271,1,19,5,-219.99,219.99,Expense,Failed,0,0
1920,TXN-001920,20230822,555,840,4,12,1,-365.71,365.71,Expense,Completed,0,0
1921,TXN-001921,20220416,414,298,4,9,2,-182.22,182.22,Expense,Completed,0,0
1922,TXN-001922,20230906,312,361,11,,5,303.1,303.1,Income,Completed,0,0
1923,TXN-001923,20230420,250,488,16,10,5,-402.39,402.39,Expense,Completed,0,1
1924,TXN-001924,20230711,37,444,13,,4,4147.92,4147.92,Transfer,Completed,0,0
1925,TXN-001925,20220826,143,789,4,20,7,-445.54,445.54,Expense,Completed,0,0
1926,TXN-001926,20221213,605,200,10,,4,12152.05,12152.05,Income,Completed,0,1
1927,TXN-001927,20231013,156,773,12,,1,2391.79,2391.79,Income,Completed,0,0
1928,TXN-001928,20240909,312,464,11,,4,53.15,53.15,Income,Completed,0,0
1929,TXN-001929,20221024,283,211,5,11,7,-84.6,84.6,Expense,Completed,0,0
1930,TXN-001930,20240827,7,603,10,,5,13085.54,13085.54,Income,Failed,0,1
1931,TXN-001931,20220430,596,264,4,14,3,-186.58,186.58,Expense,Completed,0,0
1932,TXN-001932,20221020,540,598,10,,3,8843.89,8843.89,Income,Completed,0,1
1933,TXN-001933,20240809,425,550,16,10,4,-397.59,397.59,Expense,Completed,0,1
1934,TXN-001934,20221231,668,597,1,8,5,-381.08,381.08,Expense,Completed,0,0
1935,TXN-001935,20240219,639,483,1,15,2,-120.96,120.96,Expense,Completed,1,0
1936,TXN-001936,20220319,203,942,3,6,2,-21.31,21.31,Expense,Completed,0,1
1937,TXN-001937,20230609,487,207,12,,2,2054.26,2054.26,Income,Completed,0,0
1938,TXN-001938,20240604,687,107,2,5,7,-2573.27,2573.27,Expense,Pending,0,1
1939,TXN-001939,20230113,249,508,15,8,6,-560.39,560.39,Expense,Completed,0,1
1940,TXN-001940,20240305,751,409,10,,5,8843.96,8843.96,Income,Completed,0,1
1941,TXN-001941,20240417,308,442,16,12,5,-113.43,113.43,Expense,Pending,0,1
1942,TXN-001942,20241028,20,630,10,,2,10910.14,10910.14,Income,Failed,0,1
1943,TXN-001943,20231009,600,788,3,15,5,-344.84,344.84,Expense,Completed,0,1
1944,TXN-001944,20220106,88,399,9,2,6,-210.0,210.0,Expense,Completed,0,0
1945,TXN-001945,20230302,491,47,4,4,5,-250.25,250.25,Expense,Pending,0,0
1946,TXN-001946,20221208,152,628,8,6,4,-445.45,445.45,Expense,Completed,0,0
1947,TXN-001947,20240812,77,969,1,14,4,-240.94,240.94,Expense,Completed,0,0
1948,TXN-001948,20241102,243,827,10,,1,6904.25,6904.25,Income,Completed,0,1
1949,TXN-001949,20240614,47,69,15,10,3,-434.04,434.04,Expense,Completed,0,1
1950,TXN-001950,20240814,675,858,10,,5,5038.65,5038.65,Income,Completed,0,1
1951,TXN-001951,20240128,431,106,1,5,3,-445.38,445.38,Expense,Failed,0,0
1952,TXN-001952,20230705,211,860,15,15,2,-1935.39,1935.39,Expense,Completed,0,1
1953,TXN-001953,20221117,779,162,10,,1,14260.46,14260.46,Income,Reversed,0,1
1954,TXN-001954,20240711,153,71,10,,7,13831.06,13831.06,Income,Completed,0,1
1955,TXN-001955,20240607,370,677,10,,1,9487.7,9487.7,Income,Pending,0,1
1956,TXN-001956,20220830,12,818,7,6,5,-57.63,57.63,Expense,Pending,0,0
1957,TXN-001957,20240204,600,741,11,,3,126.07,126.07,Income,Completed,0,0
1958,TXN-001958,20221121,680,274,7,16,1,-422.07,422.07,Expense,Completed,0,0
1959,TXN-001959,20220226,217,376,6,17,5,-78.35,78.35,Expense,Completed,0,0
1960,TXN-001960,20220624,751,409,14,,5,-4763.37,4763.37,Transfer,Completed,0,0
1961,TXN-001961,20241208,733,99,2,2,6,-1136.84,1136.84,Expense,Completed,0,1
1962,TXN-001962,20230117,312,464,2,20,3,-1124.86,1124.86,Expense,Pending,0,1
1963,TXN-001963,20240406,680,400,8,16,1,-75.29,75.29,Expense,Completed,0,0
1964,TXN-001964,20241013,511,950,18,20,7,-244.11,244.11,Expense,Completed,0,0
1965,TXN-001965,20240507,466,962,7,19,4,-423.69,423.69,Expense,Completed,0,0
1966,TXN-001966,20240410,92,678,3,19,3,-99.87,99.87,Expense,Completed,1,1
1967,TXN-001967,20220729,553,693,18,18,3,-1539.32,1539.32,Expense,Completed,0,0
1968,TXN-001968,20231107,110,105,4,20,2,-286.7,286.7,Expense,Completed,0,0
1969,TXN-001969,20230410,587,888,15,17,1,-894.62,894.62,Expense,Completed,0,1
1970,TXN-001970,20221225,468,85,8,16,3,-408.24,408.24,Expense,Completed,0,0
1971,TXN-001971,20240417,777,62,2,12,5,-1352.31,1352.31,Expense,Completed,0,1
1972,TXN-001972,20220326,563,266,9,13,6,-261.92,261.92,Expense,Failed,0,0
1973,TXN-001973,20220420,435,653,1,16,6,-214.26,214.26,Expense,Completed,0,0
1974,TXN-001974,20241021,15,631,10,,3,8383.69,8383.69,Income,Completed,0,1
1975,TXN-001975,20220920,475,702,1,15,6,-219.19,219.19,Expense,Failed,0,0
1976,TXN-001976,20230916,356,864,1,2,5,-327.51,327.51,Expense,Completed,0,0
1977,TXN-001977,20240911,189,243,4,3,3,-405.2,405.2,Expense,Completed,0,0
1978,TXN-001978,20221112,571,865,4,16,7,-444.22,444.22,Expense,Completed,0,0
1979,TXN-001979,20221231,249,248,7,16,6,-127.39,127.39,Expense,Completed,0,0
1980,TXN-001980,20240504,422,172,4,14,4,-157.43,157.43,Expense,Completed,0,0
1981,TXN-001981,20240725,321,497,9,16,1,-110.08,110.08,Expense,Completed,0,0
1982,TXN-001982,20231025,161,844,15,12,6,-502.5,502.5,Expense,Completed,0,1
1983,TXN-001983,20220423,270,563,6,12,5,-131.33,131.33,Expense,Completed,0,0
1984,TXN-001984,20220108,286,96,1,12,3,-477.02,477.02,Expense,Completed,0,0
1985,TXN-001985,20230822,798,269,4,16,5,-445.26,445.26,Expense,Completed,0,0
1986,TXN-001986,20230914,174,342,5,9,4,-92.62,92.62,Expense,Completed,0,0
1987,TXN-001987,20220716,768,620,1,14,6,-201.16,201.16,Expense,Completed,0,0
1988,TXN-001988,20230330,466,962,17,10,7,-69.98,69.98,Expense,Completed,0,1
1989,TXN-001989,20240131,272,921,13,,4,604.1,604.1,Transfer,Completed,0,0
1990,TXN-001990,20220130,169,110,16,10,3,-45.38,45.38,Expense,Completed,0,1
1991,TXN-001991,20230211,443,781,10,,2,12195.43,12195.43,Income,Completed,0,1
1992,TXN-001992,20240310,798,269,5,14,4,-59.29,59.29,Expense,Failed,0,0
1993,TXN-001993,20240226,379,384,1,11,4,-425.08,425.08,Expense,Completed,0,0
1994,TXN-001994,20240918,197,907,20,,2,9712.4,9712.4,Income,Completed,0,0
1995,TXN-001995,20241212,555,840,3,18,3,-423.32,423.32,Expense,Completed,1,1
1996,TXN-001996,20220310,371,127,16,12,6,-405.71,405.71,Expense,Completed,0,1
1997,TXN-001997,20240519,410,135,4,2,7,-392.93,392.93,Expense,Failed,0,0
1998,TXN-001998,20231201,600,741,3,14,5,-359.06,359.06,Expense,Completed,0,1
1999,TXN-001999,20240803,357,683,11,,6,320.0,320.0,Income,Completed,0,0
2000,TXN-002000,20230427,165,592,2,11,6,-980.52,980.52,Expense,Completed,0,1
2001,TXN-002001,20240630,682,158,10,,5,6736.06,6736.06,Income,Completed,0,1
2002,TXN-002002,20220806,24,991,10,,2,7876.27,7876.27,Income,Completed,0,1
2003,TXN-002003,20240611,308,339,4,5,3,-257.62,257.62,Expense,Completed,0,0
2004,TXN-002004,20220510,269,237,6,9,5,-18.74,18.74,Expense,Pending,0,0
2005,TXN-002005,20230902,754,241,9,6,2,-374.08,374.08,Expense,Completed,0,0
2006,TXN-002006,20220424,19,516,10,,2,13288.7,13288.7,Income,Completed,0,1
2007,TXN-002007,20231202,435,653,3,1,7,-26.48,26.48,Expense,Completed,0,1
2008,TXN-002008,20220123,418,92,2,17,7,-1690.56,1690.56,Expense,Completed,0,1
2009,TXN-002009,20240928,517,394,12,,1,680.69,680.69,Income,Failed,0,0
2010,TXN-002010,20240225,153,71,4,12,1,-305.79,305.79,Expense,Completed,0,0
2011,TXN-002011,20231021,315,957,5,1,3,-102.96,102.96,Expense,Pending,0,0
2012,TXN-002012,20240115,348,116,20,,3,9375.64,9375.64,Income,Completed,0,0
2013,TXN-002013,20230511,421,422,4,16,2,-458.41,458.41,Expense,Pending,0,0
2014,TXN-002014,20240815,571,168,3,9,7,-266.04,266.04,Expense,Completed,0,1
2015,TXN-002015,20240718,658,643,3,6,3,-307.86,307.86,Expense,Completed,0,1
2016,TXN-002016,20230526,5,672,1,6,5,-199.35,199.35,Expense,Completed,0,0
2017,TXN-002017,20220222,506,635,13,,4,2643.24,2643.24,Transfer,Completed,0,0
2018,TXN-002018,20221028,290,596,9,1,7,-475.74,475.74,Expense,Completed,0,0
2019,TXN-002019,20231024,751,951,1,10,2,-416.63,416.63,Expense,Pending,0,0
2020,TXN-002020,20220819,514,390,13,,1,1966.74,1966.74,Transfer,Completed,0,0
2021,TXN-002021,20240317,471,554,10,,5,10691.9,10691.9,Income,Completed,0,1
2022,TXN-002022,20230524,438,55,8,9,5,-208.98,208.98,Expense,Completed,0,0
2023,TXN-002023,20240809,19,180,4,4,4,-367.44,367.44,Expense,Completed,0,0
2024,TXN-002024,20220914,466,962,2,19,6,-732.68,732.68,Expense,Completed,0,1
2025,TXN-002025,20240812,2,4,10,,2,8590.0,8590.0,Income,Completed,0,1
2026,TXN-002026,20240114,20,602,4,12,6,-247.36,247.36,Expense,Pending,0,0
2027,TXN-002027,20230409,609,843,16,16,7,-216.67,216.67,Expense,Completed,0,1
2028,TXN-002028,20240117,492,51,10,,1,6449.02,6449.02,Income,Completed,0,1
2029,TXN-002029,20220923,287,324,10,,6,4217.12,4217.12,Income,Completed,0,1
2030,TXN-002030,20230429,227,599,3,20,3,-405.59,405.59,Expense,Completed,0,1
2031,TXN-002031,20221105,324,345,7,6,1,-222.28,222.28,Expense,Completed,0,0
2032,TXN-002032,20241104,206,138,1,17,1,-387.7,387.7,Expense,Completed,0,0
2033,TXN-002033,20240301,268,247,18,19,5,-141.86,141.86,Expense,Completed,0,0
2034,TXN-002034,20231201,214,556,3,2,6,-469.43,469.43,Expense,Completed,0,1
2035,TXN-002035,20231207,332,756,20,,7,2146.68,2146.68,Income,Completed,0,0
2036,TXN-002036,20230116,274,185,15,9,1,-1098.99,1098.99,Expense,Pending,0,1
2037,TXN-002037,20240925,508,816,18,17,2,-2275.07,2275.07,Expense,Completed,0,0
2038,TXN-002038,20220730,312,361,13,,2,4412.46,4412.46,Transfer,Completed,0,0
2039,TXN-002039,20240504,761,351,8,1,6,-308.42,308.42,Expense,Completed,0,0
2040,TXN-002040,20220517,615,939,11,,1,65.24,65.24,Income,Completed,0,0
2041,TXN-002041,20230828,700,673,1,13,7,-183.38,183.38,Expense,Reversed,0,0
2042,TXN-002042,20241202,403,960,16,20,3,-252.3,252.3,Expense,Completed,0,1
2043,TXN-002043,20240602,444,225,11,,4,190.32,190.32,Income,Completed,0,0
2044,TXN-002044,20220513,404,859,1,9,3,-469.44,469.44,Expense,Completed,1,0
2045,TXN-002045,20220629,212,19,5,8,5,-39.96,39.96,Expense,Completed,0,0
2046,TXN-002046,20220425,318,40,1,15,1,-34.49,34.49,Expense,Completed,0,0
2047,TXN-002047,20220523,763,333,2,10,1,-1072.46,1072.46,Expense,Completed,0,1
2048,TXN-002048,20230217,488,300,10,,3,9708.22,9708.22,Income,Completed,0,1
2049,TXN-002049,20221107,165,592,15,14,4,-1298.18,1298.18,Expense,Completed,0,1
2050,TXN-002050,20220325,333,730,4,3,7,-26.62,26.62,Expense,Completed,0,0
2051,TXN-002051,20220119,777,62,2,18,7,-2203.17,2203.17,Expense,Completed,0,1
2052,TXN-002052,20230129,706,481,4,4,5,-469.06,469.06,Expense,Completed,0,0
2053,TXN-002053,20220701,759,708,1,10,5,-249.65,249.65,Expense,Completed,0,0
2054,TXN-002054,20240526,340,36,13,,2,3636.53,3636.53,Transfer,Completed,0,0
2055,TXN-002055,20231205,644,710,11,,7,349.5,349.5,Income,Failed,0,0
2056,TXN-002056,20220421,82,869,6,2,1,-51.4,51.4,Expense,Completed,0,0
2057,TXN-002057,20220425,176,109,1,16,6,-406.1,406.1,Expense,Completed,1,0
2058,TXN-002058,20220320,313,369,5,9,3,-93.52,93.52,Expense,Failed,0,0
2059,TXN-002059,20241225,407,83,8,4,4,-44.92,44.92,Expense,Completed,0,0
2060,TXN-002060,20241214,338,86,4,9,5,-108.72,108.72,Expense,Completed,0,0
2061,TXN-002061,20230518,332,756,10,,1,10640.57,10640.57,Income,Completed,0,1
2062,TXN-002062,20230201,439,545,1,16,3,-345.04,345.04,Expense,Completed,0,0
2063,TXN-002063,20230328,20,602,1,18,1,-401.86,401.86,Expense,Pending,0,0
2064,TXN-002064,20230702,600,610,12,,3,215.82,215.82,Income,Completed,0,0
2065,TXN-002065,20240814,545,291,10,,4,10887.68,10887.68,Income,Completed,0,1
2066,TXN-002066,20230125,633,308,7,17,1,-96.81,96.81,Expense,Completed,0,0
2067,TXN-002067,20240808,5,672,9,8,6,-304.27,304.27,Expense,Completed,0,0
2068,TXN-002068,20240423,91,873,12,,5,634.27,634.27,Income,Pending,0,0
2069,TXN-002069,20220226,785,819,13,,4,4870.93,4870.93,Transfer,Failed,1,0
2070,TXN-002070,20240625,282,166,4,1,5,-107.81,107.81,Expense,Failed,0,0
2071,TXN-002071,20220115,283,211,1,13,6,-469.79,469.79,Expense,Completed,1,0
2072,TXN-002072,20241023,48,711,1,14,3,-285.14,285.14,Expense,Completed,0,0
2073,TXN-002073,20220223,174,268,10,,1,7809.58,7809.58,Income,Completed,0,1
2074,TXN-002074,20240212,66,23,10,,4,10090.73,10090.73,Income,Completed,1,1
2075,TXN-002075,20220509,236,17,13,,6,3286.18,3286.18,Transfer,Completed,0,0
2076,TXN-002076,20240625,221,956,6,17,4,-76.8,76.8,Expense,Completed,0,0
2077,TXN-002077,20220903,410,476,4,14,3,-223.5,223.5,Expense,Completed,0,0
2078,TXN-002078,20220201,395,169,6,20,4,-20.81,20.81,Expense,Completed,0,0
2079,TXN-002079,20231107,126,84,9,14,6,-114.73,114.73,Expense,Completed,0,0
2080,TXN-002080,20230129,220,59,10,,2,5461.13,5461.13,Income,Completed,0,1
2081,TXN-002081,20240114,525,871,10,,7,14599.62,14599.62,Income,Failed,0,1
2082,TXN-002082,20220629,519,943,10,,4,9098.11,9098.11,Income,Completed,0,1
2083,TXN-002083,20220822,541,256,4,15,5,-428.51,428.51,Expense,Completed,1,0
2084,TXN-002084,20240722,535,499,4,12,6,-56.44,56.44,Expense,Completed,1,0
2085,TXN-002085,20231107,700,254,14,,6,-2775.75,2775.75,Transfer,Completed,0,0
2086,TXN-002086,20231030,733,121,15,7,1,-1749.53,1749.53,Expense,Failed,0,1
2087,TXN-002087,20230215,612,782,10,,3,3732.1,3732.1,Income,Completed,0,1
2088,TXN-002088,20220927,221,1,3,8,5,-268.44,268.44,Expense,Completed,0,1
2089,TXN-002089,20230830,537,209,6,6,2,-103.71,103.71,Expense,Pending,0,0
2090,TXN-002090,20230402,577,495,5,19,1,-83.27,83.27,Expense,Completed,0,0
2091,TXN-002091,20221024,91,786,15,19,1,-1806.07,1806.07,Expense,Completed,0,1
2092,TXN-002092,20220504,716,731,15,15,4,-1052.41,1052.41,Expense,Completed,0,1
2093,TXN-002093,20240328,322,690,13,,1,3654.13,3654.13,Transfer,Completed,0,0
2094,TXN-002094,20240424,590,364,13,,4,4095.72,4095.72,Transfer,Completed,0,0
2095,TXN-002095,20241221,129,522,16,16,7,-287.14,287.14,Expense,Completed,0,1
2096,TXN-002096,20240302,506,635,10,,6,11255.79,11255.79,Income,Completed,0,1
2097,TXN-002097,20221020,666,246,6,17,2,-139.03,139.03,Expense,Completed,0,0
2098,TXN-002098,20241117,132,229,3,13,5,-37.49,37.49,Expense,Completed,0,1
2099,TXN-002099,20220719,791,686,6,18,7,-50.38,50.38,Expense,Completed,0,0
2100,TXN-002100,20240609,703,496,8,3,2,-224.45,224.45,Expense,Completed,0,0
2101,TXN-002101,20240730,24,991,4,16,7,-269.87,269.87,Expense,Completed,0,0
2102,TXN-002102,20241004,249,248,6,18,6,-95.96,95.96,Expense,Failed,0,0
2103,TXN-002103,20241220,281,688,6,3,5,-23.83,23.83,Expense,Completed,0,0
2104,TXN-002104,20230807,62,561,15,7,1,-854.28,854.28,Expense,Completed,0,1
2105,TXN-002105,20240826,211,860,7,9,1,-477.29,477.29,Expense,Completed,0,0
2106,TXN-002106,20220608,53,621,10,,2,13783.99,13783.99,Income,Completed,0,1
2107,TXN-002107,20231008,399,764,5,5,6,-88.86,88.86,Expense,Completed,0,0
2108,TXN-002108,20240413,750,856,7,19,5,-367.22,367.22,Expense,Completed,0,0
2109,TXN-002109,20220830,31,955,17,6,6,-36.07,36.07,Expense,Completed,0,1
2110,TXN-002110,20240126,671,371,14,,1,-2899.88,2899.88,Transfer,Completed,0,0
2111,TXN-002111,20240326,270,222,9,15,2,-49.0,49.0,Expense,Failed,0,0
2112,TXN-002112,20240119,85,760,10,,2,11582.22,11582.22,Income,Completed,0,1
2113,TXN-002113,20230119,350,213,13,,4,832.48,832.48,Transfer,Completed,0,0
2114,TXN-002114,20230730,355,886,1,1,4,-251.58,251.58,Expense,Completed,0,0
2115,TXN-002115,20230626,306,181,9,15,6,-25.64,25.64,Expense,Completed,0,0
2116,TXN-002116,20230129,411,548,5,18,2,-39.23,39.23,Expense,Completed,0,0
2117,TXN-002117,20230902,20,630,18,15,5,-2887.6,2887.6,Expense,Completed,1,0
2118,TXN-002118,20241012,28,64,13,,3,1337.4,1337.4,Transfer,Completed,0,0
2119,TXN-002119,20240229,276,503,14,,3,-4726.99,4726.99,Transfer,Completed,0,0
2120,TXN-002120,20230324,266,265,8,4,2,-242.43,242.43,Expense,Completed,0,0
2121,TXN-002121,20230428,560,66,1,4,5,-117.5,117.5,Expense,Completed,0,0
2122,TXN-002122,20230423,633,319,14,,2,-3715.85,3715.85,Transfer,Completed,0,0
2123,TXN-002123,20240919,717,868,1,1,6,-390.91,390.91,Expense,Pending,0,0
2124,TXN-002124,20230901,244,21,16,11,6,-462.96,462.96,Expense,Completed,0,1
2125,TXN-002125,20220518,779,162,9,15,2,-142.64,142.64,Expense,Completed,1,0
2126,TXN-002126,20240719,16,875,4,10,3,-468.5,468.5,Expense,Completed,0,0
2127,TXN-002127,20240629,502,585,5,1,1,-147.08,147.08,Expense,Completed,0,0
2128,TXN-002128,20230404,636,460,18,11,2,-540.36,540.36,Expense,Completed,0,0
2129,TXN-002129,20231106,616,44,1,10,2,-308.46,308.46,Expense,Completed,0,0
2130,TXN-002130,20220928,512,800,1,10,1,-293.29,293.29,Expense,Completed,0,0
2131,TXN-002131,20230805,622,832,1,3,6,-457.79,457.79,Expense,Completed,0,0
2132,TXN-002132,20221113,60,645,16,5,2,-50.51,50.51,Expense,Completed,0,1
2133,TXN-002133,20241027,683,145,6,17,5,-113.39,113.39,Expense,Completed,0,0
2134,TXN-002134,20220805,340,913,15,1,3,-1813.26,1813.26,Expense,Pending,0,1
2135,TXN-002135,20230610,240,650,3,13,2,-82.56,82.56,Expense,Pending,0,1
2136,TXN-002136,20220205,106,191,9,2,2,-124.2,124.2,Expense,Completed,0,0
2137,TXN-002137,20230424,797,634,5,7,2,-128.74,128.74,Expense,Completed,0,0
2138,TXN-002138,20240317,645,480,5,17,1,-32.81,32.81,Expense,Failed,0,0
2139,TXN-002139,20221210,718,641,20,,1,3220.59,3220.59,Income,Completed,0,0
2140,TXN-002140,20230715,460,612,20,,5,1099.19,1099.19,Income,Completed,0,0
2141,TXN-002141,20231223,253,281,5,9,4,-35.85,35.85,Expense,Pending,0,0
2142,TXN-002142,20230807,398,580,3,2,2,-225.56,225.56,Expense,Completed,0,1
2143,TXN-002143,20241120,561,24,1,19,4,-196.09,196.09,Expense,Completed,0,0
2144,TXN-002144,20221008,249,502,13,,7,146.79,146.79,Transfer,Completed,0,0
2145,TXN-002145,20230613,733,121,10,,4,3907.93,3907.93,Income,Completed,0,1
2146,TXN-002146,20240627,499,352,13,,5,2204.98,2204.98,Transfer,Completed,0,0
2147,TXN-002147,20241202,76,373,7,9,5,-440.88,440.88,Expense,Completed,0,0
2148,TXN-002148,20240709,577,908,10,,1,13697.66,13697.66,Income,Completed,0,1
2149,TXN-002149,20220413,763,333,2,9,4,-2279.46,2279.46,Expense,Completed,1,1
2150,TXN-002150,20230812,593,937,20,,1,8813.18,8813.18,Income,Completed,0,0
2151,TXN-002151,20221230,658,643,12,,5,197.43,197.43,Income,Failed,0,0
2152,TXN-002152,20230906,621,573,4,15,1,-241.51,241.51,Expense,Pending,0,0
2153,TXN-002153,20220924,114,461,4,3,5,-231.97,231.97,Expense,Completed,0,0
2154,TXN-002154,20221123,47,69,10,,1,11448.75,11448.75,Income,Failed,1,1
2155,TXN-002155,20240825,312,464,10,,7,1991.09,1991.09,Income,Completed,0,1
2156,TXN-002156,20240611,555,840,15,17,6,-1434.21,1434.21,Expense,Completed,0,1
2157,TXN-002157,20221206,205,156,16,15,1,-258.51,258.51,Expense,Completed,0,1
2158,TXN-002158,20221010,792,414,13,,2,1245.72,1245.72,Transfer,Completed,0,0
2159,TXN-002159,20220425,718,641,6,6,1,-92.57,92.57,Expense,Completed,0,0
2160,TXN-002160,20230502,190,970,10,,1,10113.79,10113.79,Income,Completed,0,1
2161,TXN-002161,20230129,357,309,10,,3,7704.18,7704.18,Income,Completed,0,1
2162,TXN-002162,20221112,91,752,15,5,4,-264.54,264.54,Expense,Failed,0,1
2163,TXN-002163,20240321,295,619,12,,4,3829.61,3829.61,Income,Completed,0,0
2164,TXN-002164,20221024,616,44,11,,2,219.52,219.52,Income,Completed,0,0
2165,TXN-002165,20230506,129,692,10,,7,10099.34,10099.34,Income,Completed,0,1
2166,TXN-002166,20220423,176,109,10,,5,13289.16,13289.16,Income,Completed,0,1
2167,TXN-002167,20240418,42,539,18,17,7,-2757.87,2757.87,Expense,Completed,0,0
2168,TXN-002168,20230216,306,181,2,10,1,-1829.46,1829.46,Expense,Completed,0,1
2169,TXN-002169,20230108,585,525,17,2,1,-32.58,32.58,Expense,Completed,0,1
2170,TXN-002170,20240926,700,542,1,13,1,-101.68,101.68,Expense,Completed,0,0
2171,TXN-002171,20240411,111,210,14,,1,-945.07,945.07,Transfer,Completed,0,0
2172,TXN-002172,20240301,453,445,1,20,1,-416.89,416.89,Expense,Completed,0,0
2173,TXN-002173,20220912,487,540,20,,6,4918.77,4918.77,Income,Completed,0,0
2174,TXN-002174,20230714,582,485,3,17,1,-364.5,364.5,Expense,Pending,0,1
2175,TXN-002175,20240408,182,903,15,16,3,-1378.32,1378.32,Expense,Completed,0,1
2176,TXN-002176,20230825,693,475,6,18,3,-136.89,136.89,Expense,Completed,0,0
2177,TXN-002177,20220514,549,646,11,,4,419.15,419.15,Income,Completed,0,0
2178,TXN-002178,20230725,461,670,16,6,2,-376.89,376.89,Expense,Completed,0,1
2179,TXN-002179,20231229,232,666,13,,2,1099.29,1099.29,Transfer,Completed,0,0
2180,TXN-002180,20230730,238,438,15,18,7,-1864.37,1864.37,Expense,Completed,0,1
2181,TXN-002181,20240209,444,160,13,,5,4630.49,4630.49,Transfer,Completed,0,0
2182,TXN-002182,20230116,270,222,13,,2,1455.55,1455.55,Transfer,Completed,1,0
2183,TXN-002183,20220114,548,350,8,9,6,-426.6,426.6,Expense,Completed,0,0
2184,TXN-002184,20221025,153,71,15,4,2,-719.72,719.72,Expense,Completed,0,1
2185,TXN-002185,20240830,270,759,3,9,4,-433.68,433.68,Expense,Completed,1,1
2186,TXN-002186,20230305,530,382,4,19,5,-386.93,386.93,Expense,Pending,0,0
2187,TXN-002187,20240702,582,485,9,20,7,-307.11,307.11,Expense,Reversed,0,0
2188,TXN-002188,20231204,207,446,7,17,6,-33.79,33.79,Expense,Completed,0,0
2189,TXN-002189,20241224,798,984,18,2,2,-216.16,216.16,Expense,Failed,0,0
2190,TXN-002190,20231110,498,891,11,,2,449.22,449.22,Income,Pending,0,0
2191,TXN-002191,20221222,357,683,10,,2,12404.77,12404.77,Income,Completed,0,1
2192,TXN-002192,20220927,499,352,6,9,6,-114.38,114.38,Expense,Completed,0,0
2193,TXN-002193,20241022,411,94,7,2,7,-307.91,307.91,Expense,Completed,0,0
2194,TXN-002194,20240719,266,265,10,,6,1657.01,1657.01,Income,Completed,0,1
2195,TXN-002195,20221206,91,873,15,17,2,-1369.78,1369.78,Expense,Completed,0,1
2196,TXN-002196,20241123,498,891,14,,1,-2016.04,2016.04,Transfer,Completed,0,0
2197,TXN-002197,20230110,314,202,1,7,5,-315.0,315.0,Expense,Pending,0,0
2198,TXN-002198,20240920,408,1000,12,,4,3559.41,3559.41,Income,Completed,0,0
2199,TXN-002199,20230827,258,526,13,,4,4943.94,4943.94,Transfer,Completed,0,0
2200,TXN-002200,20220504,337,303,2,7,5,-511.32,511.32,Expense,Completed,0,1
2201,TXN-002201,20230623,48,615,1,10,6,-134.64,134.64,Expense,Completed,0,0
2202,TXN-002202,20240518,137,134,6,7,5,-51.83,51.83,Expense,Completed,0,0
2203,TXN-002203,20230813,455,974,1,5,4,-24.39,24.39,Expense,Completed,0,0
2204,TXN-002204,20230607,611,934,14,,1,-2136.44,2136.44,Transfer,Completed,0,0
2205,TXN-002205,20240808,519,423,16,14,3,-476.48,476.48,Expense,Completed,0,1
2206,TXN-002206,20220113,757,504,14,,2,-4118.93,4118.93,Transfer,Completed,0,0
2207,TXN-002207,20220908,662,233,3,2,5,-278.64,278.64,Expense,Completed,1,1
2208,TXN-002208,20230525,269,176,17,4,6,-101.71,101.71,Expense,Failed,0,1
2209,TXN-002209,20231201,108,358,8,4,7,-278.62,278.62,Expense,Completed,0,0
2210,TXN-002210,20230409,689,397,7,13,1,-308.55,308.55,Expense,Completed,0,0
2211,TXN-002211,20231111,640,335,9,6,6,-317.97,317.97,Expense,Pending,0,0
2212,TXN-002212,20220510,486,46,19,3,5,-381.19,381.19,Expense,Completed,0,0
2213,TXN-002213,20240417,355,884,13,,6,3163.55,3163.55,Transfer,Reversed,0,0
2214,TXN-002214,20240616,658,501,15,20,1,-486.51,486.51,Expense,Completed,0,1
2215,TXN-002215,20240417,11,872,2,13,7,-2889.73,2889.73,Expense,Completed,0,1
2216,TXN-002216,20241209,195,529,3,9,2,-472.9,472.9,Expense,Completed,1,1
2217,TXN-002217,20230326,615,939,11,,2,474.0,474.0,Income,Completed,0,0
2218,TXN-002218,20220416,48,964,20,,2,6408.21,6408.21,Income,Completed,0,0
2219,TXN-002219,20231010,145,402,2,2,2,-1507.42,1507.42,Expense,Pending,0,1
2220,TXN-002220,20240321,602,97,1,4,5,-435.41,435.41,Expense,Reversed,0,0
2221,TXN-002221,20231030,749,406,20,,1,1259.67,1259.67,Income,Completed,0,0
2222,TXN-002222,20220403,604,916,10,,2,1995.98,1995.98,Income,Completed,0,1
2223,TXN-002223,20221116,425,534,2,6,7,-2549.55,2549.55,Expense,Completed,0,1
2224,TXN-002224,20221126,280,9,11,,1,107.81,107.81,Income,Completed,0,0
2225,TXN-002225,20220112,91,786,13,,5,1116.49,1116.49,Transfer,Completed,0,0
2226,TXN-002226,20230718,720,696,3,14,5,-261.07,261.07,Expense,Completed,0,1
2227,TXN-002227,20230927,13,104,15,20,4,-669.03,669.03,Expense,Reversed,0,1
2228,TXN-002228,20240829,129,771,17,9,3,-94.51,94.51,Expense,Completed,0,1
2229,TXN-002229,20240210,145,848,1,8,4,-82.48,82.48,Expense,Completed,0,0
2230,TXN-002230,20230119,200,67,10,,5,9349.18,9349.18,Income,Completed,0,1
2231,TXN-002231,20240309,671,371,17,16,2,-110.38,110.38,Expense,Completed,0,1
2232,TXN-002232,20240116,448,305,16,16,1,-177.01,177.01,Expense,Completed,0,1
2233,TXN-002233,20231002,314,854,1,19,6,-265.94,265.94,Expense,Completed,0,0
2234,TXN-002234,20230528,298,82,2,20,3,-1182.71,1182.71,Expense,Completed,0,1
2235,TXN-002235,20220330,658,643,13,,7,2091.69,2091.69,Transfer,Failed,0,0
2236,TXN-002236,20241227,198,151,1,20,6,-478.7,478.7,Expense,Failed,0,0
2237,TXN-002237,20231219,16,980,10,,5,10782.98,10782.98,Income,Failed,0,1
2238,TXN-002238,20240117,563,455,14,,4,-4958.84,4958.84,Transfer,Completed,0,0
2239,TXN-002239,20220509,548,350,10,,3,8777.4,8777.4,Income,Completed,0,1
2240,TXN-002240,20220729,508,810,13,,2,2377.15,2377.15,Transfer,Pending,0,0
2241,TXN-002241,20240130,586,360,10,,7,3212.08,3212.08,Income,Pending,0,1
2242,TXN-002242,20241217,486,252,10,,5,8293.8,8293.8,Income,Failed,0,1
2243,TXN-002243,20220512,463,817,7,8,5,-99.41,99.41,Expense,Completed,0,0
2244,TXN-002244,20220529,377,68,4,2,1,-332.71,332.71,Expense,Completed,0,0
2245,TXN-002245,20231028,390,994,7,5,3,-460.79,460.79,Expense,Completed,0,0
2246,TXN-002246,20241010,782,57,4,15,5,-298.24,298.24,Expense,Completed,0,0
2247,TXN-002247,20220305,596,290,16,5,2,-317.05,317.05,Expense,Pending,0,1
2248,TXN-002248,20240528,489,647,16,17,5,-447.74,447.74,Expense,Failed,0,1
2249,TXN-002249,20230325,527,975,20,,2,3124.23,3124.23,Income,Completed,0,0
2250,TXN-002250,20230107,214,556,2,17,1,-2394.33,2394.33,Expense,Completed,0,1
2251,TXN-002251,20241220,37,949,20,,6,8122.67,8122.67,Income,Completed,0,0
2252,TXN-002252,20221003,519,943,4,19,6,-271.27,271.27,Expense,Pending,0,0
2253,TXN-002253,20240817,220,846,7,10,5,-390.65,390.65,Expense,Reversed,0,0
2254,TXN-002254,20231107,613,601,5,1,1,-7.18,7.18,Expense,Completed,0,0
2255,TXN-002255,20241230,766,167,5,7,4,-137.67,137.67,Expense,Completed,0,0
2256,TXN-002256,20240831,77,969,10,,5,2374.28,2374.28,Income,Completed,0,1
2257,TXN-002257,20220716,350,213,4,15,3,-269.54,269.54,Expense,Completed,0,0
2258,TXN-002258,20230202,156,773,2,16,2,-617.17,617.17,Expense,Completed,0,1
2259,TXN-002259,20230228,446,35,16,6,4,-179.19,179.19,Expense,Reversed,0,1
2260,TXN-002260,20230925,466,591,3,17,3,-103.04,103.04,Expense,Completed,0,1
2261,TXN-002261,20240730,664,451,7,14,5,-329.02,329.02,Expense,Completed,0,0
2262,TXN-002262,20231223,535,499,10,,5,1770.77,1770.77,Income,Completed,1,1
2263,TXN-002263,20221119,113,857,19,17,2,-225.93,225.93,Expense,Completed,0,0
2264,TXN-002264,20240117,324,345,20,,4,7988.98,7988.98,Income,Completed,0,0
2265,TXN-002265,20241231,522,593,1,6,6,-279.19,279.19,Expense,Completed,0,0
2266,TXN-002266,20230404,454,558,1,15,6,-317.04,317.04,Expense,Completed,0,0
2267,TXN-002267,20220705,753,507,1,5,2,-308.0,308.0,Expense,Completed,0,0
2268,TXN-002268,20220919,269,237,1,8,1,-325.38,325.38,Expense,Completed,0,0
2269,TXN-002269,20220214,14,310,3,17,6,-133.57,133.57,Expense,Reversed,0,1
2270,TXN-002270,20240915,50,808,6,16,1,-137.76,137.76,Expense,Completed,0,0
2271,TXN-002271,20220816,104,933,6,16,5,-39.92,39.92,Expense,Completed,0,0
2272,TXN-002272,20230120,675,53,4,17,2,-401.93,401.93,Expense,Completed,0,0
2273,TXN-002273,20221223,446,35,3,10,7,-124.7,124.7,Expense,Completed,0,1
2274,TXN-002274,20241112,315,348,2,2,3,-1781.22,1781.22,Expense,Completed,0,1
2275,TXN-002275,20231001,44,652,10,,1,4255.24,4255.24,Income,Completed,1,1
2276,TXN-002276,20240907,248,125,14,,6,-2265.98,2265.98,Transfer,Completed,0,0
2277,TXN-002277,20231026,745,505,7,9,1,-357.17,357.17,Expense,Pending,0,0
2278,TXN-002278,20230611,637,706,19,10,4,-376.4,376.4,Expense,Completed,0,0
2279,TXN-002279,20220814,306,181,10,,4,10424.9,10424.9,Income,Completed,0,1
2280,TXN-002280,20230409,586,263,2,10,3,-1915.39,1915.39,Expense,Completed,0,1
2281,TXN-002281,20230411,500,349,3,10,7,-36.4,36.4,Expense,Completed,0,1
2282,TXN-002282,20240114,240,636,13,,3,755.57,755.57,Transfer,Completed,0,0
2283,TXN-002283,20220524,295,415,18,18,6,-486.13,486.13,Expense,Reversed,1,0
2284,TXN-002284,20240703,638,31,1,14,4,-36.32,36.32,Expense,Completed,0,0
2285,TXN-002285,20241017,395,89,6,3,6,-117.5,117.5,Expense,Completed,0,0
2286,TXN-002286,20230305,7,603,16,8,3,-222.59,222.59,Expense,Completed,0,1
2287,TXN-002287,20240515,570,728,5,16,3,-71.52,71.52,Expense,Completed,0,0
2288,TXN-002288,20231004,625,614,5,2,2,-85.03,85.03,Expense,Completed,0,0
2289,TXN-002289,20221015,733,536,3,1,5,-376.69,376.69,Expense,Completed,0,1
2290,TXN-002290,20240701,793,2,10,,5,3670.72,3670.72,Income,Completed,0,1
2291,TXN-002291,20230106,484,664,10,,4,3724.3,3724.3,Income,Completed,0,1
2292,TXN-002292,20231008,475,702,1,18,6,-107.98,107.98,Expense,Completed,0,0
2293,TXN-002293,20221202,444,160,4,6,4,-450.14,450.14,Expense,Completed,0,0
2294,TXN-002294,20221230,555,332,18,7,4,-1711.12,1711.12,Expense,Completed,0,0
2295,TXN-002295,20230719,442,148,2,16,5,-665.82,665.82,Expense,Pending,0,1
2296,TXN-002296,20230110,413,131,1,17,1,-220.6,220.6,Expense,Completed,0,0
2297,TXN-002297,20231111,186,987,1,3,6,-458.31,458.31,Expense,Completed,0,0
2298,TXN-002298,20240624,136,56,1,1,5,-284.97,284.97,Expense,Completed,0,0
2299,TXN-002299,20240201,471,437,1,9,1,-229.56,229.56,Expense,Pending,0,0
2300,TXN-002300,20240327,33,813,13,,2,4762.48,4762.48,Transfer,Completed,0,0
2301,TXN-002301,20240411,611,463,3,16,4,-129.39,129.39,Expense,Completed,0,1
2302,TXN-002302,20221107,708,150,8,13,4,-495.91,495.91,Expense,Reversed,0,0
2303,TXN-002303,20221103,461,804,4,10,3,-378.76,378.76,Expense,Completed,0,0
2304,TXN-002304,20240505,673,277,20,,3,7267.3,7267.3,Income,Completed,0,0
2305,TXN-002305,20230912,625,614,11,,7,243.88,243.88,Income,Completed,0,0
2306,TXN-002306,20230621,350,213,15,7,2,-1740.7,1740.7,Expense,Completed,0,1
2307,TXN-002307,20221019,392,882,4,15,5,-50.23,50.23,Expense,Completed,0,0
2308,TXN-002308,20220908,161,381,14,,1,-4407.79,4407.79,Transfer,Completed,0,0
2309,TXN-002309,20220826,128,595,2,8,4,-1171.62,1171.62,Expense,Completed,0,1
2310,TXN-002310,20240213,569,72,5,18,5,-131.34,131.34,Expense,Completed,0,0
2311,TXN-002311,20231206,455,974,13,,4,4643.44,4643.44,Transfer,Completed,0,0
2312,TXN-002312,20240417,570,796,3,5,6,-71.55,71.55,Expense,Pending,0,1
2313,TXN-002313,20230111,118,25,4,20,6,-248.16,248.16,Expense,Completed,0,0
2314,TXN-002314,20220701,501,317,14,,7,-2880.23,2880.23,Transfer,Completed,0,0
2315,TXN-002315,20221210,582,485,1,6,7,-155.72,155.72,Expense,Completed,0,0
2316,TXN-002316,20230218,174,268,3,1,7,-409.55,409.55,Expense,Completed,0,1
2317,TXN-002317,20230601,110,337,15,19,4,-883.57,883.57,Expense,Completed,0,1
2318,TXN-002318,20230605,276,738,10,,5,3517.73,3517.73,Income,Completed,0,1
2319,TXN-002319,20221219,682,158,11,,5,233.66,233.66,Income,Completed,0,0
2320,TXN-002320,20241105,231,889,6,15,3,-86.39,86.39,Expense,Completed,0,0
2321,TXN-002321,20241226,663,326,5,7,7,-82.83,82.83,Expense,Pending,0,0
2322,TXN-002322,20240912,337,517,15,20,7,-896.59,896.59,Expense,Completed,0,1
2323,TXN-002323,20240721,245,600,20,,5,8606.32,8606.32,Income,Completed,0,0
2324,TXN-002324,20240813,455,974,10,,5,4093.17,4093.17,Income,Completed,0,1
2325,TXN-002325,20230909,363,6,9,11,5,-209.21,209.21,Expense,Failed,0,0
2326,TXN-002326,20240224,418,453,3,7,2,-14.5,14.5,Expense,Completed,0,1
2327,TXN-002327,20230216,366,797,15,17,7,-274.38,274.38,Expense,Completed,0,1
2328,TXN-002328,20230730,30,897,3,1,1,-465.68,465.68,Expense,Completed,0,1
2329,TXN-002329,20230213,410,476,1,12,3,-25.57,25.57,Expense,Completed,0,0
2330,TXN-002330,20240624,421,422,7,20,1,-296.68,296.68,Expense,Completed,0,0
2331,TXN-002331,20240715,498,208,16,5,4,-314.71,314.71,Expense,Completed,0,1
2332,TXN-002332,20221230,30,897,6,19,1,-96.9,96.9,Expense,Completed,0,0
2333,TXN-002333,20220428,674,990,10,,1,12852.82,12852.82,Income,Completed,0,1
2334,TXN-002334,20240612,38,847,14,,7,-310.07,310.07,Transfer,Completed,0,0
2335,TXN-002335,20240622,337,517,19,1,2,-77.26,77.26,Expense,Completed,0,0
2336,TXN-002336,20240515,172,242,13,,2,3343.55,3343.55,Transfer,Failed,0,0
2337,TXN-002337,20230929,62,561,17,11,5,-123.97,123.97,Expense,Completed,0,1
2338,TXN-002338,20220923,587,888,4,10,5,-448.89,448.89,Expense,Completed,0,0
2339,TXN-002339,20230323,311,898,1,9,2,-403.81,403.81,Expense,Completed,0,0
2340,TXN-002340,20220911,214,556,13,,3,1934.2,1934.2,Transfer,Completed,0,0
2341,TXN-002341,20230703,555,840,3,2,7,-233.19,233.19,Expense,Completed,0,1
2342,TXN-002342,20241121,359,267,1,19,1,-458.89,458.89,Expense,Reversed,0,0
2343,TXN-002343,20221005,451,999,14,,6,-2542.48,2542.48,Transfer,Completed,0,0
2344,TXN-002344,20220419,167,932,5,7,3,-38.09,38.09,Expense,Failed,0,0
2345,TXN-002345,20240206,79,39,4,20,7,-473.04,473.04,Expense,Completed,0,0
2346,TXN-002346,20231019,260,567,5,2,1,-43.41,43.41,Expense,Completed,0,0
2347,TXN-002347,20240407,745,713,7,12,3,-418.92,418.92,Expense,Completed,1,0
2348,TXN-002348,20240309,675,53,7,19,2,-53.44,53.44,Expense,Completed,0,0
2349,TXN-002349,20230520,605,136,5,10,2,-83.54,83.54,Expense,Completed,0,0
2350,TXN-002350,20241007,361,828,1,5,7,-64.96,64.96,Expense,Completed,0,0
2351,TXN-002351,20241231,20,630,4,13,5,-45.7,45.7,Expense,Completed,0,0
2352,TXN-002352,20230712,482,230,20,,2,5469.58,5469.58,Income,Pending,0,0
2353,TXN-002353,20230620,598,356,17,9,3,-101.34,101.34,Expense,Completed,0,1
2354,TXN-002354,20241211,245,439,2,2,3,-1575.08,1575.08,Expense,Pending,0,1
2355,TXN-002355,20220201,109,680,1,17,4,-122.99,122.99,Expense,Completed,0,0
2356,TXN-002356,20230404,666,246,7,10,2,-448.35,448.35,Expense,Completed,0,0
2357,TXN-002357,20221101,305,667,5,13,3,-59.25,59.25,Expense,Completed,0,0
2358,TXN-002358,20230315,405,570,13,,2,1265.14,1265.14,Transfer,Completed,0,0
2359,TXN-002359,20220616,34,660,7,8,5,-348.43,348.43,Expense,Completed,0,0
2360,TXN-002360,20220719,400,549,1,12,6,-100.96,100.96,Expense,Completed,0,0
2361,TXN-002361,20220115,797,634,11,,4,376.64,376.64,Income,Completed,0,0
2362,TXN-002362,20230914,422,12,14,,3,-3558.35,3558.35,Transfer,Pending,0,0
2363,TXN-002363,20220104,565,34,3,2,4,-225.15,225.15,Expense,Completed,0,1
2364,TXN-002364,20220121,80,366,13,,2,3357.3,3357.3,Transfer,Completed,0,0
2365,TXN-002365,20241221,750,856,4,13,1,-216.28,216.28,Expense,Completed,0,0
2366,TXN-002366,20230501,570,728,7,20,4,-454.47,454.47,Expense,Failed,0,0
2367,TXN-002367,20220206,649,433,13,,7,3414.9,3414.9,Transfer,Completed,0,0
2368,TXN-002368,20230405,471,437,18,15,4,-2549.97,2549.97,Expense,Completed,0,0
2369,TXN-002369,20220831,359,750,5,8,7,-87.51,87.51,Expense,Failed,0,0
2370,TXN-002370,20240418,121,470,6,3,6,-19.36,19.36,Expense,Completed,0,0
2371,TXN-002371,20241207,87,294,13,,7,1025.79,1025.79,Transfer,Pending,0,0
2372,TXN-002372,20220902,267,705,7,12,2,-115.16,115.16,Expense,Completed,0,0
2373,TXN-002373,20231002,254,285,1,2,5,-320.89,320.89,Expense,Completed,0,0
2374,TXN-002374,20220102,675,581,5,2,3,-38.36,38.36,Expense,Pending,0,0
2375,TXN-002375,20230514,567,370,5,2,3,-80.59,80.59,Expense,Failed,0,0
2376,TXN-002376,20240224,395,996,2,18,2,-621.83,621.83,Expense,Completed,0,1
2377,TXN-002377,20221018,263,616,16,17,7,-200.06,200.06,Expense,Completed,0,1
2378,TXN-002378,20230513,176,109,10,,5,8570.92,8570.92,Income,Completed,0,1
2379,TXN-002379,20220905,46,682,4,16,1,-249.22,249.22,Expense,Completed,1,0
2380,TXN-002380,20220504,74,725,3,3,5,-288.19,288.19,Expense,Completed,0,1
2381,TXN-002381,20220529,2,4,14,,3,-558.71,558.71,Transfer,Completed,0,0
2382,TXN-002382,20230822,175,102,2,18,3,-2192.81,2192.81,Expense,Completed,0,1
2383,TXN-002383,20240421,570,796,9,17,2,-122.55,122.55,Expense,Completed,0,0
2384,TXN-002384,20240731,636,460,16,20,2,-148.79,148.79,Expense,Completed,0,1
2385,TXN-002385,20230421,759,691,6,10,3,-22.93,22.93,Expense,Completed,0,0
2386,TXN-002386,20221010,500,349,4,15,1,-374.19,374.19,Expense,Completed,0,0
2387,TXN-002387,20221115,97,997,2,8,4,-1709.07,1709.07,Expense,Completed,0,1
2388,TXN-002388,20240313,110,105,5,15,1,-63.41,63.41,Expense,Pending,0,0
2389,TXN-002389,20220428,770,320,19,14,6,-146.47,146.47,Expense,Pending,0,0
2390,TXN-002390,20240804,73,7,4,6,4,-87.91,87.91,Expense,Pending,0,0
2391,TXN-002391,20240827,161,381,7,17,2,-389.91,389.91,Expense,Failed,0,0
2392,TXN-002392,20230914,42,539,7,4,5,-278.3,278.3,Expense,Completed,0,0
2393,TXN-002393,20230103,454,558,8,16,5,-459.34,459.34,Expense,Completed,0,0
2394,TXN-002394,20241011,28,981,11,,7,286.77,286.77,Income,Completed,0,0
2395,TXN-002395,20230514,329,763,1,7,1,-391.74,391.74,Expense,Completed,0,0
2396,TXN-002396,20230412,531,323,1,5,5,-324.51,324.51,Expense,Completed,0,0
2397,TXN-002397,20240531,410,476,1,3,6,-39.11,39.11,Expense,Completed,1,0
2398,TXN-002398,20220404,520,26,9,17,7,-151.53,151.53,Expense,Completed,0,0
2399,TXN-002399,20231216,220,10,1,1,7,-282.67,282.67,Expense,Completed,0,0
2400,TXN-002400,20220807,749,228,18,16,3,-2103.0,2103.0,Expense,Completed,1,0
2401,TXN-002401,20230127,267,705,10,,3,14279.89,14279.89,Income,Completed,0,1
2402,TXN-002402,20230410,427,665,9,20,3,-324.29,324.29,Expense,Completed,0,0
2403,TXN-002403,20241219,322,690,10,,7,11690.3,11690.3,Income,Completed,0,1
2404,TXN-002404,20220322,706,481,13,,4,2771.98,2771.98,Transfer,Completed,0,0
2405,TXN-002405,20241110,176,109,3,6,3,-142.17,142.17,Expense,Completed,0,1
2406,TXN-002406,20240210,200,67,13,,3,2890.44,2890.44,Transfer,Completed,0,0
2407,TXN-002407,20220421,426,924,9,18,4,-208.61,208.61,Expense,Completed,0,0
2408,TXN-002408,20230919,212,659,10,,6,9464.97,9464.97,Income,Completed,0,1
2409,TXN-002409,20220328,127,971,5,17,7,-21.82,21.82,Expense,Pending,0,0
2410,TXN-002410,20240608,510,551,4,4,6,-149.95,149.95,Expense,Pending,0,0
2411,TXN-002411,20230413,30,528,2,14,6,-1381.93,1381.93,Expense,Failed,0,1
2412,TXN-002412,20231205,207,640,1,9,1,-387.38,387.38,Expense,Completed,0,0
2413,TXN-002413,20230726,597,825,10,,2,13093.31,13093.31,Income,Completed,0,1
2414,TXN-002414,20221010,639,137,13,,2,2827.53,2827.53,Transfer,Completed,0,0
2415,TXN-002415,20240725,290,596,1,17,6,-204.77,204.77,Expense,Failed,0,0
2416,TXN-002416,20240831,664,451,7,13,2,-79.37,79.37,Expense,Completed,0,0
2417,TXN-002417,20220729,216,236,15,17,1,-1648.97,1648.97,Expense,Completed,0,1
2418,TXN-002418,20220411,604,916,16,4,3,-410.12,410.12,Expense,Completed,0,1
2419,TXN-002419,20221215,141,877,14,,2,-4674.5,4674.5,Transfer,Completed,0,0
2420,TXN-002420,20230328,267,705,1,7,1,-37.88,37.88,Expense,Reversed,0,0
2421,TXN-002421,20240418,442,776,1,15,2,-254.65,254.65,Expense,Completed,0,0
2422,TXN-002422,20240720,703,496,9,17,2,-166.41,166.41,Expense,Pending,0,0
2423,TXN-002423,20220318,653,50,2,8,6,-1175.04,1175.04,Expense,Completed,0,1
2424,TXN-002424,20240422,221,512,12,,7,2554.22,2554.22,Income,Failed,0,0
2425,TXN-002425,20240815,466,591,10,,6,6519.94,6519.94,Income,Pending,1,1
2426,TXN-002426,20241215,760,13,7,19,4,-38.51,38.51,Expense,Completed,0,0
2427,TXN-002427,20241202,97,80,16,19,7,-419.56,419.56,Expense,Completed,0,1
2428,TXN-002428,20221015,482,230,10,,2,6142.79,6142.79,Income,Reversed,0,1
2429,TXN-002429,20220204,141,993,3,18,1,-138.87,138.87,Expense,Completed,0,1
2430,TXN-002430,20220218,439,545,11,,4,306.67,306.67,Income,Completed,0,0
2431,TXN-002431,20230426,64,694,1,18,4,-227.91,227.91,Expense,Completed,0,0
2432,TXN-002432,20230107,62,744,5,11,3,-18.37,18.37,Expense,Completed,0,0
2433,TXN-002433,20231024,260,567,17,5,5,-120.68,120.68,Expense,Completed,0,1
2434,TXN-002434,20231209,314,202,5,3,7,-15.32,15.32,Expense,Completed,0,0
2435,TXN-002435,20230526,460,612,20,,3,1478.14,1478.14,Income,Completed,0,0
2436,TXN-002436,20230529,435,273,15,17,7,-686.78,686.78,Expense,Completed,0,1
2437,TXN-002437,20230723,226,998,10,,6,5481.38,5481.38,Income,Completed,0,1
2438,TXN-002438,20240818,53,621,7,7,2,-23.65,23.65,Expense,Completed,0,0
2439,TXN-002439,20231118,230,887,4,11,5,-371.12,371.12,Expense,Completed,0,0
2440,TXN-002440,20240609,661,751,1,10,4,-484.86,484.86,Expense,Completed,0,0
2441,TXN-002441,20240112,318,40,1,3,1,-458.51,458.51,Expense,Failed,0,0
2442,TXN-002442,20240207,44,652,3,1,2,-69.94,69.94,Expense,Failed,0,1
2443,TXN-002443,20221128,430,862,10,,6,10936.6,10936.6,Income,Completed,0,1
2444,TXN-002444,20230812,295,415,4,16,4,-199.81,199.81,Expense,Completed,0,0
2445,TXN-002445,20230408,109,938,3,15,6,-107.02,107.02,Expense,Failed,0,1
2446,TXN-002446,20231118,128,595,10,,7,11781.81,11781.81,Income,Completed,0,1
2447,TXN-002447,20230810,168,255,7,9,4,-179.88,179.88,Expense,Completed,0,0
2448,TXN-002448,20221119,308,339,8,19,6,-480.62,480.62,Expense,Pending,0,0
2449,TXN-002449,20231123,753,507,14,,7,-4107.03,4107.03,Transfer,Completed,0,0
2450,TXN-002450,20230720,639,137,20,,3,3893.77,3893.77,Income,Pending,0,0
2451,TXN-002451,20220114,73,7,10,,2,6353.2,6353.2,Income,Pending,0,1
2452,TXN-002452,20220722,231,275,14,,5,-1220.9,1220.9,Transfer,Completed,0,0
2453,TXN-002453,20231014,698,206,2,16,2,-1654.59,1654.59,Expense,Pending,0,1
2454,TXN-002454,20220825,379,384,6,17,2,-115.29,115.29,Expense,Completed,1,0
2455,TXN-002455,20221019,101,648,3,17,3,-132.29,132.29,Expense,Completed,0,1
2456,TXN-002456,20230609,482,883,2,12,5,-598.57,598.57,Expense,Completed,0,1
2457,TXN-002457,20220207,548,365,18,4,7,-2898.37,2898.37,Expense,Pending,0,0
2458,TXN-002458,20240424,169,110,16,12,6,-410.32,410.32,Expense,Completed,0,1
2459,TXN-002459,20241025,287,324,1,8,3,-473.39,473.39,Expense,Completed,0,0
2460,TXN-002460,20221014,427,787,7,7,1,-458.24,458.24,Expense,Completed,0,0
2461,TXN-002461,20220928,600,741,10,,3,2906.14,2906.14,Income,Pending,0,1
2462,TXN-002462,20231008,532,798,6,13,5,-113.29,113.29,Expense,Completed,0,0
2463,TXN-002463,20230526,405,947,10,,5,14347.05,14347.05,Income,Completed,0,1
2464,TXN-002464,20220102,678,357,3,5,6,-291.78,291.78,Expense,Failed,0,1
2465,TXN-002465,20220523,217,376,7,15,6,-392.21,392.21,Expense,Failed,0,0
2466,TXN-002466,20231212,37,949,10,,6,10356.02,10356.02,Income,Completed,0,1
2467,TXN-002467,20240619,269,530,4,16,2,-104.7,104.7,Expense,Pending,0,0
2468,TXN-002468,20231123,768,282,13,,3,613.28,613.28,Transfer,Failed,1,0
2469,TXN-002469,20230513,353,271,2,16,3,-2972.87,2972.87,Expense,Pending,0,1
2470,TXN-002470,20230130,125,723,3,20,7,-132.54,132.54,Expense,Failed,0,1
2471,TXN-002471,20241227,800,403,8,13,3,-350.37,350.37,Expense,Pending,1,0
2472,TXN-002472,20240107,565,34,3,6,7,-367.18,367.18,Expense,Completed,0,1
2473,TXN-002473,20221115,269,304,14,,5,-2053.51,2053.51,Transfer,Completed,0,0
2474,TXN-002474,20221119,323,784,10,,3,2133.2,2133.2,Income,Completed,1,1
2475,TXN-002475,20220723,422,172,3,10,4,-450.73,450.73,Expense,Pending,0,1
2476,TXN-002476,20231217,281,611,12,,5,4323.83,4323.83,Income,Failed,0,0
2477,TXN-002477,20220219,703,198,4,20,7,-361.6,361.6,Expense,Completed,0,0
2478,TXN-002478,20220217,537,976,8,1,7,-490.78,490.78,Expense,Completed,1,0
2479,TXN-002479,20240418,561,668,18,10,4,-180.89,180.89,Expense,Completed,0,0
2480,TXN-002480,20230817,295,415,15,7,1,-912.43,912.43,Expense,Completed,0,1
2481,TXN-002481,20240623,650,739,15,20,7,-1473.3,1473.3,Expense,Completed,0,1
2482,TXN-002482,20220123,700,254,13,,7,766.87,766.87,Transfer,Completed,0,0
2483,TXN-002483,20240105,567,370,14,,1,-3648.22,3648.22,Transfer,Completed,0,0
2484,TXN-002484,20220722,308,194,7,10,3,-315.12,315.12,Expense,Failed,0,0
2485,TXN-002485,20240805,708,146,13,,3,2238.63,2238.63,Transfer,Completed,0,0
2486,TXN-002486,20230518,502,585,3,5,7,-380.09,380.09,Expense,Completed,0,1
2487,TXN-002487,20230614,635,952,1,16,7,-176.55,176.55,Expense,Completed,0,0
2488,TXN-002488,20230303,222,588,5,20,3,-71.84,71.84,Expense,Completed,0,0
2489,TXN-002489,20231110,781,662,13,,5,242.36,242.36,Transfer,Completed,0,0
2490,TXN-002490,20220910,571,865,4,12,2,-391.71,391.71,Expense,Failed,0,0
2491,TXN-002491,20240314,390,994,11,,7,19.32,19.32,Income,Completed,0,0
2492,TXN-002492,20220208,48,615,11,,6,92.36,92.36,Income,Completed,0,0
2493,TXN-002493,20220314,730,427,4,8,6,-183.76,183.76,Expense,Completed,0,0
2494,TXN-002494,20220726,472,212,11,,2,123.03,123.03,Income,Completed,0,0
2495,TXN-002495,20220508,238,438,13,,1,3469.0,3469.0,Transfer,Pending,0,0
2496,TXN-002496,20230429,461,836,3,1,5,-219.08,219.08,Expense,Pending,0,1
2497,TXN-002497,20240218,283,211,13,,1,3183.61,3183.61,Transfer,Completed,0,0
2498,TXN-002498,20220104,611,463,10,,2,12983.43,12983.43,Income,Completed,1,1
2499,TXN-002499,20221218,564,895,13,,4,322.1,322.1,Transfer,Completed,0,0
2500,TXN-002500,20220923,325,329,19,15,3,-218.44,218.44,Expense,Completed,0,0
2501,TXN-002501,20230428,708,150,9,1,6,-402.96,402.96,Expense,Failed,0,0
2502,TXN-002502,20220613,61,849,11,,3,356.9,356.9,Income,Completed,0,0
2503,TXN-002503,20220720,721,11,1,15,1,-230.67,230.67,Expense,Completed,0,0
2504,TXN-002504,20230109,20,602,13,,5,1147.87,1147.87,Transfer,Completed,0,0
2505,TXN-002505,20220914,442,148,5,14,3,-136.76,136.76,Expense,Completed,0,0
2506,TXN-002506,20230614,586,263,8,10,3,-244.06,244.06,Expense,Completed,0,0
2507,TXN-002507,20220331,725,192,5,17,7,-119.66,119.66,Expense,Completed,0,0
2508,TXN-002508,20241026,699,657,3,17,4,-274.61,274.61,Expense,Completed,1,1
2509,TXN-002509,20231124,678,769,4,16,1,-315.54,315.54,Expense,Completed,0,0
2510,TXN-002510,20220102,650,770,15,7,5,-1603.55,1603.55,Expense,Completed,0,1
2511,TXN-002511,20230109,604,916,7,4,7,-135.01,135.01,Expense,Completed,0,0
2512,TXN-002512,20240524,243,827,5,17,2,-75.93,75.93,Expense,Completed,0,0
2513,TXN-002513,20240115,537,976,3,20,3,-377.71,377.71,Expense,Completed,0,1
2514,TXN-002514,20220115,500,153,15,15,1,-1135.83,1135.83,Expense,Completed,0,1
2515,TXN-002515,20230809,161,579,1,15,2,-83.93,83.93,Expense,Completed,0,0
2516,TXN-002516,20230915,7,377,7,10,3,-108.5,108.5,Expense,Completed,0,0
2517,TXN-002517,20240813,537,850,3,20,7,-434.08,434.08,Expense,Completed,0,1
2518,TXN-002518,20220105,564,895,6,12,6,-11.63,11.63,Expense,Completed,0,0
2519,TXN-002519,20240524,590,338,1,3,3,-211.05,211.05,Expense,Completed,0,0
2520,TXN-002520,20220108,753,507,12,,7,633.63,633.63,Income,Pending,0,0
2521,TXN-002521,20221105,666,779,10,,3,5114.84,5114.84,Income,Completed,0,1
2522,TXN-002522,20240302,190,970,2,17,6,-2385.29,2385.29,Expense,Completed,0,1
2523,TXN-002523,20230827,770,320,6,18,5,-85.96,85.96,Expense,Completed,0,0
2524,TXN-002524,20220710,652,885,13,,5,1487.23,1487.23,Transfer,Completed,0,0
2525,TXN-002525,20240312,165,592,12,,1,517.98,517.98,Income,Completed,0,0
2526,TXN-002526,20220225,337,517,13,,5,1952.21,1952.21,Transfer,Completed,0,0
2527,TXN-002527,20230209,602,97,3,15,1,-99.38,99.38,Expense,Completed,0,1
2528,TXN-002528,20240703,117,954,6,15,2,-108.38,108.38,Expense,Completed,0,0
2529,TXN-002529,20220705,744,833,3,5,2,-308.93,308.93,Expense,Pending,0,1
2530,TXN-002530,20220314,751,409,8,3,1,-218.26,218.26,Expense,Pending,0,0
2531,TXN-002531,20221204,176,111,2,20,1,-2358.94,2358.94,Expense,Completed,0,1
2532,TXN-002532,20241003,91,676,16,19,6,-161.89,161.89,Expense,Completed,0,1
2533,TXN-002533,20240529,35,965,9,17,4,-317.2,317.2,Expense,Completed,0,0
2534,TXN-002534,20240608,680,401,4,3,5,-237.49,237.49,Expense,Completed,0,0
2535,TXN-002535,20220926,185,714,4,10,7,-364.75,364.75,Expense,Completed,0,0
2536,TXN-002536,20220119,448,305,1,20,6,-159.31,159.31,Expense,Completed,0,0
2537,TXN-002537,20241129,449,709,8,13,4,-168.13,168.13,Expense,Completed,0,0
2538,TXN-002538,20240216,315,957,15,4,6,-1550.08,1550.08,Expense,Completed,0,1
2539,TXN-002539,20220316,499,292,5,3,4,-121.82,121.82,Expense,Reversed,1,0
2540,TXN-002540,20231102,358,966,5,10,6,-131.05,131.05,Expense,Completed,0,0
2541,TXN-002541,20240505,652,398,1,17,4,-71.98,71.98,Expense,Pending,0,0
2542,TXN-002542,20240405,435,273,6,10,3,-144.49,144.49,Expense,Completed,0,0
2543,TXN-002543,20230318,161,844,7,12,3,-318.38,318.38,Expense,Completed,0,0
2544,TXN-002544,20241028,149,959,5,1,5,-53.44,53.44,Expense,Completed,0,0
2545,TXN-002545,20230214,422,12,19,10,5,-106.72,106.72,Expense,Completed,0,0
2546,TXN-002546,20240220,650,419,15,6,5,-1369.37,1369.37,Expense,Completed,0,1
2547,TXN-002547,20221114,371,436,14,,1,-1481.69,1481.69,Transfer,Pending,0,0
2548,TXN-002548,20220826,276,503,2,10,1,-2729.52,2729.52,Expense,Completed,0,1
2549,TXN-002549,20240502,501,317,6,15,3,-106.59,106.59,Expense,Completed,0,0
2550,TXN-002550,20230609,135,183,11,,3,103.85,103.85,Income,Completed,0,0
2551,TXN-002551,20240220,388,801,6,8,2,-90.05,90.05,Expense,Completed,0,0
2552,TXN-002552,20230423,257,746,1,15,1,-423.92,423.92,Expense,Completed,0,0
2553,TXN-002553,20241230,598,90,10,,1,13845.29,13845.29,Income,Completed,0,1
2554,TXN-002554,20241123,793,61,4,20,2,-278.57,278.57,Expense,Completed,0,0
2555,TXN-002555,20240218,740,190,13,,5,2635.37,2635.37,Transfer,Completed,0,0
2556,TXN-002556,20221210,656,18,5,20,3,-87.45,87.45,Expense,Failed,0,0
2557,TXN-002557,20220414,351,790,2,7,5,-1617.44,1617.44,Expense,Completed,0,1
2558,TXN-002558,20240307,269,304,17,17,1,-55.4,55.4,Expense,Completed,0,1
2559,TXN-002559,20221112,270,563,13,,1,1512.89,1512.89,Transfer,Completed,0,0
2560,TXN-002560,20241018,751,555,10,,7,5904.26,5904.26,Income,Completed,0,1
2561,TXN-002561,20220603,319,841,2,12,1,-2371.99,2371.99,Expense,Completed,0,1
2562,TXN-002562,20240823,535,499,13,,1,3961.99,3961.99,Transfer,Failed,0,0
2563,TXN-002563,20231111,484,664,8,15,4,-398.78,398.78,Expense,Completed,0,0
2564,TXN-002564,20240925,361,828,4,10,1,-207.28,207.28,Expense,Completed,0,0
2565,TXN-002565,20240723,13,104,8,4,6,-271.29,271.29,Expense,Completed,0,0
2566,TXN-002566,20230223,118,25,7,5,2,-256.11,256.11,Expense,Completed,0,0
2567,TXN-002567,20220124,632,531,3,17,3,-453.94,453.94,Expense,Completed,0,1
2568,TXN-002568,20230618,279,772,8,13,5,-116.03,116.03,Expense,Completed,0,0
2569,TXN-002569,20240309,393,707,7,12,1,-158.21,158.21,Expense,Completed,0,0
2570,TXN-002570,20221027,430,862,20,,3,9939.71,9939.71,Income,Completed,0,0
2571,TXN-002571,20240424,527,975,19,16,3,-154.27,154.27,Expense,Completed,0,0
2572,TXN-002572,20231225,72,736,3,2,1,-297.6,297.6,Expense,Pending,0,1
2573,TXN-002573,20241120,308,339,1,8,3,-256.34,256.34,Expense,Completed,0,0
2574,TXN-002574,20220327,425,534,17,5,3,-100.85,100.85,Expense,Completed,0,1
2575,TXN-002575,20220220,320,330,18,12,7,-1549.76,1549.76,Expense,Completed,0,0
2576,TXN-002576,20240325,132,935,16,4,7,-176.25,176.25,Expense,Completed,0,1
2577,TXN-002577,20240113,101,648,2,20,3,-2542.69,2542.69,Expense,Completed,0,1
2578,TXN-002578,20220405,162,685,3,20,5,-248.24,248.24,Expense,Completed,0,1
2579,TXN-002579,20240121,691,537,7,2,1,-202.68,202.68,Expense,Completed,0,0
2580,TXN-002580,20231112,318,195,9,14,2,-183.24,183.24,Expense,Completed,0,0
2581,TXN-002581,20240522,431,106,5,2,2,-130.3,130.3,Expense,Reversed,0,0
2582,TXN-002582,20240208,577,495,3,8,1,-60.82,60.82,Expense,Failed,0,1
2583,TXN-002583,20220108,395,89,10,,2,3614.43,3614.43,Income,Completed,0,1
2584,TXN-002584,20230526,671,371,2,2,7,-1302.82,1302.82,Expense,Completed,0,1
2585,TXN-002585,20221128,440,945,2,1,2,-2579.24,2579.24,Expense,Completed,0,1
2586,TXN-002586,20220301,332,756,4,17,1,-498.48,498.48,Expense,Pending,0,0
2587,TXN-002587,20230422,280,811,1,6,2,-424.47,424.47,Expense,Completed,0,0
2588,TXN-002588,20230228,675,53,4,3,7,-328.23,328.23,Expense,Completed,0,0
2589,TXN-002589,20221001,472,212,4,13,7,-265.43,265.43,Expense,Completed,0,0
2590,TXN-002590,20221212,638,863,15,3,2,-1893.39,1893.39,Expense,Completed,0,1
2591,TXN-002591,20230924,639,137,2,14,3,-1468.19,1468.19,Expense,Completed,0,1
2592,TXN-002592,20220908,304,410,7,2,2,-417.95,417.95,Expense,Completed,0,0
2593,TXN-002593,20240716,784,140,1,11,2,-242.42,242.42,Expense,Completed,0,0
2594,TXN-002594,20240410,631,88,3,12,6,-249.15,249.15,Expense,Failed,0,1
2595,TXN-002595,20220309,60,295,18,18,1,-2456.51,2456.51,Expense,Reversed,0,0
2596,TXN-002596,20241107,288,114,18,18,2,-812.82,812.82,Expense,Completed,0,0
2597,TXN-002597,20241001,784,140,17,2,4,-74.89,74.89,Expense,Completed,0,1
2598,TXN-002598,20220707,329,734,2,7,7,-1382.77,1382.77,Expense,Completed,0,1
2599,TXN-002599,20241106,734,726,1,6,3,-417.2,417.2,Expense,Completed,0,0
2600,TXN-002600,20240305,560,901,2,16,5,-2490.08,2490.08,Expense,Failed,0,1
2601,TXN-002601,20221201,186,431,7,10,4,-423.43,423.43,Expense,Completed,0,0
2602,TXN-002602,20221104,28,981,2,18,6,-2182.88,2182.88,Expense,Pending,0,1
2603,TXN-002603,20230208,351,790,19,8,7,-375.12,375.12,Expense,Completed,0,0
2604,TXN-002604,20240122,751,951,11,,2,239.62,239.62,Income,Completed,0,0
2605,TXN-002605,20220923,220,846,8,20,6,-395.99,395.99,Expense,Completed,0,0
2606,TXN-002606,20220427,442,148,1,6,3,-289.17,289.17,Expense,Completed,0,0
2607,TXN-002607,20240422,637,355,9,7,6,-46.53,46.53,Expense,Pending,0,0
2608,TXN-002608,20220605,703,482,16,4,6,-93.47,93.47,Expense,Completed,0,1
2609,TXN-002609,20221031,784,140,2,10,1,-550.53,550.53,Expense,Reversed,0,1
2610,TXN-002610,20220120,571,721,7,9,1,-35.5,35.5,Expense,Completed,0,0
2611,TXN-002611,20240123,270,759,5,14,2,-126.7,126.7,Expense,Failed,0,0
2612,TXN-002612,20230311,567,370,14,,3,-2654.45,2654.45,Transfer,Pending,0,0
2613,TXN-002613,20220813,482,883,10,,7,8431.4,8431.4,Income,Completed,0,1
2614,TXN-002614,20220402,302,65,6,16,6,-30.59,30.59,Expense,Pending,0,0
2615,TXN-002615,20230909,469,226,3,9,2,-180.47,180.47,Expense,Completed,0,1
2616,TXN-002616,20230526,639,483,1,11,7,-49.06,49.06,Expense,Completed,0,0
2617,TXN-002617,20240229,62,561,10,,1,10257.17,10257.17,Income,Completed,1,1
2618,TXN-002618,20220129,220,276,7,1,4,-149.57,149.57,Expense,Failed,0,0
2619,TXN-002619,20220705,231,275,4,12,3,-478.47,478.47,Expense,Completed,0,0
2620,TXN-002620,20231211,121,733,11,,7,489.49,489.49,Income,Completed,0,0
2621,TXN-002621,20241126,674,32,1,10,2,-113.32,113.32,Expense,Reversed,0,0
2622,TXN-002622,20221226,440,945,3,17,4,-287.01,287.01,Expense,Completed,0,1
2623,TXN-002623,20230617,112,896,20,,4,4055.39,4055.39,Income,Completed,0,0
2624,TXN-002624,20231022,633,308,4,5,4,-52.67,52.67,Expense,Completed,0,0
2625,TXN-002625,20230905,325,232,15,17,2,-1853.82,1853.82,Expense,Completed,0,1
2626,TXN-002626,20230114,183,792,12,,1,1628.75,1628.75,Income,Completed,0,0
2627,TXN-002627,20230423,50,808,4,12,1,-483.27,483.27,Expense,Failed,0,0
2628,TXN-002628,20220714,313,369,2,5,2,-2923.61,2923.61,Expense,Completed,0,1
2629,TXN-002629,20220103,240,636,1,14,2,-109.46,109.46,Expense,Completed,0,0
2630,TXN-002630,20220311,639,483,12,,1,2524.86,2524.86,Income,Completed,1,0
2631,TXN-002631,20220406,161,844,6,13,1,-25.79,25.79,Expense,Failed,0,0
2632,TXN-002632,20220210,401,820,5,13,3,-18.61,18.61,Expense,Completed,0,0
2633,TXN-002633,20220515,431,904,4,13,5,-31.91,31.91,Expense,Completed,0,0
2634,TXN-002634,20231016,707,484,4,11,2,-385.48,385.48,Expense,Failed,0,0
2635,TXN-002635,20230812,678,769,3,15,2,-400.1,400.1,Expense,Completed,0,1
2636,TXN-002636,20220209,633,319,1,3,3,-155.94,155.94,Expense,Completed,0,0
2637,TXN-002637,20220519,220,276,5,4,3,-80.65,80.65,Expense,Completed,0,0
2638,TXN-002638,20221123,175,102,9,6,1,-204.52,204.52,Expense,Completed,0,0
2639,TXN-002639,20220706,444,720,10,,6,11941.44,11941.44,Income,Completed,0,1
2640,TXN-002640,20230422,331,118,8,17,4,-272.95,272.95,Expense,Completed,0,0
2641,TXN-002641,20230915,229,340,1,19,3,-463.23,463.23,Expense,Completed,0,0
2642,TXN-002642,20231119,571,977,17,6,2,-138.7,138.7,Expense,Completed,0,1
2643,TXN-002643,20230109,555,332,2,16,3,-1279.56,1279.56,Expense,Completed,0,1
2644,TXN-002644,20240718,658,501,1,9,2,-236.78,236.78,Expense,Completed,0,0
2645,TXN-002645,20230602,780,890,15,2,1,-336.2,336.2,Expense,Completed,0,1
2646,TXN-002646,20220814,791,686,13,,3,185.89,185.89,Transfer,Pending,0,0
2647,TXN-002647,20220908,410,695,6,19,5,-126.56,126.56,Expense,Completed,0,0
2648,TXN-002648,20220918,74,725,6,1,4,-145.6,145.6,Expense,Completed,0,0
2649,TXN-002649,20240201,130,822,2,19,5,-1849.65,1849.65,Expense,Failed,0,1
2650,TXN-002650,20230729,500,153,4,10,5,-318.03,318.03,Expense,Completed,0,0
2651,TXN-002651,20240309,449,837,19,4,2,-383.47,383.47,Expense,Pending,0,0
2652,TXN-002652,20220501,490,262,14,,2,-2077.91,2077.91,Transfer,Completed,0,0
2653,TXN-002653,20240109,633,314,1,3,4,-206.58,206.58,Expense,Completed,0,0
2654,TXN-002654,20230104,546,186,15,2,7,-1562.5,1562.5,Expense,Completed,0,1
2655,TXN-002655,20230925,608,968,5,3,5,-146.0,146.0,Expense,Completed,0,0
2656,TXN-002656,20230124,651,60,12,,4,2160.4,2160.4,Income,Completed,0,0
2657,TXN-002657,20240223,110,159,4,6,6,-72.15,72.15,Expense,Completed,0,0
2658,TXN-002658,20220413,442,148,16,2,2,-382.24,382.24,Expense,Completed,0,1
2659,TXN-002659,20231017,519,655,11,,1,221.24,221.24,Income,Completed,1,0
2660,TXN-002660,20240728,747,988,5,2,6,-110.22,110.22,Expense,Completed,0,0
2661,TXN-002661,20220801,461,670,11,,7,413.65,413.65,Income,Completed,0,0
2662,TXN-002662,20221104,385,758,4,3,5,-164.73,164.73,Expense,Completed,0,0
2663,TXN-002663,20240810,361,828,3,5,2,-280.43,280.43,Expense,Failed,1,1
2664,TXN-002664,20230219,783,491,10,,6,3993.83,3993.83,Income,Completed,0,1
2665,TXN-002665,20241114,318,112,6,3,7,-131.19,131.19,Expense,Completed,0,0
2666,TXN-002666,20221214,245,639,6,15,7,-68.61,68.61,Expense,Pending,0,0
2667,TXN-002667,20220204,587,238,20,,1,5363.18,5363.18,Income,Failed,1,0
2668,TXN-002668,20240709,662,745,10,,4,9682.4,9682.4,Income,Completed,0,1
2669,TXN-002669,20230416,716,731,16,8,4,-288.17,288.17,Expense,Completed,0,1
2670,TXN-002670,20220804,37,949,2,8,1,-2643.81,2643.81,Expense,Completed,0,1
2671,TXN-002671,20240526,64,729,3,17,3,-140.78,140.78,Expense,Completed,1,1
2672,TXN-002672,20240504,132,753,7,18,1,-457.15,457.15,Expense,Completed,0,0
2673,TXN-002673,20220408,48,711,4,8,6,-168.41,168.41,Expense,Pending,0,0
2674,TXN-002674,20230825,672,553,13,,7,954.05,954.05,Transfer,Completed,0,0
2675,TXN-002675,20220406,473,479,2,4,7,-1818.22,1818.22,Expense,Completed,0,1
2676,TXN-002676,20230719,431,106,5,3,2,-69.84,69.84,Expense,Completed,0,0
2677,TXN-002677,20230404,279,154,6,19,7,-140.83,140.83,Expense,Pending,0,0
2678,TXN-002678,20240728,217,972,2,9,5,-2066.86,2066.86,Expense,Completed,0,1
2679,TXN-002679,20230708,641,831,10,,4,10853.18,10853.18,Income,Completed,0,1
2680,TXN-002680,20221013,546,456,5,10,7,-56.06,56.06,Expense,Completed,0,0
2681,TXN-002681,20230318,727,204,12,,2,800.45,800.45,Income,Pending,0,0
2682,TXN-002682,20230330,186,431,5,9,3,-129.75,129.75,Expense,Completed,0,0
2683,TXN-002683,20220721,295,415,2,4,2,-2134.09,2134.09,Expense,Completed,0,1
2684,TXN-002684,20221116,499,352,2,7,6,-889.62,889.62,Expense,Completed,0,1
2685,TXN-002685,20240724,446,584,2,7,2,-1834.37,1834.37,Expense,Completed,0,1
2686,TXN-002686,20220621,222,79,3,7,5,-455.33,455.33,Expense,Completed,0,1
2687,TXN-002687,20220526,447,302,13,,4,1511.64,1511.64,Transfer,Completed,0,0
2688,TXN-002688,20240816,145,402,17,11,2,-8.27,8.27,Expense,Completed,0,1
2689,TXN-002689,20240911,461,870,1,9,3,-123.01,123.01,Expense,Completed,0,0
2690,TXN-002690,20240221,550,152,13,,5,3352.47,3352.47,Transfer,Completed,0,0
2691,TXN-002691,20240709,707,27,13,,2,2474.61,2474.61,Transfer,Completed,0,0
2692,TXN-002692,20230617,616,44,12,,7,1854.34,1854.34,Income,Completed,0,0
2693,TXN-002693,20241223,104,933,2,11,1,-2074.53,2074.53,Expense,Completed,0,1
2694,TXN-002694,20230427,787,235,4,1,1,-171.2,171.2,Expense,Completed,0,0
2695,TXN-002695,20231217,717,868,14,,4,-489.65,489.65,Transfer,Completed,0,0
2696,TXN-002696,20220507,411,548,4,1,4,-25.91,25.91,Expense,Completed,0,0
2697,TXN-002697,20241221,789,914,15,15,5,-421.63,421.63,Expense,Failed,0,1
2698,TXN-002698,20240223,675,362,14,,6,-1294.14,1294.14,Transfer,Completed,0,0
2699,TXN-002699,20240830,733,99,5,6,3,-26.62,26.62,Expense,Completed,0,0
2700,TXN-002700,20220629,415,712,12,,1,4688.39,4688.39,Income,Completed,0,0
2701,TXN-002701,20231123,156,773,11,,7,145.11,145.11,Income,Failed,0,0
2702,TXN-002702,20220216,482,883,3,3,2,-26.77,26.77,Expense,Completed,0,1
2703,TXN-002703,20220405,338,86,4,7,1,-232.47,232.47,Expense,Completed,0,0
2704,TXN-002704,20240910,169,110,1,11,5,-466.31,466.31,Expense,Completed,0,0
2705,TXN-002705,20240515,14,458,15,2,6,-1812.99,1812.99,Expense,Completed,0,1
2706,TXN-002706,20230805,15,631,13,,2,2104.8,2104.8,Transfer,Completed,0,0
2707,TXN-002707,20240912,496,740,20,,6,1698.59,1698.59,Income,Completed,0,0
2708,TXN-002708,20220415,556,582,1,18,6,-465.75,465.75,Expense,Completed,0,0
2709,TXN-002709,20220617,102,489,10,,2,8492.03,8492.03,Income,Completed,0,1
2710,TXN-002710,20240815,402,961,7,20,6,-356.09,356.09,Expense,Pending,0,0
2711,TXN-002711,20240129,770,320,13,,2,2370.83,2370.83,Transfer,Pending,0,0
2712,TXN-002712,20240126,132,935,13,,5,895.16,895.16,Transfer,Completed,0,0
2713,TXN-002713,20240419,767,316,14,,7,-239.79,239.79,Transfer,Completed,0,0
2714,TXN-002714,20240617,85,760,10,,6,12639.88,12639.88,Income,Completed,0,1
2715,TXN-002715,20230819,122,280,7,15,7,-244.81,244.81,Expense,Pending,0,0
2716,TXN-002716,20220727,501,317,11,,1,323.53,323.53,Income,Completed,0,0
2717,TXN-002717,20240320,19,180,19,13,2,-319.23,319.23,Expense,Failed,0,0
2718,TXN-002718,20240914,577,908,12,,4,1942.33,1942.33,Income,Completed,0,0
2719,TXN-002719,20230224,99,93,4,16,7,-297.17,297.17,Expense,Completed,0,0
2720,TXN-002720,20230521,2,681,4,19,5,-289.6,289.6,Expense,Completed,0,0
2721,TXN-002721,20220719,24,991,15,13,1,-524.32,524.32,Expense,Pending,0,1
2722,TXN-002722,20220103,789,914,1,7,5,-286.53,286.53,Expense,Completed,0,0
2723,TXN-002723,20240706,650,739,2,10,1,-2942.24,2942.24,Expense,Completed,0,1
2724,TXN-002724,20230608,342,343,11,,5,306.43,306.43,Income,Completed,0,0
2725,TXN-002725,20240406,689,397,1,15,4,-452.37,452.37,Expense,Completed,0,0
2726,TXN-002726,20220713,666,246,3,4,4,-89.17,89.17,Expense,Completed,0,1
2727,TXN-002727,20220125,48,964,7,5,6,-335.69,335.69,Expense,Completed,0,0
2728,TXN-002728,20231019,318,112,10,,1,3129.19,3129.19,Income,Completed,0,1
2729,TXN-002729,20220110,444,225,3,6,2,-424.15,424.15,Expense,Completed,0,1
2730,TXN-002730,20240426,174,671,4,1,1,-189.84,189.84,Expense,Completed,0,0
2731,TXN-002731,20241017,298,82,4,6,6,-220.38,220.38,Expense,Completed,0,0
2732,TXN-002732,20230605,477,388,13,,4,4570.02,4570.02,Transfer,Completed,0,0
2733,TXN-002733,20220220,693,583,1,18,1,-213.1,213.1,Expense,Completed,0,0
2734,TXN-002734,20220428,206,8,1,3,2,-312.63,312.63,Expense,Failed,0,0
2735,TXN-002735,20230115,407,83,13,,3,2153.31,2153.31,Transfer,Completed,0,0
2736,TXN-002736,20220126,430,919,13,,1,4656.34,4656.34,Transfer,Completed,0,0
2737,TXN-002737,20241024,480,989,12,,5,60.88,60.88,Income,Completed,0,0
2738,TXN-002738,20240318,475,702,4,8,4,-153.25,153.25,Expense,Pending,0,0
2739,TXN-002739,20240725,618,58,13,,4,3736.74,3736.74,Transfer,Completed,0,0
2740,TXN-002740,20240407,563,266,16,12,4,-217.42,217.42,Expense,Pending,0,1
2741,TXN-002741,20230610,560,395,7,10,6,-262.09,262.09,Expense,Completed,0,0
2742,TXN-002742,20230930,629,87,5,10,4,-31.93,31.93,Expense,Completed,0,0
2743,TXN-002743,20240521,222,79,12,,6,734.9,734.9,Income,Pending,0,0
2744,TXN-002744,20240119,693,583,18,18,6,-2827.33,2827.33,Expense,Pending,0,0
2745,TXN-002745,20221224,145,577,1,15,5,-413.99,413.99,Expense,Completed,0,0
2746,TXN-002746,20220903,183,792,6,6,7,-7.97,7.97,Expense,Completed,0,0
2747,TXN-002747,20221104,636,992,3,14,7,-93.1,93.1,Expense,Completed,0,1
2748,TXN-002748,20220529,75,250,3,4,3,-173.98,173.98,Expense,Failed,0,1
2749,TXN-002749,20231103,321,497,1,17,2,-481.23,481.23,Expense,Completed,1,0
2750,TXN-002750,20240311,141,993,20,,7,2242.6,2242.6,Income,Completed,0,0
2751,TXN-002751,20230321,279,465,18,9,5,-1393.01,1393.01,Expense,Completed,1,0
2752,TXN-002752,20230604,520,26,5,11,5,-142.86,142.86,Expense,Reversed,0,0
2753,TXN-002753,20230224,643,103,19,12,6,-106.81,106.81,Expense,Completed,0,0
2754,TXN-002754,20230203,166,687,7,10,5,-389.33,389.33,Expense,Failed,0,0
2755,TXN-002755,20230407,658,643,7,14,5,-147.38,147.38,Expense,Pending,0,0
2756,TXN-002756,20221015,791,54,12,,2,4218.37,4218.37,Income,Completed,0,0
2757,TXN-002757,20241229,72,736,8,7,1,-349.01,349.01,Expense,Completed,0,0
2758,TXN-002758,20221102,472,212,2,19,4,-1200.82,1200.82,Expense,Completed,0,1
2759,TXN-002759,20230130,51,755,14,,4,-1108.99,1108.99,Transfer,Completed,0,0
2760,TXN-002760,20230530,355,49,5,3,3,-15.96,15.96,Expense,Completed,0,0
2761,TXN-002761,20220815,47,69,10,,1,5465.27,5465.27,Income,Completed,0,1
2762,TXN-002762,20230312,312,117,17,20,2,-42.08,42.08,Expense,Completed,0,1
2763,TXN-002763,20220727,556,582,7,3,6,-96.65,96.65,Expense,Failed,0,0
2764,TXN-002764,20231114,185,714,13,,6,3126.78,3126.78,Transfer,Pending,0,0
2765,TXN-002765,20241220,288,812,4,18,1,-427.86,427.86,Expense,Completed,0,0
2766,TXN-002766,20230821,433,633,12,,1,4034.54,4034.54,Income,Completed,1,0
2767,TXN-002767,20241007,53,621,6,20,5,-35.85,35.85,Expense,Completed,0,0
2768,TXN-002768,20221106,178,613,12,,5,3527.26,3527.26,Income,Failed,0,0
2769,TXN-002769,20231020,611,934,13,,5,806.58,806.58,Transfer,Reversed,0,0
2770,TXN-002770,20240102,2,4,7,5,4,-136.0,136.0,Expense,Completed,0,0
2771,TXN-002771,20221227,47,69,6,3,5,-11.73,11.73,Expense,Completed,0,0
2772,TXN-002772,20240716,150,701,10,,7,5505.58,5505.58,Income,Completed,0,1
2773,TXN-002773,20220503,508,161,7,14,3,-235.06,235.06,Expense,Completed,0,0
2774,TXN-002774,20230526,442,148,14,,6,-738.7,738.7,Transfer,Completed,0,0
2775,TXN-002775,20221005,482,230,13,,7,2238.93,2238.93,Transfer,Pending,0,0
2776,TXN-002776,20231212,667,571,2,19,7,-1644.26,1644.26,Expense,Completed,0,1
2777,TXN-002777,20240401,613,601,4,8,2,-427.84,427.84,Expense,Completed,0,0
2778,TXN-002778,20220819,508,816,12,,6,1651.57,1651.57,Income,Completed,0,0
2779,TXN-002779,20230901,333,730,11,,6,62.59,62.59,Income,Completed,0,0
2780,TXN-002780,20220715,487,207,3,5,4,-345.06,345.06,Expense,Completed,0,1
2781,TXN-002781,20240328,211,543,12,,7,4123.81,4123.81,Income,Completed,0,0
2782,TXN-002782,20230122,248,125,9,13,4,-312.45,312.45,Expense,Completed,0,0
2783,TXN-002783,20231213,18,515,4,12,3,-18.74,18.74,Expense,Completed,0,0
2784,TXN-002784,20241201,571,865,10,,3,5323.18,5323.18,Income,Pending,0,1
2785,TXN-002785,20230326,543,963,6,6,7,-63.87,63.87,Expense,Completed,0,0
2786,TXN-002786,20220112,549,646,15,14,7,-1863.4,1863.4,Expense,Completed,0,1
2787,TXN-002787,20230717,563,455,19,19,6,-125.21,125.21,Expense,Reversed,0,0
2788,TXN-002788,20240811,353,271,16,3,7,-199.65,199.65,Expense,Completed,0,1
2789,TXN-002789,20230304,791,686,3,16,6,-65.71,65.71,Expense,Pending,0,1
2790,TXN-002790,20221213,361,425,11,,7,71.2,71.2,Income,Completed,0,0
2791,TXN-002791,20231017,604,916,1,15,4,-376.78,376.78,Expense,Pending,0,0
2792,TXN-002792,20230209,176,109,13,,1,533.51,533.51,Transfer,Failed,0,0
2793,TXN-002793,20231107,717,868,1,14,4,-479.72,479.72,Expense,Completed,0,0
2794,TXN-002794,20240804,280,100,14,,6,-335.56,335.56,Transfer,Completed,0,0
2795,TXN-002795,20220304,174,268,4,20,3,-136.3,136.3,Expense,Failed,0,0
2796,TXN-002796,20230318,33,813,5,15,2,-99.59,99.59,Expense,Pending,0,0
2797,TXN-002797,20230310,46,866,5,13,6,-100.35,100.35,Expense,Completed,0,0
2798,TXN-002798,20240525,785,819,5,10,5,-28.34,28.34,Expense,Failed,0,0
2799,TXN-002799,20220924,570,796,7,3,2,-412.87,412.87,Expense,Completed,0,0
2800,TXN-002800,20221111,132,229,1,4,6,-425.3,425.3,Expense,Completed,0,0
2801,TXN-002801,20220622,258,526,14,,1,-2616.93,2616.93,Transfer,Completed,0,0
2802,TXN-002802,20240403,340,312,16,7,2,-67.51,67.51,Expense,Completed,0,1
2803,TXN-002803,20240516,619,42,17,14,7,-52.71,52.71,Expense,Completed,0,1
2804,TXN-002804,20231027,487,207,9,4,5,-188.36,188.36,Expense,Failed,0,0
2805,TXN-002805,20230407,304,410,5,15,7,-121.96,121.96,Expense,Completed,0,0
2806,TXN-002806,20231116,693,583,10,,7,5618.17,5618.17,Income,Completed,0,1
2807,TXN-002807,20240404,415,967,13,,6,4605.73,4605.73,Transfer,Completed,0,0
2808,TXN-002808,20221023,174,342,14,,7,-2876.74,2876.74,Transfer,Pending,0,0
2809,TXN-002809,20220925,591,259,4,5,7,-73.66,73.66,Expense,Completed,0,0
2810,TXN-002810,20221202,220,846,16,15,5,-367.47,367.47,Expense,Completed,0,1
2811,TXN-002811,20230903,492,51,9,6,4,-354.71,354.71,Expense,Completed,0,0
2812,TXN-002812,20220913,541,256,7,7,7,-73.38,73.38,Expense,Completed,0,0
2813,TXN-002813,20240507,20,412,2,12,7,-1828.26,1828.26,Expense,Completed,0,1
2814,TXN-002814,20221028,563,266,13,,6,4755.63,4755.63,Transfer,Completed,0,0
2815,TXN-002815,20220518,798,293,11,,3,375.03,375.03,Income,Completed,0,0
2816,TXN-002816,20220609,358,966,13,,7,2051.1,2051.1,Transfer,Failed,0,0
2817,TXN-002817,20240324,743,3,3,11,3,-26.82,26.82,Expense,Completed,0,1
2818,TXN-002818,20240106,491,47,6,10,6,-97.79,97.79,Expense,Completed,0,0
2819,TXN-002819,20240110,5,672,1,6,7,-112.05,112.05,Expense,Pending,0,0
2820,TXN-002820,20240801,269,530,8,4,2,-423.51,423.51,Expense,Completed,0,0
2821,TXN-002821,20240923,318,112,7,17,1,-399.16,399.16,Expense,Completed,0,0
2822,TXN-002822,20231001,675,149,11,,3,75.41,75.41,Income,Completed,0,0
2823,TXN-002823,20220529,712,336,3,2,5,-349.11,349.11,Expense,Completed,0,1
2824,TXN-002824,20230703,127,971,15,20,4,-946.44,946.44,Expense,Completed,0,1
2825,TXN-002825,20240225,177,867,10,,1,5475.34,5475.34,Income,Failed,0,1
2826,TXN-002826,20230315,64,478,3,6,3,-439.35,439.35,Expense,Completed,0,1
2827,TXN-002827,20230122,567,197,1,9,7,-390.57,390.57,Expense,Completed,0,0
2828,TXN-002828,20240214,53,621,11,,5,17.61,17.61,Income,Completed,0,0
2829,TXN-002829,20230403,443,781,8,6,1,-472.08,472.08,Expense,Completed,0,0
2830,TXN-002830,20220803,425,550,19,8,2,-50.13,50.13,Expense,Pending,0,0
2831,TXN-002831,20230212,683,145,17,18,3,-96.03,96.03,Expense,Failed,0,1
2832,TXN-002832,20240327,733,536,13,,5,2594.44,2594.44,Transfer,Completed,0,0
2833,TXN-002833,20220402,418,92,3,1,4,-79.44,79.44,Expense,Completed,0,1
2834,TXN-002834,20220626,722,101,2,11,7,-669.0,669.0,Expense,Completed,0,1
2835,TXN-002835,20230323,359,267,15,15,6,-1018.66,1018.66,Expense,Failed,0,1
2836,TXN-002836,20221104,356,864,13,,7,4986.82,4986.82,Transfer,Pending,0,0
2837,TXN-002837,20231222,14,310,7,12,6,-139.03,139.03,Expense,Completed,0,0
2838,TXN-002838,20240429,137,134,10,,2,3428.86,3428.86,Income,Completed,0,1
2839,TXN-002839,20230317,442,776,1,10,2,-428.73,428.73,Expense,Completed,0,0
2840,TXN-002840,20220704,431,904,15,18,4,-1107.09,1107.09,Expense,Completed,0,1
2841,TXN-002841,20230707,162,685,6,9,4,-99.7,99.7,Expense,Completed,0,0
2842,TXN-002842,20240105,61,849,3,5,3,-477.89,477.89,Expense,Completed,0,1
2843,TXN-002843,20230802,30,897,15,8,6,-1131.25,1131.25,Expense,Completed,0,1
2844,TXN-002844,20241004,308,339,4,6,7,-299.92,299.92,Expense,Completed,0,0
2845,TXN-002845,20241221,604,794,4,5,3,-244.68,244.68,Expense,Completed,0,0
2846,TXN-002846,20240426,79,535,20,,3,9040.53,9040.53,Income,Completed,0,0
2847,TXN-002847,20231012,452,511,12,,3,2539.59,2539.59,Income,Reversed,0,0
2848,TXN-002848,20221108,560,901,15,11,7,-1185.08,1185.08,Expense,Completed,0,1
2849,TXN-002849,20241112,151,855,18,20,1,-2993.99,2993.99,Expense,Completed,0,0
2850,TXN-002850,20240225,46,682,10,,3,9635.95,9635.95,Income,Pending,0,1
2851,TXN-002851,20240610,590,338,5,8,1,-39.8,39.8,Expense,Completed,0,0
2852,TXN-002852,20220710,785,809,1,17,4,-41.26,41.26,Expense,Pending,0,0
2853,TXN-002853,20220406,215,164,14,,5,-1819.14,1819.14,Transfer,Completed,0,0
2854,TXN-002854,20230501,708,150,4,13,1,-480.2,480.2,Expense,Pending,0,0
2855,TXN-002855,20230922,526,240,18,9,6,-1401.93,1401.93,Expense,Completed,0,0
2856,TXN-002856,20241220,744,234,10,,3,14710.32,14710.32,Income,Completed,0,1
2857,TXN-002857,20241228,315,957,4,6,7,-175.46,175.46,Expense,Reversed,0,0
2858,TXN-002858,20220421,505,307,6,6,3,-100.5,100.5,Expense,Completed,0,0
2859,TXN-002859,20220416,124,498,10,,1,12685.72,12685.72,Income,Completed,0,1
2860,TXN-002860,20230421,368,684,10,,7,9742.84,9742.84,Income,Failed,0,1
2861,TXN-002861,20230902,41,393,5,6,1,-148.73,148.73,Expense,Completed,0,0
2862,TXN-002862,20240526,425,534,3,9,3,-75.49,75.49,Expense,Pending,0,1
2863,TXN-002863,20240824,666,779,17,17,7,-97.29,97.29,Expense,Completed,0,1
2864,TXN-002864,20221104,640,335,7,18,6,-279.82,279.82,Expense,Completed,0,0
2865,TXN-002865,20230327,639,137,3,17,3,-141.5,141.5,Expense,Completed,0,1
2866,TXN-002866,20230309,61,608,10,,7,2935.05,2935.05,Income,Completed,0,1
2867,TXN-002867,20220314,361,828,5,10,3,-48.02,48.02,Expense,Completed,0,0
2868,TXN-002868,20221006,761,173,11,,2,155.79,155.79,Income,Completed,0,0
2869,TXN-002869,20230609,357,309,15,4,1,-973.27,973.27,Expense,Completed,0,1
2870,TXN-002870,20220301,550,152,19,13,2,-420.19,420.19,Expense,Completed,0,0
2871,TXN-002871,20230619,783,491,1,5,6,-147.95,147.95,Expense,Completed,0,0
2872,TXN-002872,20231213,419,38,10,,6,13471.37,13471.37,Income,Completed,0,1
2873,TXN-002873,20221223,11,872,3,7,6,-217.33,217.33,Expense,Completed,0,1
2874,TXN-002874,20241227,567,946,3,12,6,-286.39,286.39,Expense,Completed,0,1
2875,TXN-002875,20220707,586,263,7,8,4,-211.21,211.21,Expense,Completed,0,0
2876,TXN-002876,20231127,721,147,11,,5,19.09,19.09,Income,Completed,0,0
2877,TXN-002877,20240206,554,224,7,4,6,-140.05,140.05,Expense,Completed,0,0
2878,TXN-002878,20230411,590,313,4,1,1,-258.46,258.46,Expense,Completed,0,0
2879,TXN-002879,20221011,544,378,18,14,7,-1569.96,1569.96,Expense,Completed,0,0
2880,TXN-002880,20220510,680,401,3,3,2,-15.24,15.24,Expense,Completed,0,1
2881,TXN-002881,20241106,332,756,6,5,4,-142.89,142.89,Expense,Completed,0,0
2882,TXN-002882,20231218,662,233,8,15,1,-447.18,447.18,Expense,Completed,0,0
2883,TXN-002883,20230105,401,820,1,15,6,-265.03,265.03,Expense,Completed,0,0
2884,TXN-002884,20241128,308,339,2,14,2,-2447.93,2447.93,Expense,Completed,0,1
2885,TXN-002885,20241001,16,875,15,13,1,-1289.83,1289.83,Expense,Completed,0,1
2886,TXN-002886,20241123,658,735,12,,7,1880.34,1880.34,Income,Completed,0,0
2887,TXN-002887,20241005,176,766,6,14,1,-66.04,66.04,Expense,Completed,0,0
2888,TXN-002888,20240912,760,13,1,19,6,-39.31,39.31,Expense,Completed,0,0
2889,TXN-002889,20220109,449,837,5,8,6,-55.89,55.89,Expense,Completed,0,0
2890,TXN-002890,20220514,145,402,4,10,1,-239.99,239.99,Expense,Completed,0,0
2891,TXN-002891,20221204,282,166,11,,1,145.31,145.31,Income,Completed,0,0
2892,TXN-002892,20230329,328,334,8,18,5,-25.79,25.79,Expense,Completed,1,0
2893,TXN-002893,20221015,622,906,16,6,5,-336.67,336.67,Expense,Completed,0,1
2894,TXN-002894,20231213,382,925,7,4,5,-329.72,329.72,Expense,Completed,0,0
2895,TXN-002895,20221213,545,624,4,12,7,-236.42,236.42,Expense,Completed,0,0
2896,TXN-002896,20231210,64,478,1,16,1,-361.84,361.84,Expense,Completed,0,0
2897,TXN-002897,20220819,537,850,4,3,7,-460.83,460.83,Expense,Pending,0,0
2898,TXN-002898,20230108,101,648,2,19,1,-1858.83,1858.83,Expense,Completed,0,1
2899,TXN-002899,20240612,618,58,8,11,7,-240.13,240.13,Expense,Completed,0,0
2900,TXN-002900,20221004,563,455,17,8,1,-135.26,135.26,Expense,Completed,0,1
2901,TXN-002901,20230507,337,606,11,,3,330.5,330.5,Income,Completed,0,0
2902,TXN-002902,20240117,471,437,3,16,2,-137.49,137.49,Expense,Completed,0,1
2903,TXN-002903,20220410,675,581,3,12,2,-360.26,360.26,Expense,Completed,0,1
2904,TXN-002904,20230605,619,42,8,8,7,-169.84,169.84,Expense,Completed,0,0
2905,TXN-002905,20220727,20,602,13,,2,4862.08,4862.08,Transfer,Completed,0,0
2906,TXN-002906,20240427,787,235,10,,7,7086.09,7086.09,Income,Completed,0,1
2907,TXN-002907,20230603,388,801,19,3,7,-314.31,314.31,Expense,Completed,0,0
2908,TXN-002908,20221025,88,399,11,,3,464.2,464.2,Income,Completed,0,0
2909,TXN-002909,20220128,609,843,20,,5,1025.02,1025.02,Income,Completed,0,0
2910,TXN-002910,20240702,356,43,9,6,3,-404.08,404.08,Expense,Completed,0,0
2911,TXN-002911,20240123,149,959,2,10,1,-1743.72,1743.72,Expense,Pending,0,1
2912,TXN-002912,20220623,361,828,1,2,5,-233.02,233.02,Expense,Completed,0,0
2913,TXN-002913,20220810,249,248,20,,4,3397.74,3397.74,Income,Completed,0,0
2914,TXN-002914,20220408,240,636,2,2,5,-1177.58,1177.58,Expense,Completed,0,1
2915,TXN-002915,20240127,698,346,17,12,2,-21.19,21.19,Expense,Completed,0,1
2916,TXN-002916,20240411,545,829,1,15,3,-326.37,326.37,Expense,Reversed,0,0
2917,TXN-002917,20240504,269,304,6,16,2,-132.63,132.63,Expense,Completed,0,0
2918,TXN-002918,20220318,479,700,10,,1,11824.78,11824.78,Income,Completed,0,1
2919,TXN-002919,20240430,94,552,1,12,1,-61.96,61.96,Expense,Completed,0,0
2920,TXN-002920,20220804,570,796,3,5,7,-140.22,140.22,Expense,Pending,0,1
2921,TXN-002921,20240101,141,877,13,,1,2731.98,2731.98,Transfer,Completed,0,0
2922,TXN-002922,20220603,405,570,5,12,4,-82.98,82.98,Expense,Completed,1,0
2923,TXN-002923,20230726,340,36,6,14,6,-32.44,32.44,Expense,Failed,0,0
2924,TXN-002924,20220716,291,174,15,8,3,-992.71,992.71,Expense,Completed,0,1
2925,TXN-002925,20230723,571,977,3,7,2,-260.83,260.83,Expense,Completed,0,1
2926,TXN-002926,20231208,97,80,5,14,5,-91.11,91.11,Expense,Completed,0,0
2927,TXN-002927,20231128,593,937,11,,1,260.81,260.81,Income,Completed,0,0
2928,TXN-002928,20241208,221,512,2,16,7,-822.78,822.78,Expense,Completed,0,1
2929,TXN-002929,20221224,325,329,6,2,2,-90.56,90.56,Expense,Completed,0,0
2930,TXN-002930,20220418,371,436,12,,7,1834.89,1834.89,Income,Completed,0,0
2931,TXN-002931,20240430,35,965,12,,2,2531.19,2531.19,Income,Completed,0,0
2932,TXN-002932,20230718,175,102,20,,5,4047.75,4047.75,Income,Completed,0,0
2933,TXN-002933,20221014,82,869,14,,1,-2796.89,2796.89,Transfer,Completed,0,0
2934,TXN-002934,20221108,180,328,3,12,6,-405.05,405.05,Expense,Failed,0,1
2935,TXN-002935,20240718,545,291,4,6,6,-215.33,215.33,Expense,Completed,0,0
2936,TXN-002936,20231011,499,352,5,1,4,-144.76,144.76,Expense,Completed,0,0
2937,TXN-002937,20220730,250,488,10,,1,13291.83,13291.83,Income,Completed,0,1
2938,TXN-002938,20221102,632,531,14,,7,-3688.76,3688.76,Transfer,Completed,0,0
2939,TXN-002939,20220810,462,757,13,,6,1283.89,1283.89,Transfer,Completed,0,0
2940,TXN-002940,20221010,379,426,10,,3,6437.02,6437.02,Income,Completed,0,1
2941,TXN-002941,20230217,78,547,19,10,7,-257.3,257.3,Expense,Completed,0,0
2942,TXN-002942,20220628,596,264,4,14,5,-313.85,313.85,Expense,Completed,0,0
2943,TXN-002943,20220215,319,841,4,3,7,-284.74,284.74,Expense,Completed,0,0
2944,TXN-002944,20241127,315,957,20,,6,2107.61,2107.61,Income,Completed,0,0
2945,TXN-002945,20231012,316,428,20,,7,9939.42,9939.42,Income,Completed,0,0
2946,TXN-002946,20220930,99,93,6,13,4,-21.4,21.4,Expense,Completed,0,0
2947,TXN-002947,20241205,706,481,5,7,1,-88.59,88.59,Expense,Completed,0,0
2948,TXN-002948,20230418,678,357,14,,3,-3367.81,3367.81,Transfer,Pending,0,0
2949,TXN-002949,20220426,502,651,3,10,3,-128.53,128.53,Expense,Completed,0,1
2950,TXN-002950,20230327,672,553,8,20,6,-491.32,491.32,Expense,Pending,1,0
2951,TXN-002951,20220125,195,529,4,16,5,-447.65,447.65,Expense,Completed,0,0
2952,TXN-002952,20220902,37,949,4,8,7,-114.68,114.68,Expense,Failed,0,0
2953,TXN-002953,20240324,205,156,7,10,3,-63.03,63.03,Expense,Completed,0,0
2954,TXN-002954,20220318,516,216,1,19,6,-88.44,88.44,Expense,Completed,0,0
2955,TXN-002955,20220324,797,634,17,6,1,-34.96,34.96,Expense,Completed,0,1
2956,TXN-002956,20221112,637,355,10,,1,13715.64,13715.64,Income,Completed,0,1
2957,TXN-002957,20230719,512,800,3,6,2,-83.44,83.44,Expense,Reversed,0,1
2958,TXN-002958,20220807,631,88,15,6,1,-1621.17,1621.17,Expense,Completed,0,1
2959,TXN-002959,20220326,120,130,6,15,6,-39.89,39.89,Expense,Completed,0,0
2960,TXN-002960,20220827,435,653,3,2,1,-90.01,90.01,Expense,Completed,0,1
2961,TXN-002961,20241101,549,646,1,12,1,-289.95,289.95,Expense,Completed,0,0
2962,TXN-002962,20220119,440,586,6,17,6,-12.92,12.92,Expense,Completed,0,0
2963,TXN-002963,20231114,87,839,1,19,3,-177.39,177.39,Expense,Completed,0,0
2964,TXN-002964,20240202,14,310,7,14,6,-382.39,382.39,Expense,Failed,1,0
2965,TXN-002965,20240527,298,559,18,10,6,-2922.58,2922.58,Expense,Completed,0,0
2966,TXN-002966,20230704,662,233,1,16,4,-394.71,394.71,Expense,Completed,0,0
2967,TXN-002967,20220605,389,941,13,,6,3237.65,3237.65,Transfer,Pending,0,0
2968,TXN-002968,20240702,636,992,10,,3,1943.05,1943.05,Income,Completed,1,1
2969,TXN-002969,20230316,47,69,11,,7,254.2,254.2,Income,Reversed,0,0
2970,TXN-002970,20221123,577,908,10,,1,2312.53,2312.53,Income,Completed,0,1
2971,TXN-002971,20230514,315,348,13,,4,1737.19,1737.19,Transfer,Completed,0,0
2972,TXN-002972,20230706,595,521,4,9,5,-400.08,400.08,Expense,Completed,0,0
2973,TXN-002973,20230506,46,682,8,7,7,-411.4,411.4,Expense,Failed,0,0
2974,TXN-002974,20240726,145,577,4,11,3,-420.56,420.56,Expense,Reversed,0,0
2975,TXN-002975,20221013,312,464,10,,5,2141.48,2141.48,Income,Pending,0,1
2976,TXN-002976,20240210,773,385,15,6,7,-328.42,328.42,Expense,Completed,0,1
2977,TXN-002977,20241101,508,810,16,8,7,-451.94,451.94,Expense,Completed,0,1
2978,TXN-002978,20240319,775,5,18,16,1,-234.94,234.94,Expense,Completed,0,0
2979,TXN-002979,20220409,78,547,19,12,2,-413.54,413.54,Expense,Failed,0,0
2980,TXN-002980,20230220,443,781,11,,3,139.34,139.34,Income,Completed,0,0
2981,TXN-002981,20240912,469,226,5,12,4,-118.67,118.67,Expense,Completed,0,0
2982,TXN-002982,20231219,162,685,11,,6,39.24,39.24,Income,Completed,0,0
2983,TXN-002983,20240724,57,383,1,11,7,-254.83,254.83,Expense,Completed,0,0
2984,TXN-002984,20230321,425,534,12,,7,2062.61,2062.61,Income,Completed,0,0
2985,TXN-002985,20230323,53,621,13,,5,3312.66,3312.66,Transfer,Completed,0,0
2986,TXN-002986,20230902,16,980,9,6,3,-53.62,53.62,Expense,Completed,0,0
2987,TXN-002987,20230107,720,696,11,,7,337.53,337.53,Income,Pending,0,0
2988,TXN-002988,20220125,227,599,15,2,6,-1486.73,1486.73,Expense,Completed,0,1
2989,TXN-002989,20230314,605,136,15,16,2,-486.65,486.65,Expense,Completed,0,1
2990,TXN-002990,20230922,545,775,7,17,7,-471.5,471.5,Expense,Completed,0,0
2991,TXN-002991,20240714,285,923,12,,3,1223.92,1223.92,Income,Pending,0,0
2992,TXN-002992,20240805,185,714,18,20,6,-1050.24,1050.24,Expense,Completed,0,0
2993,TXN-002993,20230311,490,785,3,12,1,-53.94,53.94,Expense,Completed,0,1
2994,TXN-002994,20231106,41,393,14,,3,-3345.58,3345.58,Transfer,Reversed,0,0
2995,TXN-002995,20240806,91,752,1,3,1,-392.36,392.36,Expense,Failed,1,0
2996,TXN-002996,20230410,633,560,20,,5,4920.16,4920.16,Income,Completed,0,0
2997,TXN-002997,20230328,653,50,18,14,2,-1491.18,1491.18,Expense,Failed,0,0
2998,TXN-002998,20241115,433,633,5,7,7,-141.02,141.02,Expense,Completed,0,0
2999,TXN-002999,20220316,502,651,1,4,1,-180.84,180.84,Expense,Completed,0,0
3000,TXN-003000,20231220,87,294,10,,7,5638.48,5638.48,Income,Completed,0,1
3001,TXN-003001,20230722,430,261,11,,6,257.11,257.11,Income,Completed,0,0
3002,TXN-003002,20221106,441,830,7,14,7,-258.15,258.15,Expense,Completed,0,0
3003,TXN-003003,20220716,407,83,8,14,5,-404.1,404.1,Expense,Pending,0,0
3004,TXN-003004,20220527,489,647,10,,1,2245.16,2245.16,Income,Completed,0,1
3005,TXN-003005,20241019,5,672,10,,5,9521.07,9521.07,Income,Failed,0,1
3006,TXN-003006,20221109,798,984,15,14,2,-200.39,200.39,Expense,Completed,0,1
3007,TXN-003007,20230803,439,545,16,1,3,-379.22,379.22,Expense,Completed,0,1
3008,TXN-003008,20240930,644,344,7,8,4,-115.63,115.63,Expense,Completed,0,0
3009,TXN-003009,20240629,322,690,19,8,5,-251.38,251.38,Expense,Completed,0,0
3010,TXN-003010,20240207,336,892,1,3,3,-20.58,20.58,Expense,Completed,0,0
3011,TXN-003011,20241106,418,92,13,,6,1696.79,1696.79,Transfer,Pending,1,0
3012,TXN-003012,20230626,792,283,2,12,4,-1083.89,1083.89,Expense,Completed,0,1
3013,TXN-003013,20240809,226,998,7,17,6,-100.7,100.7,Expense,Completed,0,0
3014,TXN-003014,20230314,422,172,10,,3,12912.44,12912.44,Income,Completed,0,1
3015,TXN-003015,20241123,789,914,13,,4,3880.2,3880.2,Transfer,Completed,0,0
3016,TXN-003016,20220308,751,409,9,5,7,-443.93,443.93,Expense,Completed,0,0
3017,TXN-003017,20221001,90,618,16,16,3,-213.51,213.51,Expense,Pending,0,1
3018,TXN-003018,20240102,593,937,15,10,4,-731.36,731.36,Expense,Completed,1,1
3019,TXN-003019,20230227,643,103,12,,5,201.44,201.44,Income,Completed,0,0
3020,TXN-003020,20240919,683,145,20,,4,4755.86,4755.86,Income,Completed,0,0
3021,TXN-003021,20230601,653,777,1,7,3,-363.2,363.2,Expense,Completed,0,0
3022,TXN-003022,20240606,777,440,13,,3,382.18,382.18,Transfer,Completed,0,0
3023,TXN-003023,20240508,419,722,1,2,4,-432.68,432.68,Expense,Completed,0,0
3024,TXN-003024,20240123,608,968,15,6,7,-501.79,501.79,Expense,Pending,0,1
3025,TXN-003025,20241208,675,245,10,,5,6946.27,6946.27,Income,Failed,0,1
3026,TXN-003026,20240428,517,917,7,12,2,-32.95,32.95,Expense,Completed,0,0
3027,TXN-003027,20220404,290,421,4,3,7,-97.41,97.41,Expense,Completed,0,0
3028,TXN-003028,20240227,163,986,16,12,7,-416.45,416.45,Expense,Completed,0,1
3029,TXN-003029,20231126,634,727,9,18,1,-20.54,20.54,Expense,Failed,0,0
3030,TXN-003030,20240205,350,213,2,7,2,-2469.75,2469.75,Expense,Completed,0,1
3031,TXN-003031,20240114,649,433,2,20,1,-1116.55,1116.55,Expense,Completed,0,1
3032,TXN-003032,20240906,548,365,2,20,7,-1401.15,1401.15,Expense,Completed,0,1
3033,TXN-003033,20230617,117,954,1,10,3,-302.96,302.96,Expense,Completed,0,0
3034,TXN-003034,20220722,717,868,7,18,4,-395.69,395.69,Expense,Completed,0,0
3035,TXN-003035,20240701,287,324,4,20,7,-462.32,462.32,Expense,Completed,0,0
3036,TXN-003036,20230723,312,117,2,2,5,-2019.1,2019.1,Expense,Completed,0,1
3037,TXN-003037,20240715,658,643,5,11,6,-34.13,34.13,Expense,Failed,0,0
3038,TXN-003038,20230606,644,344,4,1,2,-101.79,101.79,Expense,Completed,1,0
3039,TXN-003039,20240409,585,525,13,,5,2618.72,2618.72,Transfer,Failed,0,0
3040,TXN-003040,20240403,403,717,10,,4,14592.14,14592.14,Income,Completed,0,1
3041,TXN-003041,20240702,760,13,9,12,4,-381.45,381.45,Expense,Completed,0,0
3042,TXN-003042,20231214,406,609,10,,3,4637.38,4637.38,Income,Completed,0,1
3043,TXN-003043,20221012,442,776,15,16,1,-220.85,220.85,Expense,Pending,0,1
3044,TXN-003044,20240311,761,351,7,4,4,-233.28,233.28,Expense,Completed,1,0
3045,TXN-003045,20221019,449,837,4,7,5,-224.83,224.83,Expense,Completed,0,0
3046,TXN-003046,20241021,530,391,19,14,1,-426.13,426.13,Expense,Completed,0,0
3047,TXN-003047,20231115,792,283,1,14,6,-307.73,307.73,Expense,Completed,0,0
3048,TXN-003048,20241125,734,726,1,9,1,-310.45,310.45,Expense,Completed,0,0
3049,TXN-003049,20240625,749,406,7,2,2,-278.46,278.46,Expense,Completed,0,0
3050,TXN-003050,20240510,487,207,19,15,5,-253.77,253.77,Expense,Completed,0,0
3051,TXN-003051,20220508,768,620,6,8,4,-59.83,59.83,Expense,Completed,0,0
3052,TXN-003052,20230902,280,100,17,6,3,-38.09,38.09,Expense,Completed,0,1
3053,TXN-003053,20230110,395,203,20,,4,1388.91,1388.91,Income,Completed,0,0
3054,TXN-003054,20241029,244,21,13,,1,1733.95,1733.95,Transfer,Completed,0,0
3055,TXN-003055,20241006,127,644,7,3,3,-237.46,237.46,Expense,Completed,0,0
3056,TXN-003056,20240616,38,847,16,7,1,-337.86,337.86,Expense,Reversed,0,1
3057,TXN-003057,20220102,384,449,7,5,4,-286.18,286.18,Expense,Completed,0,0
3058,TXN-003058,20220510,426,973,8,18,4,-51.55,51.55,Expense,Completed,0,0
3059,TXN-003059,20220325,740,190,2,14,5,-2854.88,2854.88,Expense,Completed,0,1
3060,TXN-003060,20220317,482,230,2,9,1,-1226.37,1226.37,Expense,Completed,0,1
3061,TXN-003061,20241226,546,456,1,1,2,-154.6,154.6,Expense,Completed,0,0
3062,TXN-003062,20240529,666,779,3,9,1,-411.11,411.11,Expense,Completed,0,1
3063,TXN-003063,20231223,211,860,7,2,3,-317.69,317.69,Expense,Completed,0,0
3064,TXN-003064,20221014,675,362,5,12,7,-14.05,14.05,Expense,Pending,0,0
3065,TXN-003065,20240605,198,151,1,18,7,-432.54,432.54,Expense,Reversed,0,0
3066,TXN-003066,20220529,153,71,5,6,6,-13.44,13.44,Expense,Completed,0,0
3067,TXN-003067,20220705,486,823,11,,1,266.47,266.47,Income,Completed,0,0
3068,TXN-003068,20220317,318,40,14,,7,-3617.74,3617.74,Transfer,Completed,0,0
3069,TXN-003069,20221228,545,624,9,12,4,-324.56,324.56,Expense,Completed,0,0
3070,TXN-003070,20231027,546,456,3,15,6,-349.49,349.49,Expense,Completed,0,1
3071,TXN-003071,20240919,314,202,1,20,6,-373.91,373.91,Expense,Completed,0,0
3072,TXN-003072,20230523,678,357,7,2,1,-343.16,343.16,Expense,Completed,0,0
3073,TXN-003073,20230311,77,969,1,3,5,-473.7,473.7,Expense,Completed,0,0
3074,TXN-003074,20220413,621,573,14,,3,-4175.61,4175.61,Transfer,Failed,0,0
3075,TXN-003075,20230207,370,677,10,,7,12503.24,12503.24,Income,Completed,0,1
3076,TXN-003076,20230102,604,910,15,16,5,-482.86,482.86,Expense,Failed,0,1
3077,TXN-003077,20220820,111,210,20,,3,3917.04,3917.04,Income,Completed,0,0
3078,TXN-003078,20240304,322,690,1,4,2,-236.34,236.34,Expense,Completed,0,0
3079,TXN-003079,20240211,708,150,7,15,4,-288.41,288.41,Expense,Completed,0,0
3080,TXN-003080,20230502,206,113,10,,1,12827.35,12827.35,Income,Reversed,0,1
3081,TXN-003081,20230526,401,820,12,,2,1435.38,1435.38,Income,Completed,0,0
3082,TXN-003082,20230215,499,352,20,,6,2317.01,2317.01,Income,Completed,0,0
3083,TXN-003083,20220204,578,557,3,10,7,-254.31,254.31,Expense,Completed,0,1
3084,TXN-003084,20240201,166,359,1,9,6,-26.86,26.86,Expense,Completed,0,0
3085,TXN-003085,20230531,18,515,1,7,6,-32.77,32.77,Expense,Completed,0,0
3086,TXN-003086,20230910,106,569,1,7,5,-183.02,183.02,Expense,Completed,0,0
3087,TXN-003087,20240211,205,188,1,19,6,-305.38,305.38,Expense,Completed,0,0
3088,TXN-003088,20230525,561,668,4,11,2,-120.24,120.24,Expense,Pending,0,0
3089,TXN-003089,20230420,159,372,3,4,7,-35.48,35.48,Expense,Completed,0,1
3090,TXN-003090,20230207,231,201,8,3,4,-366.14,366.14,Expense,Completed,0,0
3091,TXN-003091,20240425,446,35,20,,4,6705.44,6705.44,Income,Completed,0,0
3092,TXN-003092,20220304,231,889,19,3,3,-264.31,264.31,Expense,Pending,0,0
3093,TXN-003093,20240801,492,51,4,8,6,-36.73,36.73,Expense,Pending,0,0
3094,TXN-003094,20230806,154,821,4,12,3,-91.01,91.01,Expense,Pending,0,0
3095,TXN-003095,20220905,281,688,13,,4,3431.85,3431.85,Transfer,Completed,0,0
3096,TXN-003096,20220929,707,27,2,4,6,-1972.89,1972.89,Expense,Completed,0,1
3097,TXN-003097,20241216,506,824,5,4,1,-129.21,129.21,Expense,Reversed,0,0
3098,TXN-003098,20230918,150,701,8,10,2,-239.09,239.09,Expense,Completed,0,0
3099,TXN-003099,20220309,408,1000,1,16,7,-62.63,62.63,Expense,Pending,0,0
3100,TXN-003100,20230713,683,145,15,8,6,-1335.7,1335.7,Expense,Completed,0,1
3101,TXN-003101,20241204,200,67,8,15,3,-245.0,245.0,Expense,Completed,0,0
3102,TXN-003102,20240710,747,988,16,18,3,-87.04,87.04,Expense,Completed,0,1
3103,TXN-003103,20230202,435,653,3,19,5,-40.9,40.9,Expense,Completed,0,1
3104,TXN-003104,20240930,466,962,2,5,7,-1189.86,1189.86,Expense,Completed,0,1
3105,TXN-003105,20240915,644,533,13,,4,2260.63,2260.63,Transfer,Completed,0,0
3106,TXN-003106,20230521,537,850,4,5,7,-24.06,24.06,Expense,Failed,0,0
3107,TXN-003107,20220602,590,313,14,,5,-3356.73,3356.73,Transfer,Completed,0,0
3108,TXN-003108,20240501,377,68,1,12,3,-32.77,32.77,Expense,Pending,1,0
3109,TXN-003109,20230701,638,31,11,,2,209.65,209.65,Income,Completed,0,0
3110,TXN-003110,20241218,499,352,5,5,3,-133.48,133.48,Expense,Completed,0,0
3111,TXN-003111,20230521,511,950,9,4,4,-193.01,193.01,Expense,Completed,0,0
3112,TXN-003112,20240709,281,688,8,4,3,-261.29,261.29,Expense,Completed,0,0
3113,TXN-003113,20221125,286,953,7,1,3,-291.81,291.81,Expense,Completed,0,0
3114,TXN-003114,20230521,554,224,4,20,2,-146.9,146.9,Expense,Completed,0,0
3115,TXN-003115,20230916,231,201,7,4,5,-90.18,90.18,Expense,Completed,0,0
3116,TXN-003116,20220625,611,934,8,2,3,-57.81,57.81,Expense,Pending,0,0
3117,TXN-003117,20230505,388,801,10,,7,3401.92,3401.92,Income,Completed,0,1
3118,TXN-003118,20230507,736,778,15,12,5,-1802.22,1802.22,Expense,Completed,0,1
3119,TXN-003119,20241204,645,480,6,3,7,-35.07,35.07,Expense,Failed,0,0
3120,TXN-003120,20230705,245,600,2,18,1,-2273.14,2273.14,Expense,Completed,0,1
3121,TXN-003121,20220218,527,975,13,,3,4771.65,4771.65,Transfer,Completed,0,0
3122,TXN-003122,20230829,390,994,2,10,1,-942.04,942.04,Expense,Completed,0,1
3123,TXN-003123,20220913,750,856,1,16,1,-413.24,413.24,Expense,Completed,0,0
3124,TXN-003124,20220929,279,838,2,1,2,-894.42,894.42,Expense,Completed,0,1
3125,TXN-003125,20230712,110,337,13,,3,3849.63,3849.63,Transfer,Completed,0,0
3126,TXN-003126,20240720,503,123,13,,4,4962.6,4962.6,Transfer,Completed,0,0
3127,TXN-003127,20241212,150,701,14,,3,-732.75,732.75,Transfer,Completed,0,0
3128,TXN-003128,20230924,674,490,4,17,7,-276.75,276.75,Expense,Completed,0,0
3129,TXN-003129,20221031,706,481,4,16,3,-74.39,74.39,Expense,Completed,0,0
3130,TXN-003130,20231223,701,227,1,6,3,-413.16,413.16,Expense,Completed,0,0
3131,TXN-003131,20220820,340,36,1,9,2,-352.4,352.4,Expense,Completed,0,0
3132,TXN-003132,20220706,142,627,2,18,1,-2383.58,2383.58,Expense,Pending,0,1
3133,TXN-003133,20230113,249,508,19,20,1,-457.02,457.02,Expense,Completed,0,0
3134,TXN-003134,20221031,403,880,4,4,5,-275.31,275.31,Expense,Failed,0,0
3135,TXN-003135,20240110,733,536,4,5,5,-498.38,498.38,Expense,Completed,0,0
3136,TXN-003136,20221006,438,55,4,6,2,-26.23,26.23,Expense,Completed,0,0
3137,TXN-003137,20231101,231,275,8,16,5,-373.94,373.94,Expense,Completed,0,0
3138,TXN-003138,20220316,798,293,13,,5,3326.24,3326.24,Transfer,Completed,0,0
3139,TXN-003139,20221224,249,508,11,,6,484.05,484.05,Income,Completed,0,0
3140,TXN-003140,20240411,634,727,20,,2,7271.03,7271.03,Income,Pending,0,0
3141,TXN-003141,20231108,600,788,1,19,2,-451.98,451.98,Expense,Completed,0,0
3142,TXN-003142,20241122,419,38,18,13,2,-1706.73,1706.73,Expense,Completed,0,0
3143,TXN-003143,20220629,440,586,3,9,4,-419.4,419.4,Expense,Completed,0,1
3144,TXN-003144,20220221,88,399,7,3,4,-106.37,106.37,Expense,Completed,0,0
3145,TXN-003145,20240213,744,234,3,8,5,-298.99,298.99,Expense,Completed,0,1
3146,TXN-003146,20221218,399,764,7,10,2,-414.21,414.21,Expense,Completed,0,0
3147,TXN-003147,20220128,738,590,13,,6,3507.87,3507.87,Transfer,Pending,0,0
3148,TXN-003148,20240918,328,334,4,7,3,-278.33,278.33,Expense,Completed,0,0
3149,TXN-003149,20221224,590,313,10,,2,9453.31,9453.31,Income,Completed,0,1
3150,TXN-003150,20240630,298,299,4,6,5,-339.1,339.1,Expense,Completed,0,0
3151,TXN-003151,20230826,398,580,17,10,2,-119.95,119.95,Expense,Completed,0,1
3152,TXN-003152,20230528,715,452,1,2,1,-31.2,31.2,Expense,Completed,0,0
3153,TXN-003153,20231125,750,856,13,,5,951.12,951.12,Transfer,Completed,0,0
3154,TXN-003154,20230324,711,221,10,,1,7947.41,7947.41,Income,Completed,0,1
3155,TXN-003155,20241027,379,625,9,11,5,-320.39,320.39,Expense,Completed,0,0
3156,TXN-003156,20240723,46,866,3,2,2,-487.27,487.27,Expense,Completed,0,1
3157,TXN-003157,20240311,448,768,6,4,2,-77.09,77.09,Expense,Completed,0,0
3158,TXN-003158,20230526,37,949,6,15,6,-21.31,21.31,Expense,Reversed,0,0
3159,TXN-003159,20241111,410,695,6,4,7,-31.57,31.57,Expense,Completed,0,0
3160,TXN-003160,20220407,470,506,12,,4,209.62,209.62,Income,Completed,0,0
3161,TXN-003161,20230726,408,260,1,13,4,-204.4,204.4,Expense,Reversed,0,0
3162,TXN-003162,20230522,593,937,1,5,5,-497.69,497.69,Expense,Completed,0,0
3163,TXN-003163,20241217,641,831,1,16,6,-451.03,451.03,Expense,Completed,0,0
3164,TXN-003164,20220210,117,954,4,9,6,-171.71,171.71,Expense,Reversed,0,0
3165,TXN-003165,20230904,398,580,6,13,5,-37.05,37.05,Expense,Reversed,0,0
3166,TXN-003166,20240902,91,873,7,11,6,-118.42,118.42,Expense,Completed,0,0
3167,TXN-003167,20230316,266,519,13,,3,4141.25,4141.25,Transfer,Reversed,0,0
3168,TXN-003168,20220916,600,741,1,11,6,-93.74,93.74,Expense,Completed,0,0
3169,TXN-003169,20220614,220,10,17,20,1,-124.01,124.01,Expense,Completed,0,1
3170,TXN-003170,20221117,297,562,16,11,4,-117.76,117.76,Expense,Completed,0,1
3171,TXN-003171,20220823,226,626,8,10,7,-114.83,114.83,Expense,Completed,0,0
3172,TXN-003172,20230516,399,764,6,11,1,-148.93,148.93,Expense,Pending,0,0
3173,TXN-003173,20220516,565,689,7,4,2,-43.08,43.08,Expense,Completed,1,0
3174,TXN-003174,20220115,441,830,20,,6,4539.16,4539.16,Income,Completed,0,0
3175,TXN-003175,20230708,408,260,15,18,1,-1326.52,1326.52,Expense,Completed,0,1
3176,TXN-003176,20231129,379,625,16,11,6,-430.87,430.87,Expense,Completed,0,1
3177,TXN-003177,20230905,656,18,20,,3,7172.59,7172.59,Income,Completed,0,0
3178,TXN-003178,20240212,461,870,13,,5,1065.83,1065.83,Transfer,Pending,0,0
3179,TXN-003179,20231112,287,324,15,6,2,-536.74,536.74,Expense,Completed,0,1
3180,TXN-003180,20230905,472,212,13,,6,4990.52,4990.52,Transfer,Completed,0,0
3181,TXN-003181,20240713,308,339,14,,3,-1910.16,1910.16,Transfer,Failed,0,0
3182,TXN-003182,20230206,639,137,5,3,7,-148.34,148.34,Expense,Failed,1,0
3183,TXN-003183,20240818,159,761,1,6,4,-382.87,382.87,Expense,Completed,0,0
3184,TXN-003184,20231213,37,949,10,,4,2356.81,2356.81,Income,Completed,0,1
3185,TXN-003185,20220320,250,488,16,20,4,-387.55,387.55,Expense,Completed,0,1
3186,TXN-003186,20220625,46,682,20,,7,6153.5,6153.5,Income,Completed,0,0
3187,TXN-003187,20240507,246,244,2,13,4,-1568.34,1568.34,Expense,Completed,0,1
3188,TXN-003188,20230920,768,874,7,9,3,-410.47,410.47,Expense,Completed,0,0
3189,TXN-003189,20241008,379,625,15,8,7,-1332.0,1332.0,Expense,Pending,0,1
3190,TXN-003190,20230928,595,521,7,3,1,-122.82,122.82,Expense,Completed,0,0
3191,TXN-003191,20230821,506,719,7,14,2,-363.0,363.0,Expense,Pending,0,0
3192,TXN-003192,20241117,141,993,19,5,7,-223.05,223.05,Expense,Reversed,0,0
3193,TXN-003193,20220810,127,644,8,18,1,-125.44,125.44,Expense,Completed,0,0
3194,TXN-003194,20240304,387,75,3,8,2,-120.2,120.2,Expense,Completed,0,1
3195,TXN-003195,20230607,781,662,7,14,3,-94.04,94.04,Expense,Completed,0,0
3196,TXN-003196,20240620,560,395,5,10,1,-147.01,147.01,Expense,Completed,0,0
3197,TXN-003197,20221118,543,963,5,11,1,-95.65,95.65,Expense,Failed,0,0
3198,TXN-003198,20230319,480,989,1,17,5,-185.09,185.09,Expense,Pending,0,0
3199,TXN-003199,20241212,444,225,3,9,6,-133.99,133.99,Expense,Completed,0,1
3200,TXN-003200,20221212,33,813,16,6,7,-231.59,231.59,Expense,Completed,0,1
3201,TXN-003201,20230421,198,29,13,,1,4525.95,4525.95,Transfer,Completed,1,0
3202,TXN-003202,20241025,108,358,5,4,1,-123.46,123.46,Expense,Completed,0,0
3203,TXN-003203,20231005,662,745,1,15,6,-373.91,373.91,Expense,Pending,0,0
3204,TXN-003204,20230326,215,164,4,20,7,-292.08,292.08,Expense,Completed,0,0
3205,TXN-003205,20220625,114,434,13,,1,4459.56,4459.56,Transfer,Completed,0,0
3206,TXN-003206,20230527,569,915,14,,3,-3933.23,3933.23,Transfer,Pending,0,0
3207,TXN-003207,20220807,41,393,10,,3,3607.27,3607.27,Income,Completed,0,1
3208,TXN-003208,20220705,462,215,2,19,6,-1385.87,1385.87,Expense,Completed,0,1
3209,TXN-003209,20220201,727,204,1,9,2,-238.9,238.9,Expense,Completed,0,0
3210,TXN-003210,20241006,48,469,11,,5,155.67,155.67,Income,Reversed,0,0
3211,TXN-003211,20221103,288,594,13,,6,200.26,200.26,Transfer,Completed,0,0
3212,TXN-003212,20231219,410,695,7,6,2,-352.74,352.74,Expense,Completed,0,0
3213,TXN-003213,20221118,506,604,4,18,7,-388.27,388.27,Expense,Completed,1,0
3214,TXN-003214,20230410,389,941,4,16,3,-353.07,353.07,Expense,Completed,0,0
3215,TXN-003215,20221202,427,787,12,,3,4161.3,4161.3,Income,Pending,0,0
3216,TXN-003216,20230717,604,794,6,14,1,-53.96,53.96,Expense,Completed,0,0
3217,TXN-003217,20230923,648,257,8,16,6,-104.36,104.36,Expense,Completed,0,0
3218,TXN-003218,20241106,640,335,2,18,1,-600.54,600.54,Expense,Pending,0,1
3219,TXN-003219,20240917,305,985,13,,7,101.72,101.72,Transfer,Completed,0,0
3220,TXN-003220,20230129,357,683,4,18,7,-73.48,73.48,Expense,Completed,0,0
3221,TXN-003221,20241223,61,608,2,18,6,-1221.55,1221.55,Expense,Completed,0,1
3222,TXN-003222,20230203,461,804,17,5,7,-146.81,146.81,Expense,Completed,0,1
3223,TXN-003223,20230611,392,443,15,13,5,-1546.28,1546.28,Expense,Completed,0,1
3224,TXN-003224,20240814,680,400,10,,6,9874.12,9874.12,Income,Pending,0,1
3225,TXN-003225,20240110,114,461,2,17,4,-2041.18,2041.18,Expense,Completed,0,1
3226,TXN-003226,20230828,586,360,5,4,1,-69.18,69.18,Expense,Completed,0,0
3227,TXN-003227,20231230,600,544,2,6,3,-1530.24,1530.24,Expense,Completed,0,1
3228,TXN-003228,20220304,678,769,3,10,4,-416.19,416.19,Expense,Completed,0,1
3229,TXN-003229,20231115,761,351,12,,5,1060.33,1060.33,Income,Completed,0,0
3230,TXN-003230,20240711,356,864,10,,2,8257.63,8257.63,Income,Completed,0,1
3231,TXN-003231,20231129,468,37,1,1,3,-169.84,169.84,Expense,Completed,1,0
3232,TXN-003232,20230519,180,328,19,19,4,-469.85,469.85,Expense,Completed,0,0
3233,TXN-003233,20230428,395,89,5,18,2,-60.84,60.84,Expense,Completed,0,0
3234,TXN-003234,20240403,450,783,19,8,6,-388.27,388.27,Expense,Pending,0,0
3235,TXN-003235,20230528,753,507,16,16,5,-158.53,158.53,Expense,Completed,0,1
3236,TXN-003236,20230619,560,66,13,,6,835.92,835.92,Transfer,Completed,0,0
3237,TXN-003237,20240802,700,673,11,,5,143.48,143.48,Income,Failed,0,0
3238,TXN-003238,20241006,600,610,1,7,6,-197.21,197.21,Expense,Completed,0,0
3239,TXN-003239,20221008,145,577,10,,6,13548.54,13548.54,Income,Completed,0,1
3240,TXN-003240,20220908,751,409,4,8,5,-88.01,88.01,Expense,Completed,0,0
3241,TXN-003241,20231104,414,298,9,2,2,-85.31,85.31,Expense,Completed,0,0
3242,TXN-003242,20221213,249,508,4,15,1,-399.94,399.94,Expense,Completed,0,0
3243,TXN-003243,20240202,353,271,3,15,4,-424.9,424.9,Expense,Completed,0,1
3244,TXN-003244,20220222,751,951,16,7,7,-432.46,432.46,Expense,Pending,0,1
3245,TXN-003245,20230917,166,359,20,,7,1989.87,1989.87,Income,Completed,0,0
3246,TXN-003246,20241229,769,413,4,15,6,-451.28,451.28,Expense,Completed,0,0
3247,TXN-003247,20241113,567,197,3,9,3,-425.6,425.6,Expense,Pending,1,1
3248,TXN-003248,20240823,30,897,12,,2,4130.18,4130.18,Income,Pending,0,0
3249,TXN-003249,20230613,488,300,8,1,2,-137.0,137.0,Expense,Completed,0,0
3250,TXN-003250,20240602,198,29,1,18,3,-95.86,95.86,Expense,Completed,0,0
3251,TXN-003251,20231013,405,570,5,17,7,-8.33,8.33,Expense,Completed,1,0
3252,TXN-003252,20230208,246,244,1,12,4,-256.71,256.71,Expense,Completed,0,0
3253,TXN-003253,20241129,503,123,7,3,6,-249.08,249.08,Expense,Completed,0,0
3254,TXN-003254,20221210,249,341,14,,5,-224.28,224.28,Transfer,Completed,0,0
3255,TXN-003255,20230508,585,525,4,20,7,-172.22,172.22,Expense,Completed,0,0
3256,TXN-003256,20240314,499,905,5,9,4,-11.88,11.88,Expense,Completed,0,0
3257,TXN-003257,20220106,498,891,13,,3,4712.99,4712.99,Transfer,Completed,0,0
3258,TXN-003258,20240616,793,2,13,,5,2905.34,2905.34,Transfer,Completed,0,0
3259,TXN-003259,20240410,462,215,16,3,1,-244.12,244.12,Expense,Completed,0,1
3260,TXN-003260,20220316,41,393,14,,4,-1886.6,1886.6,Transfer,Pending,0,0
3261,TXN-003261,20231003,389,737,4,14,6,-141.86,141.86,Expense,Completed,0,0
3262,TXN-003262,20240108,750,856,11,,5,302.25,302.25,Income,Completed,0,0
3263,TXN-003263,20230605,80,366,6,4,6,-105.9,105.9,Expense,Completed,0,0
3264,TXN-003264,20241215,200,33,3,8,2,-160.89,160.89,Expense,Completed,1,1
3265,TXN-003265,20241125,286,96,12,,1,678.66,678.66,Income,Completed,0,0
3266,TXN-003266,20240418,411,548,5,16,5,-70.06,70.06,Expense,Completed,0,0
3267,TXN-003267,20240229,200,33,4,14,2,-86.01,86.01,Expense,Completed,0,0
3268,TXN-003268,20230528,311,898,12,,2,2047.12,2047.12,Income,Pending,0,0
3269,TXN-003269,20221015,154,821,1,19,1,-491.25,491.25,Expense,Completed,0,0
3270,TXN-003270,20230620,577,495,4,5,7,-150.9,150.9,Expense,Pending,0,0
3271,TXN-003271,20221015,785,809,14,,4,-4573.6,4573.6,Transfer,Pending,0,0
3272,TXN-003272,20220701,750,856,2,1,4,-1221.94,1221.94,Expense,Completed,0,1
3273,TXN-003273,20221117,658,735,10,,5,8125.9,8125.9,Income,Completed,0,1
3274,TXN-003274,20221217,240,636,18,2,5,-735.26,735.26,Expense,Completed,0,0
3275,TXN-003275,20220612,793,2,16,15,3,-216.99,216.99,Expense,Completed,0,1
3276,TXN-003276,20240625,553,171,5,6,5,-52.82,52.82,Expense,Completed,1,0
3277,TXN-003277,20221220,636,992,6,5,6,-52.58,52.58,Expense,Completed,0,0
3278,TXN-003278,20231008,549,646,12,,1,2789.46,2789.46,Income,Completed,0,0
3279,TXN-003279,20231003,288,594,5,5,2,-33.82,33.82,Expense,Completed,0,0
3280,TXN-003280,20231006,387,75,1,19,6,-248.92,248.92,Expense,Completed,0,0
3281,TXN-003281,20230703,66,23,15,9,1,-906.84,906.84,Expense,Completed,0,1
3282,TXN-003282,20221022,397,632,10,,6,13816.85,13816.85,Income,Completed,0,1
3283,TXN-003283,20231010,727,204,10,,5,2674.33,2674.33,Income,Completed,0,1
3284,TXN-003284,20220704,310,353,10,,7,5990.29,5990.29,Income,Completed,0,1
3285,TXN-003285,20220222,577,495,1,10,3,-49.04,49.04,Expense,Completed,0,0
3286,TXN-003286,20220913,236,17,2,6,2,-2027.77,2027.77,Expense,Completed,0,1
3287,TXN-003287,20220624,312,466,12,,2,761.23,761.23,Income,Completed,0,0
3288,TXN-003288,20230816,446,35,13,,6,4151.02,4151.02,Transfer,Completed,0,0
3289,TXN-003289,20230615,596,448,3,11,7,-51.3,51.3,Expense,Completed,0,1
3290,TXN-003290,20240216,289,982,6,17,6,-100.45,100.45,Expense,Pending,0,0
3291,TXN-003291,20220112,721,11,4,3,6,-16.02,16.02,Expense,Completed,0,0
3292,TXN-003292,20220714,640,335,16,9,7,-493.9,493.9,Expense,Completed,0,1
3293,TXN-003293,20240413,754,754,1,7,3,-75.08,75.08,Expense,Completed,0,0
3294,TXN-003294,20220112,21,287,12,,1,3224.9,3224.9,Income,Reversed,0,0
3295,TXN-003295,20220530,675,362,7,2,1,-282.33,282.33,Expense,Pending,0,0
3296,TXN-003296,20220815,141,318,3,9,4,-39.59,39.59,Expense,Completed,0,1
3297,TXN-003297,20240607,664,451,1,17,7,-111.23,111.23,Expense,Completed,0,0
3298,TXN-003298,20230509,310,353,7,1,6,-60.38,60.38,Expense,Failed,0,0
3299,TXN-003299,20230914,480,814,2,11,2,-1584.12,1584.12,Expense,Completed,0,1
3300,TXN-003300,20220813,145,565,1,6,3,-190.88,190.88,Expense,Completed,0,0
3301,TXN-003301,20220610,530,382,13,,3,1568.39,1568.39,Transfer,Completed,0,0
3302,TXN-003302,20230615,51,755,1,1,1,-418.13,418.13,Expense,Completed,0,0
3303,TXN-003303,20230928,560,901,10,,5,10762.5,10762.5,Income,Completed,0,1
3304,TXN-003304,20230630,449,709,8,15,1,-127.45,127.45,Expense,Completed,0,0
3305,TXN-003305,20220303,340,36,11,,1,74.26,74.26,Income,Completed,0,0
3306,TXN-003306,20230717,569,915,4,18,5,-352.4,352.4,Expense,Completed,0,0
3307,TXN-003307,20220301,661,751,10,,7,5978.41,5978.41,Income,Completed,0,1
3308,TXN-003308,20221004,520,26,5,9,1,-14.32,14.32,Expense,Completed,0,0
3309,TXN-003309,20240719,677,661,6,1,5,-53.86,53.86,Expense,Completed,0,0
3310,TXN-003310,20220222,519,943,2,19,4,-2122.68,2122.68,Expense,Completed,0,1
3311,TXN-003311,20240411,447,472,12,,6,3978.07,3978.07,Income,Completed,0,0
3312,TXN-003312,20240728,106,191,3,3,1,-302.7,302.7,Expense,Completed,0,1
3313,TXN-003313,20231005,152,628,6,11,4,-15.09,15.09,Expense,Completed,0,0
3314,TXN-003314,20220531,279,154,10,,5,2979.95,2979.95,Income,Completed,0,1
3315,TXN-003315,20240423,351,790,11,,5,117.95,117.95,Income,Completed,0,0
3316,TXN-003316,20240510,48,964,4,11,7,-453.3,453.3,Expense,Completed,0,0
3317,TXN-003317,20231018,165,592,13,,6,770.6,770.6,Transfer,Completed,0,0
3318,TXN-003318,20220711,340,913,13,,3,139.19,139.19,Transfer,Completed,0,0
3319,TXN-003319,20231212,61,849,1,1,6,-142.41,142.41,Expense,Completed,0,0
3320,TXN-003320,20241106,498,891,6,3,6,-54.48,54.48,Expense,Completed,0,0
3321,TXN-003321,20230816,180,328,11,,5,362.68,362.68,Income,Failed,0,0
3322,TXN-003322,20241209,571,865,6,16,4,-37.19,37.19,Expense,Completed,0,0
3323,TXN-003323,20220227,269,530,15,10,5,-1780.48,1780.48,Expense,Completed,0,1
3324,TXN-003324,20230312,168,878,6,6,5,-16.96,16.96,Expense,Completed,1,0
3325,TXN-003325,20230824,408,311,5,1,1,-46.75,46.75,Expense,Completed,0,0
3326,TXN-003326,20230518,766,167,11,,3,373.95,373.95,Income,Completed,0,0
3327,TXN-003327,20240620,269,237,9,13,4,-255.86,255.86,Expense,Completed,0,0
3328,TXN-003328,20231114,315,957,4,19,6,-336.41,336.41,Expense,Completed,0,0
3329,TXN-003329,20230202,288,594,1,9,1,-491.1,491.1,Expense,Pending,0,0
3330,TXN-003330,20220111,652,398,3,6,4,-228.27,228.27,Expense,Completed,0,1
3331,TXN-003331,20230604,462,513,3,14,7,-105.92,105.92,Expense,Completed,0,1
3332,TXN-003332,20220129,99,93,7,13,6,-312.84,312.84,Expense,Completed,0,0
3333,TXN-003333,20241117,744,234,14,,3,-3460.84,3460.84,Transfer,Completed,0,0
3334,TXN-003334,20240304,220,276,4,15,3,-409.64,409.64,Expense,Reversed,0,0
3335,TXN-003335,20240405,46,682,13,,2,4932.04,4932.04,Transfer,Completed,0,0
3336,TXN-003336,20240814,718,41,4,14,3,-342.23,342.23,Expense,Completed,0,0
3337,TXN-003337,20240925,245,639,8,5,2,-373.03,373.03,Expense,Completed,0,0
3338,TXN-003338,20241123,358,966,13,,3,4275.91,4275.91,Transfer,Completed,0,0
3339,TXN-003339,20220118,387,75,8,16,4,-272.89,272.89,Expense,Completed,0,0
3340,TXN-003340,20230611,491,47,18,1,7,-2217.67,2217.67,Expense,Completed,0,0
3341,TXN-003341,20240728,431,904,2,3,4,-1247.98,1247.98,Expense,Pending,0,1
3342,TXN-003342,20240810,76,373,20,,7,9358.55,9358.55,Income,Completed,0,0
3343,TXN-003343,20230515,553,693,15,20,2,-1715.7,1715.7,Expense,Completed,0,1
3344,TXN-003344,20230204,701,227,20,,7,6423.06,6423.06,Income,Completed,0,0
3345,TXN-003345,20230601,226,626,16,4,7,-267.29,267.29,Expense,Completed,0,1
3346,TXN-003346,20220315,44,143,3,16,3,-77.3,77.3,Expense,Completed,0,1
3347,TXN-003347,20240909,502,651,3,5,2,-234.39,234.39,Expense,Completed,0,1
3348,TXN-003348,20241112,602,97,7,12,1,-419.04,419.04,Expense,Failed,0,0
3349,TXN-003349,20220915,479,700,17,12,7,-27.22,27.22,Expense,Completed,0,1
3350,TXN-003350,20220906,359,750,7,12,4,-345.79,345.79,Expense,Completed,0,0
3351,TXN-003351,20220716,636,992,19,10,6,-35.37,35.37,Expense,Completed,0,0
3352,TXN-003352,20220926,227,599,16,4,3,-435.66,435.66,Expense,Completed,0,1
3353,TXN-003353,20230306,13,104,2,10,2,-1935.55,1935.55,Expense,Completed,0,1
3354,TXN-003354,20240213,236,807,15,14,5,-221.47,221.47,Expense,Completed,0,1
3355,TXN-003355,20221205,652,885,13,,3,660.86,660.86,Transfer,Completed,0,0
3356,TXN-003356,20240829,731,912,18,12,1,-2873.68,2873.68,Expense,Completed,0,0
3357,TXN-003357,20231228,199,679,4,16,1,-286.06,286.06,Expense,Completed,0,0
3358,TXN-003358,20240903,297,562,11,,5,35.55,35.55,Income,Completed,0,0
3359,TXN-003359,20240808,484,780,3,9,1,-318.37,318.37,Expense,Completed,0,1
3360,TXN-003360,20230514,75,250,7,5,2,-42.78,42.78,Expense,Completed,0,0
3361,TXN-003361,20240908,569,72,1,17,1,-424.52,424.52,Expense,Completed,0,0
3362,TXN-003362,20221130,313,424,5,6,2,-69.81,69.81,Expense,Completed,0,0
3363,TXN-003363,20240113,271,179,7,7,5,-340.08,340.08,Expense,Completed,0,0
3364,TXN-003364,20231210,315,957,4,7,6,-261.38,261.38,Expense,Completed,0,0
3365,TXN-003365,20231021,462,513,3,13,4,-213.15,213.15,Expense,Pending,0,1
3366,TXN-003366,20221222,422,842,17,17,1,-59.93,59.93,Expense,Completed,0,1
3367,TXN-003367,20230708,718,139,7,10,5,-242.76,242.76,Expense,Completed,0,0
3368,TXN-003368,20240516,113,857,14,,3,-3105.16,3105.16,Transfer,Completed,0,0
3369,TXN-003369,20240119,479,700,10,,2,5551.8,5551.8,Income,Pending,0,1
3370,TXN-003370,20240217,353,271,16,11,3,-325.89,325.89,Expense,Completed,0,1
3371,TXN-003371,20220612,733,99,17,16,7,-49.89,49.89,Expense,Completed,0,1
3372,TXN-003372,20231210,246,244,18,5,6,-2320.62,2320.62,Expense,Pending,0,0
3373,TXN-003373,20220521,502,651,19,1,6,-283.11,283.11,Expense,Completed,0,0
3374,TXN-003374,20230319,250,488,1,13,3,-336.0,336.0,Expense,Completed,0,0
3375,TXN-003375,20221225,605,136,1,17,1,-51.91,51.91,Expense,Completed,0,0
3376,TXN-003376,20240724,451,999,3,12,3,-86.85,86.85,Expense,Completed,0,1
3377,TXN-003377,20220222,439,861,3,15,5,-240.66,240.66,Expense,Completed,0,1
3378,TXN-003378,20240411,693,583,1,1,3,-92.23,92.23,Expense,Completed,0,0
3379,TXN-003379,20220119,298,82,1,10,6,-177.04,177.04,Expense,Completed,0,0
3380,TXN-003380,20240823,281,611,17,10,4,-96.65,96.65,Expense,Completed,0,1
3381,TXN-003381,20221231,749,228,10,,1,9173.11,9173.11,Income,Completed,0,1
3382,TXN-003382,20220102,501,317,13,,3,4007.03,4007.03,Transfer,Completed,0,0
3383,TXN-003383,20230316,323,122,4,19,5,-152.45,152.45,Expense,Completed,0,0
3384,TXN-003384,20230929,348,116,13,,3,2302.13,2302.13,Transfer,Completed,0,0
3385,TXN-003385,20220924,707,27,11,,5,397.28,397.28,Income,Completed,0,0
3386,TXN-003386,20220624,268,459,1,5,6,-218.06,218.06,Expense,Completed,0,0
3387,TXN-003387,20220707,611,463,4,14,4,-459.31,459.31,Expense,Completed,0,0
3388,TXN-003388,20240331,108,358,10,,7,5762.17,5762.17,Income,Completed,0,1
3389,TXN-003389,20240731,440,945,7,17,4,-138.42,138.42,Expense,Completed,0,0
3390,TXN-003390,20230523,706,481,3,4,7,-159.18,159.18,Expense,Pending,0,1
3391,TXN-003391,20240722,560,66,13,,4,3031.5,3031.5,Transfer,Completed,0,0
3392,TXN-003392,20220110,656,18,15,5,2,-756.57,756.57,Expense,Completed,0,1
3393,TXN-003393,20230408,582,485,2,4,4,-2203.16,2203.16,Expense,Completed,0,1
3394,TXN-003394,20230806,597,995,3,8,6,-181.6,181.6,Expense,Completed,0,1
3395,TXN-003395,20240702,635,952,2,6,2,-2954.29,2954.29,Expense,Completed,0,1
3396,TXN-003396,20231204,369,386,4,12,1,-285.85,285.85,Expense,Completed,0,0
3397,TXN-003397,20231030,114,434,18,12,7,-1628.35,1628.35,Expense,Completed,0,0
3398,TXN-003398,20220326,545,624,3,5,7,-241.71,241.71,Expense,Completed,0,1
3399,TXN-003399,20240827,745,505,17,11,6,-69.81,69.81,Expense,Pending,0,1
3400,TXN-003400,20240816,14,458,11,,2,163.63,163.63,Income,Completed,0,0
3401,TXN-003401,20240612,42,539,3,15,4,-246.92,246.92,Expense,Completed,0,1
3402,TXN-003402,20231129,530,391,10,,5,14630.74,14630.74,Income,Completed,0,1
3403,TXN-003403,20220503,484,664,8,1,3,-234.43,234.43,Expense,Completed,0,0
3404,TXN-003404,20220727,105,978,10,,6,8278.55,8278.55,Income,Completed,0,1
3405,TXN-003405,20220509,271,179,4,17,2,-344.98,344.98,Expense,Completed,0,0
3406,TXN-003406,20230329,145,565,20,,5,715.65,715.65,Income,Completed,0,0
3407,TXN-003407,20221028,745,713,8,12,1,-325.13,325.13,Expense,Failed,0,0
3408,TXN-003408,20230804,122,280,9,7,7,-360.08,360.08,Expense,Completed,0,0
3409,TXN-003409,20220306,290,605,15,13,5,-279.65,279.65,Expense,Completed,0,1
3410,TXN-003410,20231212,215,164,19,5,6,-231.83,231.83,Expense,Completed,0,0
3411,TXN-003411,20220320,680,274,3,3,5,-382.51,382.51,Expense,Pending,0,1
3412,TXN-003412,20240824,341,98,4,18,4,-118.42,118.42,Expense,Pending,0,0
3413,TXN-003413,20240901,269,237,5,18,4,-42.38,42.38,Expense,Completed,0,0
3414,TXN-003414,20220909,379,625,13,,3,2983.84,2983.84,Transfer,Completed,1,0
3415,TXN-003415,20230408,405,570,10,,1,6303.56,6303.56,Income,Completed,0,1
3416,TXN-003416,20220512,325,253,4,8,3,-32.3,32.3,Expense,Failed,0,0
3417,TXN-003417,20220114,622,832,10,,1,8427.2,8427.2,Income,Completed,0,1
3418,TXN-003418,20220318,395,996,10,,2,6896.48,6896.48,Income,Completed,0,1
3419,TXN-003419,20240626,254,285,15,8,3,-1226.07,1226.07,Expense,Completed,1,1
3420,TXN-003420,20240618,276,738,5,7,3,-22.16,22.16,Expense,Completed,0,0
3421,TXN-003421,20230122,491,654,11,,1,176.13,176.13,Income,Completed,0,0
3422,TXN-003422,20221102,41,393,7,13,1,-406.61,406.61,Expense,Completed,0,0
3423,TXN-003423,20231011,46,682,4,6,3,-449.99,449.99,Expense,Completed,0,0
3424,TXN-003424,20241207,537,128,4,4,2,-434.14,434.14,Expense,Pending,0,0
3425,TXN-003425,20220116,176,766,17,16,7,-133.86,133.86,Expense,Completed,0,1
3426,TXN-003426,20230731,674,32,8,18,2,-122.61,122.61,Expense,Completed,0,0
3427,TXN-003427,20240406,775,5,5,15,3,-45.39,45.39,Expense,Completed,0,0
3428,TXN-003428,20240919,546,456,2,3,5,-2417.71,2417.71,Expense,Pending,0,1
3429,TXN-003429,20230122,277,623,15,10,6,-463.46,463.46,Expense,Completed,0,1
3430,TXN-003430,20220227,476,574,9,17,3,-345.96,345.96,Expense,Completed,1,0
3431,TXN-003431,20220925,675,362,10,,3,5148.09,5148.09,Income,Completed,0,1
3432,TXN-003432,20230729,609,843,2,11,4,-1862.69,1862.69,Expense,Completed,0,1
3433,TXN-003433,20231001,290,605,10,,1,1942.65,1942.65,Income,Pending,0,1
3434,TXN-003434,20240521,687,940,13,,4,4756.69,4756.69,Transfer,Completed,0,0
3435,TXN-003435,20230605,662,233,10,,2,7147.23,7147.23,Income,Completed,0,1
3436,TXN-003436,20220322,760,13,5,7,5,-54.99,54.99,Expense,Completed,0,0
3437,TXN-003437,20220130,222,79,1,14,7,-337.62,337.62,Expense,Completed,0,0
3438,TXN-003438,20241027,196,922,6,10,5,-18.9,18.9,Expense,Pending,0,0
3439,TXN-003439,20230807,85,909,5,2,6,-94.76,94.76,Expense,Completed,0,0
3440,TXN-003440,20241031,28,64,1,7,6,-418.75,418.75,Expense,Completed,0,0
3441,TXN-003441,20230130,775,5,17,4,7,-35.74,35.74,Expense,Completed,0,1
3442,TXN-003442,20230602,727,405,12,,6,4857.34,4857.34,Income,Pending,0,0
3443,TXN-003443,20240906,506,635,2,8,7,-1617.71,1617.71,Expense,Completed,0,1
3444,TXN-003444,20220805,145,565,10,,3,13018.16,13018.16,Income,Completed,0,1
3445,TXN-003445,20230907,306,181,6,18,5,-9.61,9.61,Expense,Completed,0,0
3446,TXN-003446,20240822,411,548,13,,4,3119.78,3119.78,Transfer,Completed,1,0
3447,TXN-003447,20240521,357,683,10,,5,6217.72,6217.72,Income,Completed,0,1
3448,TXN-003448,20240311,476,574,1,13,1,-453.4,453.4,Expense,Completed,0,0
3449,TXN-003449,20231219,585,525,1,17,6,-469.84,469.84,Expense,Completed,0,0
3450,TXN-003450,20231111,486,252,20,,5,1648.24,1648.24,Income,Completed,0,0
3451,TXN-003451,20221217,241,541,4,9,5,-324.59,324.59,Expense,Failed,0,0
3452,TXN-003452,20241227,652,398,13,,5,3168.2,3168.2,Transfer,Completed,0,0
3453,TXN-003453,20220906,196,441,13,,2,2364.79,2364.79,Transfer,Completed,0,0
3454,TXN-003454,20241023,745,505,10,,7,13492.66,13492.66,Income,Completed,0,1
3455,TXN-003455,20240609,331,118,1,2,2,-380.19,380.19,Expense,Completed,0,0
3456,TXN-003456,20240406,316,428,7,19,6,-293.54,293.54,Expense,Completed,0,0
3457,TXN-003457,20230705,486,252,2,13,3,-1218.93,1218.93,Expense,Completed,0,1
3458,TXN-003458,20240506,667,571,4,20,1,-123.9,123.9,Expense,Pending,0,0
3459,TXN-003459,20230713,245,639,9,5,4,-490.54,490.54,Expense,Completed,0,0
3460,TXN-003460,20220531,693,583,11,,7,298.28,298.28,Income,Failed,0,0
3461,TXN-003461,20230517,250,488,2,9,3,-2186.78,2186.78,Expense,Completed,0,1
3462,TXN-003462,20240113,352,765,4,4,5,-490.24,490.24,Expense,Completed,0,0
3463,TXN-003463,20230925,686,742,1,13,4,-105.35,105.35,Expense,Failed,0,0
3464,TXN-003464,20221124,717,306,12,,6,216.72,216.72,Income,Completed,0,0
3465,TXN-003465,20241027,33,813,1,14,5,-334.68,334.68,Expense,Pending,1,0
3466,TXN-003466,20220307,217,376,4,2,1,-37.21,37.21,Expense,Completed,0,0
3467,TXN-003467,20220902,277,623,16,10,5,-489.06,489.06,Expense,Failed,0,1
3468,TXN-003468,20240212,196,922,20,,3,3095.21,3095.21,Income,Completed,0,0
3469,TXN-003469,20240206,650,739,1,10,6,-317.57,317.57,Expense,Completed,0,0
3470,TXN-003470,20230224,577,908,14,,7,-1049.16,1049.16,Transfer,Pending,0,0
3471,TXN-003471,20230919,582,485,18,15,1,-2991.34,2991.34,Expense,Pending,0,0
3472,TXN-003472,20230427,266,265,7,4,5,-456.14,456.14,Expense,Pending,0,0
3473,TXN-003473,20230601,682,158,13,,7,394.96,394.96,Transfer,Completed,0,0
3474,TXN-003474,20221229,487,540,7,6,3,-392.37,392.37,Expense,Completed,0,0
3475,TXN-003475,20220727,387,75,20,,2,4503.93,4503.93,Income,Failed,0,0
3476,TXN-003476,20241210,74,725,5,3,1,-58.24,58.24,Expense,Pending,0,0
3477,TXN-003477,20220418,264,514,14,,4,-330.51,330.51,Transfer,Reversed,0,0
3478,TXN-003478,20240729,554,224,5,17,5,-67.59,67.59,Expense,Completed,0,0
3479,TXN-003479,20230902,64,729,12,,6,3572.03,3572.03,Income,Completed,0,0
3480,TXN-003480,20240227,641,831,5,18,5,-40.83,40.83,Expense,Completed,1,0
3481,TXN-003481,20220520,216,236,1,7,2,-87.55,87.55,Expense,Completed,0,0
3482,TXN-003482,20220501,430,919,11,,1,334.17,334.17,Income,Failed,0,0
3483,TXN-003483,20240208,308,806,2,7,1,-810.37,810.37,Expense,Pending,0,1
3484,TXN-003484,20221208,301,853,4,17,7,-204.79,204.79,Expense,Pending,0,0
3485,TXN-003485,20220529,745,505,10,,4,6980.08,6980.08,Income,Completed,0,1
3486,TXN-003486,20220408,2,681,10,,4,4911.78,4911.78,Income,Reversed,0,1
3487,TXN-003487,20220820,781,662,4,17,6,-36.37,36.37,Expense,Failed,0,0
3488,TXN-003488,20241114,782,57,13,,1,1822.87,1822.87,Transfer,Completed,0,0
3489,TXN-003489,20230204,145,402,15,11,5,-392.66,392.66,Expense,Completed,0,1
3490,TXN-003490,20220121,785,809,1,5,1,-452.77,452.77,Expense,Completed,0,0
3491,TXN-003491,20221021,295,619,18,11,6,-370.0,370.0,Expense,Completed,0,0
3492,TXN-003492,20240201,450,783,4,11,5,-261.22,261.22,Expense,Completed,0,0
3493,TXN-003493,20230206,319,841,7,9,1,-243.94,243.94,Expense,Completed,0,0
3494,TXN-003494,20240611,604,910,7,16,7,-184.78,184.78,Expense,Completed,0,0
3495,TXN-003495,20240301,764,189,4,18,5,-447.67,447.67,Expense,Completed,0,0
3496,TXN-003496,20231225,751,951,4,20,1,-202.88,202.88,Expense,Completed,1,0
3497,TXN-003497,20241026,184,931,10,,3,2191.81,2191.81,Income,Completed,0,1
3498,TXN-003498,20220415,64,199,19,7,1,-61.27,61.27,Expense,Failed,0,0
3499,TXN-003499,20220923,151,855,5,15,4,-68.07,68.07,Expense,Completed,1,0
3500,TXN-003500,20240910,180,834,5,15,3,-109.44,109.44,Expense,Completed,0,0
3501,TXN-003501,20240112,127,971,1,1,7,-436.56,436.56,Expense,Completed,0,0
3502,TXN-003502,20240302,393,707,11,,2,76.85,76.85,Income,Completed,1,0
3503,TXN-003503,20230330,379,384,1,18,4,-24.0,24.0,Expense,Completed,0,0
3504,TXN-003504,20231027,613,669,12,,7,3677.97,3677.97,Income,Completed,0,0
3505,TXN-003505,20220118,530,391,1,19,4,-359.56,359.56,Expense,Completed,0,0
3506,TXN-003506,20220302,271,179,1,3,5,-312.58,312.58,Expense,Completed,0,0
3507,TXN-003507,20220523,733,121,9,18,6,-317.39,317.39,Expense,Completed,0,0
3508,TXN-003508,20240502,295,415,1,16,6,-243.07,243.07,Expense,Reversed,0,0
3509,TXN-003509,20241127,16,980,4,1,7,-284.14,284.14,Expense,Completed,0,0
3510,TXN-003510,20230512,400,549,9,16,2,-202.13,202.13,Expense,Pending,0,0
3511,TXN-003511,20230312,266,265,4,17,3,-492.75,492.75,Expense,Pending,0,0
3512,TXN-003512,20230912,329,734,4,1,4,-498.51,498.51,Expense,Failed,0,0
3513,TXN-003513,20220504,215,164,4,16,6,-436.96,436.96,Expense,Completed,0,0
3514,TXN-003514,20221019,35,893,13,,7,4414.69,4414.69,Transfer,Completed,0,0
3515,TXN-003515,20221219,795,958,14,,7,-4989.48,4989.48,Transfer,Completed,0,0
3516,TXN-003516,20240202,246,244,10,,7,6910.38,6910.38,Income,Completed,0,1
3517,TXN-003517,20240925,127,971,11,,7,317.05,317.05,Income,Completed,0,0
3518,TXN-003518,20230201,408,1000,4,15,7,-456.15,456.15,Expense,Completed,0,0
3519,TXN-003519,20240726,427,665,6,17,2,-123.95,123.95,Expense,Completed,0,0
3520,TXN-003520,20241225,731,912,13,,6,983.08,983.08,Transfer,Completed,0,0
3521,TXN-003521,20240215,461,670,1,8,5,-360.27,360.27,Expense,Completed,0,0
3522,TXN-003522,20231015,390,272,4,18,2,-177.11,177.11,Expense,Completed,0,0
3523,TXN-003523,20221110,415,967,7,5,3,-54.33,54.33,Expense,Completed,0,0
3524,TXN-003524,20230630,377,68,1,7,3,-268.9,268.9,Expense,Completed,0,0
3525,TXN-003525,20220915,648,257,11,,1,302.34,302.34,Income,Pending,0,0
3526,TXN-003526,20240806,751,951,20,,5,8291.34,8291.34,Income,Completed,0,0
3527,TXN-003527,20230213,544,774,4,11,1,-145.01,145.01,Expense,Completed,0,0
3528,TXN-003528,20241208,42,539,14,,4,-1118.97,1118.97,Transfer,Completed,0,0
3529,TXN-003529,20241126,127,971,1,15,2,-439.49,439.49,Expense,Completed,0,0
3530,TXN-003530,20221117,249,502,10,,1,13269.06,13269.06,Income,Completed,0,1
3531,TXN-003531,20231219,340,312,14,,2,-3767.05,3767.05,Transfer,Reversed,0,0
3532,TXN-003532,20220202,460,612,13,,3,1153.85,1153.85,Transfer,Completed,0,0
3533,TXN-003533,20240412,506,635,13,,1,4041.69,4041.69,Transfer,Completed,0,0
3534,TXN-003534,20220610,121,470,6,5,3,-88.84,88.84,Expense,Completed,0,0
3535,TXN-003535,20221214,231,201,3,3,6,-99.22,99.22,Expense,Completed,0,1
3536,TXN-003536,20241218,270,759,5,18,5,-23.95,23.95,Expense,Failed,0,0
3537,TXN-003537,20221221,633,308,1,19,1,-171.73,171.73,Expense,Completed,0,0
3538,TXN-003538,20231112,744,234,20,,5,9118.7,9118.7,Income,Completed,0,0
3539,TXN-003539,20230517,700,254,18,15,4,-585.44,585.44,Expense,Completed,0,0
3540,TXN-003540,20240927,102,321,14,,2,-1901.28,1901.28,Transfer,Completed,0,0
3541,TXN-003541,20221104,207,446,4,3,5,-91.41,91.41,Expense,Completed,0,0
3542,TXN-003542,20240328,117,467,10,,1,9898.59,9898.59,Income,Completed,0,1
3543,TXN-003543,20231024,797,716,7,12,5,-229.08,229.08,Expense,Completed,0,0
3544,TXN-003544,20241109,668,597,8,12,4,-290.13,290.13,Expense,Completed,0,0
3545,TXN-003545,20231109,163,986,13,,4,2281.88,2281.88,Transfer,Completed,0,0
3546,TXN-003546,20230919,66,430,1,19,7,-232.79,232.79,Expense,Completed,0,0
3547,TXN-003547,20230824,749,228,3,7,6,-256.49,256.49,Expense,Completed,0,1
3548,TXN-003548,20240901,298,82,7,8,3,-462.8,462.8,Expense,Completed,0,0
3549,TXN-003549,20231218,782,28,1,14,7,-222.26,222.26,Expense,Completed,0,0
3550,TXN-003550,20221212,19,516,4,9,7,-493.95,493.95,Expense,Failed,0,0
3551,TXN-003551,20230113,10,749,4,10,5,-212.44,212.44,Expense,Completed,1,0
3552,TXN-003552,20220522,468,37,4,3,6,-177.29,177.29,Expense,Completed,0,0
3553,TXN-003553,20240625,118,25,20,,2,8428.47,8428.47,Income,Completed,0,0
3554,TXN-003554,20240117,61,622,2,1,4,-743.61,743.61,Expense,Completed,0,1
3555,TXN-003555,20221001,416,724,2,16,1,-1449.59,1449.59,Expense,Completed,0,1
3556,TXN-003556,20241220,250,488,9,8,4,-210.42,210.42,Expense,Completed,0,0
3557,TXN-003557,20221118,636,460,7,12,6,-221.22,221.22,Expense,Completed,0,0
3558,TXN-003558,20241108,392,500,4,15,3,-314.0,314.0,Expense,Completed,0,0
3559,TXN-003559,20230619,668,597,8,6,1,-107.65,107.65,Expense,Completed,0,0
3560,TXN-003560,20221212,754,270,1,1,1,-367.01,367.01,Expense,Completed,0,0
3561,TXN-003561,20240507,460,487,8,19,2,-461.44,461.44,Expense,Failed,0,0
3562,TXN-003562,20230116,731,564,4,19,7,-367.15,367.15,Expense,Completed,0,0
3563,TXN-003563,20230628,692,392,1,10,6,-166.98,166.98,Expense,Completed,0,0
3564,TXN-003564,20240311,678,357,11,,5,343.57,343.57,Income,Completed,0,0
3565,TXN-003565,20220817,275,132,10,,2,13376.8,13376.8,Income,Completed,0,1
3566,TXN-003566,20220510,565,34,2,8,4,-2849.09,2849.09,Expense,Pending,0,1
3567,TXN-003567,20220912,682,158,15,13,2,-341.45,341.45,Expense,Completed,0,1
3568,TXN-003568,20240813,314,854,10,,1,9063.07,9063.07,Income,Completed,0,1
3569,TXN-003569,20220308,174,342,10,,4,5739.78,5739.78,Income,Completed,0,1
3570,TXN-003570,20220519,525,871,11,,7,208.13,208.13,Income,Completed,0,0
3571,TXN-003571,20240109,400,549,3,14,3,-24.2,24.2,Expense,Completed,0,1
3572,TXN-003572,20240711,288,812,1,4,6,-143.92,143.92,Expense,Pending,0,0
3573,TXN-003573,20220627,41,393,7,6,6,-207.62,207.62,Expense,Pending,0,0
3574,TXN-003574,20230616,290,596,19,4,3,-255.16,255.16,Expense,Completed,0,0
3575,TXN-003575,20240914,220,276,1,15,7,-273.92,273.92,Expense,Completed,1,0
3576,TXN-003576,20221216,85,760,7,4,7,-46.5,46.5,Expense,Completed,0,0
3577,TXN-003577,20230309,357,683,13,,2,3426.82,3426.82,Transfer,Completed,0,0
3578,TXN-003578,20230830,41,532,7,3,7,-266.14,266.14,Expense,Completed,0,0
3579,TXN-003579,20241206,222,588,10,,5,12881.64,12881.64,Income,Completed,0,1
3580,TXN-003580,20220826,109,938,10,,1,11366.71,11366.71,Income,Reversed,0,1
3581,TXN-003581,20220817,298,559,3,5,4,-250.98,250.98,Expense,Completed,0,1
3582,TXN-003582,20220128,510,551,9,17,3,-159.71,159.71,Expense,Completed,0,0
3583,TXN-003583,20231223,141,318,9,18,2,-321.13,321.13,Expense,Failed,0,0
3584,TXN-003584,20220825,555,840,5,10,4,-38.79,38.79,Expense,Completed,0,0
3585,TXN-003585,20241019,179,799,1,2,2,-440.31,440.31,Expense,Pending,0,0
3586,TXN-003586,20240413,422,172,10,,3,13645.79,13645.79,Income,Completed,0,1
3587,TXN-003587,20220428,489,647,7,7,4,-285.89,285.89,Expense,Completed,0,0
3588,TXN-003588,20231120,741,22,20,,4,9255.24,9255.24,Income,Completed,0,0
3589,TXN-003589,20240719,14,408,4,3,2,-105.59,105.59,Expense,Completed,0,0
3590,TXN-003590,20240709,357,133,13,,6,1325.87,1325.87,Transfer,Completed,0,0
3591,TXN-003591,20240829,33,813,5,16,3,-11.09,11.09,Expense,Completed,0,0
3592,TXN-003592,20220222,250,177,7,14,3,-65.57,65.57,Expense,Completed,0,0
3593,TXN-003593,20220729,217,972,1,8,1,-279.35,279.35,Expense,Completed,0,0
3594,TXN-003594,20230607,20,602,4,14,4,-365.62,365.62,Expense,Completed,0,0
3595,TXN-003595,20220621,177,867,3,19,1,-266.1,266.1,Expense,Pending,0,1
3596,TXN-003596,20220114,192,920,2,10,5,-655.71,655.71,Expense,Failed,0,1
3597,TXN-003597,20230822,226,998,18,3,6,-830.74,830.74,Expense,Completed,0,0
3598,TXN-003598,20220516,325,329,1,11,1,-149.56,149.56,Expense,Pending,0,0
3599,TXN-003599,20220416,652,885,1,13,2,-197.92,197.92,Expense,Completed,0,0
3600,TXN-003600,20230401,479,700,3,1,4,-281.89,281.89,Expense,Completed,0,1
3601,TXN-003601,20240703,527,975,1,9,2,-124.13,124.13,Expense,Completed,0,0
3602,TXN-003602,20220710,419,722,14,,5,-4172.7,4172.7,Transfer,Pending,0,0
3603,TXN-003603,20230701,446,584,14,,7,-1680.51,1680.51,Transfer,Completed,0,0
3604,TXN-003604,20240624,270,77,1,5,4,-84.25,84.25,Expense,Failed,0,0
3605,TXN-003605,20240623,662,233,2,4,7,-2045.41,2045.41,Expense,Pending,0,1
3606,TXN-003606,20220803,527,975,6,11,4,-54.3,54.3,Expense,Completed,0,0
3607,TXN-003607,20220109,782,57,5,3,5,-107.02,107.02,Expense,Pending,0,0
3608,TXN-003608,20230627,600,741,9,6,3,-195.87,195.87,Expense,Completed,0,0
3609,TXN-003609,20241003,454,558,6,5,3,-28.76,28.76,Expense,Completed,0,0
3610,TXN-003610,20230323,597,995,5,9,4,-10.39,10.39,Expense,Completed,0,0
3611,TXN-003611,20220602,773,385,7,2,3,-361.83,361.83,Expense,Completed,0,0
3612,TXN-003612,20241230,62,561,10,,1,10187.7,10187.7,Income,Completed,0,1
3613,TXN-003613,20231126,661,751,3,10,7,-283.45,283.45,Expense,Completed,0,1
3614,TXN-003614,20220919,591,259,1,12,7,-351.93,351.93,Expense,Completed,0,0
3615,TXN-003615,20230226,791,54,13,,6,786.29,786.29,Transfer,Completed,0,0
3616,TXN-003616,20220611,744,234,2,20,5,-896.48,896.48,Expense,Completed,0,1
3617,TXN-003617,20230930,143,789,2,3,7,-1141.58,1141.58,Expense,Completed,1,1
3618,TXN-003618,20230422,305,985,1,10,5,-494.3,494.3,Expense,Completed,0,0
3619,TXN-003619,20220922,634,699,15,17,5,-208.24,208.24,Expense,Completed,1,1
3620,TXN-003620,20240110,733,99,1,7,5,-225.47,225.47,Expense,Completed,0,0
3621,TXN-003621,20230502,662,233,2,17,6,-1221.22,1221.22,Expense,Completed,0,1
3622,TXN-003622,20240620,229,340,9,18,4,-191.21,191.21,Expense,Pending,0,0
3623,TXN-003623,20230524,611,463,2,14,7,-2134.4,2134.4,Expense,Completed,0,1
3624,TXN-003624,20221119,501,317,5,1,5,-144.65,144.65,Expense,Completed,0,0
3625,TXN-003625,20221110,800,403,20,,6,4247.76,4247.76,Income,Completed,0,0
3626,TXN-003626,20240501,427,520,2,7,3,-1085.47,1085.47,Expense,Pending,0,1
3627,TXN-003627,20230611,638,31,7,4,4,-453.54,453.54,Expense,Completed,0,0
3628,TXN-003628,20231026,454,220,7,3,6,-167.34,167.34,Expense,Completed,0,0
3629,TXN-003629,20221224,784,140,10,,2,4764.99,4764.99,Income,Completed,1,1
3630,TXN-003630,20220621,490,494,9,10,5,-259.84,259.84,Expense,Completed,0,0
3631,TXN-003631,20220315,419,38,6,1,6,-55.78,55.78,Expense,Failed,0,0
3632,TXN-003632,20240913,277,623,1,13,2,-414.11,414.11,Expense,Completed,0,0
3633,TXN-003633,20240910,633,314,19,17,1,-462.05,462.05,Expense,Reversed,0,0
3634,TXN-003634,20241030,206,138,8,3,5,-347.14,347.14,Expense,Completed,0,0
3635,TXN-003635,20221026,593,937,3,2,4,-449.31,449.31,Expense,Completed,0,1
3636,TXN-003636,20220929,697,447,12,,3,3568.21,3568.21,Income,Completed,0,0
3637,TXN-003637,20231228,20,412,13,,2,4648.29,4648.29,Transfer,Completed,1,0
3638,TXN-003638,20230313,471,437,7,5,1,-101.74,101.74,Expense,Failed,0,0
3639,TXN-003639,20230604,209,983,10,,3,1889.64,1889.64,Income,Completed,0,1
3640,TXN-003640,20220202,76,373,8,1,2,-462.98,462.98,Expense,Pending,0,0
3641,TXN-003641,20240714,341,98,13,,3,3653.07,3653.07,Transfer,Completed,0,0
3642,TXN-003642,20231030,174,268,13,,7,983.86,983.86,Transfer,Failed,0,0
3643,TXN-003643,20241018,602,97,1,17,2,-93.68,93.68,Expense,Pending,0,0
3644,TXN-003644,20220628,215,164,4,7,5,-346.81,346.81,Expense,Completed,0,0
3645,TXN-003645,20230509,231,889,7,15,6,-305.6,305.6,Expense,Completed,0,0
3646,TXN-003646,20230101,522,126,2,14,7,-688.86,688.86,Expense,Completed,0,1
3647,TXN-003647,20231225,176,718,7,18,7,-456.32,456.32,Expense,Completed,0,0
3648,TXN-003648,20220129,206,8,5,19,6,-118.09,118.09,Expense,Completed,0,0
3649,TXN-003649,20230801,212,659,16,17,2,-330.95,330.95,Expense,Pending,0,1
3650,TXN-003650,20221218,48,469,7,14,6,-241.57,241.57,Expense,Completed,0,0
3651,TXN-003651,20240530,154,821,10,,4,14938.62,14938.62,Income,Failed,0,1
3652,TXN-003652,20230825,674,490,4,4,4,-482.59,482.59,Expense,Completed,0,0
3653,TXN-003653,20220407,325,253,1,13,2,-307.19,307.19,Expense,Completed,0,0
3654,TXN-003654,20230602,80,366,10,,5,6861.22,6861.22,Income,Completed,0,1
3655,TXN-003655,20230518,99,93,7,15,1,-173.22,173.22,Expense,Completed,0,0
3656,TXN-003656,20230703,549,646,6,3,1,-74.0,74.0,Expense,Completed,0,0
3657,TXN-003657,20230630,352,795,7,12,1,-455.87,455.87,Expense,Completed,0,0
3658,TXN-003658,20231224,416,724,1,12,4,-459.15,459.15,Expense,Completed,0,0
3659,TXN-003659,20221102,230,887,6,4,6,-73.47,73.47,Expense,Failed,0,0
3660,TXN-003660,20240415,745,713,16,3,3,-143.96,143.96,Expense,Reversed,0,1
3661,TXN-003661,20241005,37,444,10,,2,5786.27,5786.27,Income,Reversed,0,1
3662,TXN-003662,20241207,176,109,10,,3,10010.41,10010.41,Income,Completed,0,1
3663,TXN-003663,20220110,50,808,11,,3,320.51,320.51,Income,Completed,0,0
3664,TXN-003664,20240314,553,693,15,15,4,-222.28,222.28,Expense,Pending,0,1
3665,TXN-003665,20240402,313,424,11,,5,346.96,346.96,Income,Completed,0,0
3666,TXN-003666,20240604,231,275,2,15,4,-2793.19,2793.19,Expense,Completed,0,1
3667,TXN-003667,20240411,531,323,2,18,5,-1466.74,1466.74,Expense,Completed,0,1
3668,TXN-003668,20220629,471,554,7,12,6,-92.27,92.27,Expense,Completed,0,0
3669,TXN-003669,20240117,587,888,4,9,3,-195.91,195.91,Expense,Pending,0,0
3670,TXN-003670,20240110,699,657,8,8,6,-330.83,330.83,Expense,Completed,0,0
3671,TXN-003671,20231129,369,386,9,13,5,-134.37,134.37,Expense,Failed,0,0
3672,TXN-003672,20220307,162,685,12,,4,4758.6,4758.6,Income,Completed,0,0
3673,TXN-003673,20231216,785,819,2,10,1,-2148.14,2148.14,Expense,Pending,0,1
3674,TXN-003674,20221108,517,394,14,,3,-3439.71,3439.71,Transfer,Completed,0,0
3675,TXN-003675,20241020,221,1,10,,6,5298.0,5298.0,Income,Completed,0,1
3676,TXN-003676,20220429,787,417,11,,6,275.7,275.7,Income,Completed,0,0
3677,TXN-003677,20231204,246,656,10,,7,12794.39,12794.39,Income,Completed,0,1
3678,TXN-003678,20220831,768,620,8,1,6,-90.5,90.5,Expense,Completed,0,0
3679,TXN-003679,20231013,474,698,7,13,6,-124.66,124.66,Expense,Completed,0,0
3680,TXN-003680,20240118,298,82,4,2,5,-56.08,56.08,Expense,Pending,0,0
3681,TXN-003681,20220812,146,575,9,11,7,-175.53,175.53,Expense,Completed,0,0
3682,TXN-003682,20240708,717,306,14,,6,-3669.76,3669.76,Transfer,Pending,0,0
3683,TXN-003683,20231209,491,654,15,18,3,-646.39,646.39,Expense,Completed,0,1
3684,TXN-003684,20230806,143,789,3,20,7,-192.05,192.05,Expense,Completed,0,1
3685,TXN-003685,20241103,600,741,1,13,5,-379.21,379.21,Expense,Completed,0,0
3686,TXN-003686,20240615,754,754,14,,4,-4863.62,4863.62,Transfer,Completed,0,0
3687,TXN-003687,20241001,124,930,10,,4,5217.62,5217.62,Income,Completed,0,1
3688,TXN-003688,20240109,544,774,3,16,3,-355.03,355.03,Expense,Completed,0,1
3689,TXN-003689,20221026,609,843,17,4,7,-109.61,109.61,Expense,Completed,0,1
3690,TXN-003690,20230103,361,425,10,,5,4120.84,4120.84,Income,Completed,0,1
3691,TXN-003691,20231012,718,641,4,14,4,-203.94,203.94,Expense,Completed,0,0
3692,TXN-003692,20230111,499,905,2,11,3,-2520.97,2520.97,Expense,Completed,0,1
3693,TXN-003693,20220217,118,25,13,,5,4186.88,4186.88,Transfer,Completed,0,0
3694,TXN-003694,20230912,787,163,12,,6,2620.95,2620.95,Income,Completed,0,0
3695,TXN-003695,20240720,487,207,1,19,2,-34.76,34.76,Expense,Completed,0,0
3696,TXN-003696,20231116,625,614,14,,2,-854.98,854.98,Transfer,Completed,0,0
3697,TXN-003697,20221220,329,763,2,17,7,-1640.24,1640.24,Expense,Completed,0,1
3698,TXN-003698,20231029,76,373,7,15,7,-335.74,335.74,Expense,Completed,1,0
3699,TXN-003699,20220323,506,604,10,,1,4195.33,4195.33,Income,Completed,1,1
3700,TXN-003700,20231220,396,454,18,4,2,-978.34,978.34,Expense,Completed,1,0
3701,TXN-003701,20230719,205,188,5,6,5,-108.75,108.75,Expense,Completed,0,0
3702,TXN-003702,20240428,666,246,2,18,7,-1895.33,1895.33,Expense,Completed,0,1
3703,TXN-003703,20241025,282,166,20,,4,4416.21,4416.21,Income,Completed,0,0
3704,TXN-003704,20240430,243,827,3,14,4,-165.59,165.59,Expense,Completed,0,1
3705,TXN-003705,20220124,252,538,1,6,3,-235.06,235.06,Expense,Completed,0,0
3706,TXN-003706,20231008,685,289,4,10,6,-412.24,412.24,Expense,Completed,0,0
3707,TXN-003707,20240801,308,806,6,16,7,-122.76,122.76,Expense,Completed,0,0
3708,TXN-003708,20230225,88,399,2,20,4,-2388.78,2388.78,Expense,Completed,0,1
3709,TXN-003709,20220326,308,194,13,,6,2702.21,2702.21,Transfer,Reversed,0,0
3710,TXN-003710,20231224,19,180,6,5,1,-25.7,25.7,Expense,Completed,0,0
3711,TXN-003711,20230723,421,422,15,12,5,-1507.96,1507.96,Expense,Failed,0,1
3712,TXN-003712,20231119,751,555,10,,1,1829.2,1829.2,Income,Completed,0,1
3713,TXN-003713,20220103,290,421,15,20,1,-809.3,809.3,Expense,Pending,0,1
3714,TXN-003714,20221125,151,251,10,,7,12198.63,12198.63,Income,Completed,0,1
3715,TXN-003715,20230314,37,444,8,15,5,-328.64,328.64,Expense,Completed,0,0
3716,TXN-003716,20230512,268,459,14,,4,-3703.28,3703.28,Transfer,Completed,0,0
3717,TXN-003717,20241009,156,773,2,7,4,-583.86,583.86,Expense,Completed,0,1
3718,TXN-003718,20240516,178,613,1,7,5,-37.31,37.31,Expense,Completed,0,0
3719,TXN-003719,20230413,117,954,10,,6,12063.51,12063.51,Income,Reversed,1,1
3720,TXN-003720,20220109,342,343,7,12,3,-112.62,112.62,Expense,Completed,0,0
3721,TXN-003721,20230709,262,492,2,7,6,-2080.63,2080.63,Expense,Completed,0,1
3722,TXN-003722,20240408,163,986,4,13,1,-467.29,467.29,Expense,Completed,0,0
3723,TXN-003723,20231007,147,249,1,16,3,-57.33,57.33,Expense,Completed,0,0
3724,TXN-003724,20220408,764,189,2,9,2,-2474.74,2474.74,Expense,Completed,0,1
3725,TXN-003725,20230828,444,225,15,5,2,-409.29,409.29,Expense,Completed,0,1
3726,TXN-003726,20231008,608,968,1,3,1,-46.31,46.31,Expense,Completed,0,0
3727,TXN-003727,20241029,12,818,1,10,5,-313.15,313.15,Expense,Completed,0,0
3728,TXN-003728,20240726,324,345,5,18,7,-19.06,19.06,Expense,Failed,0,0
3729,TXN-003729,20241104,653,777,7,17,6,-192.46,192.46,Expense,Completed,0,0
3730,TXN-003730,20230125,64,478,4,10,2,-154.32,154.32,Expense,Completed,0,0
3731,TXN-003731,20230302,544,378,15,8,2,-1159.17,1159.17,Expense,Completed,0,1
3732,TXN-003732,20231011,207,640,2,2,6,-1585.64,1585.64,Expense,Completed,0,1
3733,TXN-003733,20241015,183,792,13,,7,4096.12,4096.12,Transfer,Completed,0,0
3734,TXN-003734,20231116,712,336,4,4,7,-447.92,447.92,Expense,Completed,1,0
3735,TXN-003735,20220526,110,159,14,,4,-479.89,479.89,Transfer,Pending,0,0
3736,TXN-003736,20230720,378,70,13,,1,4466.49,4466.49,Transfer,Completed,0,0
3737,TXN-003737,20240216,79,535,1,1,4,-198.71,198.71,Expense,Completed,0,0
3738,TXN-003738,20240416,598,90,15,6,6,-1298.95,1298.95,Expense,Completed,0,1
3739,TXN-003739,20240611,110,704,8,3,5,-451.46,451.46,Expense,Completed,0,0
3740,TXN-003740,20220405,792,414,15,4,2,-880.07,880.07,Expense,Pending,0,1
3741,TXN-003741,20240219,525,15,1,13,1,-118.61,118.61,Expense,Completed,0,0
3742,TXN-003742,20241123,721,11,4,20,5,-37.44,37.44,Expense,Completed,1,0
3743,TXN-003743,20230301,266,519,7,17,2,-298.43,298.43,Expense,Completed,0,0
3744,TXN-003744,20230811,472,73,10,,3,11557.71,11557.71,Income,Pending,0,1
3745,TXN-003745,20220419,14,310,6,4,3,-62.3,62.3,Expense,Reversed,0,0
3746,TXN-003746,20240105,200,67,17,12,1,-115.98,115.98,Expense,Completed,0,1
3747,TXN-003747,20230616,707,27,7,18,7,-463.33,463.33,Expense,Completed,1,0
3748,TXN-003748,20240105,675,245,20,,7,1565.03,1565.03,Income,Completed,0,0
3749,TXN-003749,20241105,184,931,16,18,3,-72.62,72.62,Expense,Completed,0,1
3750,TXN-003750,20220526,625,614,13,,3,4530.63,4530.63,Transfer,Completed,0,0
3751,TXN-003751,20220414,132,753,4,3,7,-471.57,471.57,Expense,Failed,0,0
3752,TXN-003752,20240714,39,815,16,4,1,-242.06,242.06,Expense,Pending,0,1
3753,TXN-003753,20220821,174,587,3,11,2,-326.32,326.32,Expense,Completed,0,1
3754,TXN-003754,20241001,304,410,11,,1,262.44,262.44,Income,Completed,0,0
3755,TXN-003755,20230313,545,291,6,11,7,-51.33,51.33,Expense,Completed,0,0
3756,TXN-003756,20220826,717,868,15,2,1,-1198.01,1198.01,Expense,Completed,0,1
3757,TXN-003757,20220919,611,463,5,9,3,-120.68,120.68,Expense,Pending,0,0
3758,TXN-003758,20230912,47,69,14,,1,-2169.48,2169.48,Transfer,Completed,0,0
3759,TXN-003759,20240619,551,16,1,6,2,-107.6,107.6,Expense,Completed,0,0
3760,TXN-003760,20231231,280,811,20,,1,7918.71,7918.71,Income,Completed,0,0
3761,TXN-003761,20220526,684,826,11,,3,326.43,326.43,Income,Completed,0,0
3762,TXN-003762,20240401,754,241,11,,1,264.71,264.71,Income,Failed,0,0
3763,TXN-003763,20220922,61,849,2,13,5,-1499.77,1499.77,Expense,Pending,0,1
3764,TXN-003764,20230126,364,95,14,,4,-1440.03,1440.03,Transfer,Failed,0,0
3765,TXN-003765,20240112,153,71,9,11,2,-252.17,252.17,Expense,Completed,0,0
3766,TXN-003766,20230704,286,96,1,12,5,-130.24,130.24,Expense,Pending,0,0
3767,TXN-003767,20240128,270,77,7,7,2,-250.94,250.94,Expense,Completed,0,0
3768,TXN-003768,20221015,348,116,5,6,2,-57.75,57.75,Expense,Completed,0,0
3769,TXN-003769,20220929,420,546,5,6,4,-7.06,7.06,Expense,Completed,0,0
3770,TXN-003770,20240211,502,651,7,10,5,-26.44,26.44,Expense,Completed,0,0
3771,TXN-003771,20240530,215,164,14,,6,-1810.37,1810.37,Transfer,Completed,0,0
3772,TXN-003772,20220226,475,702,20,,1,3256.77,3256.77,Income,Completed,0,0
3773,TXN-003773,20230127,195,529,13,,3,4376.26,4376.26,Transfer,Completed,0,0
3774,TXN-003774,20240223,151,251,10,,6,1792.41,1792.41,Income,Completed,0,1
3775,TXN-003775,20220810,199,679,12,,4,3095.33,3095.33,Income,Failed,0,0
3776,TXN-003776,20241115,105,978,14,,1,-2677.2,2677.2,Transfer,Completed,0,0
3777,TXN-003777,20230613,270,759,9,19,5,-437.79,437.79,Expense,Failed,0,0
3778,TXN-003778,20230110,410,135,4,5,1,-352.66,352.66,Expense,Completed,0,0
3779,TXN-003779,20240315,102,321,4,8,2,-467.17,467.17,Expense,Failed,0,0
3780,TXN-003780,20221106,287,324,2,3,1,-652.91,652.91,Expense,Completed,0,1
3781,TXN-003781,20230115,430,919,7,1,7,-35.93,35.93,Expense,Completed,0,0
3782,TXN-003782,20220204,537,331,18,9,1,-538.78,538.78,Expense,Completed,0,0
3783,TXN-003783,20240714,371,127,4,2,5,-471.62,471.62,Expense,Completed,0,0
3784,TXN-003784,20231204,73,7,3,7,3,-208.93,208.93,Expense,Completed,0,1
3785,TXN-003785,20240105,674,990,2,17,2,-886.48,886.48,Expense,Pending,0,1
3786,TXN-003786,20240412,427,665,19,7,2,-425.6,425.6,Expense,Pending,0,0
3787,TXN-003787,20221012,141,877,3,10,5,-303.09,303.09,Expense,Completed,0,1
3788,TXN-003788,20241116,554,224,10,,6,13136.38,13136.38,Income,Completed,0,1
3789,TXN-003789,20231007,422,842,10,,3,2911.6,2911.6,Income,Pending,0,1
3790,TXN-003790,20220703,643,493,10,,3,11500.6,11500.6,Income,Failed,0,1
3791,TXN-003791,20230628,596,264,10,,4,14386.83,14386.83,Income,Completed,0,1
3792,TXN-003792,20221220,433,633,7,11,4,-171.12,171.12,Expense,Completed,0,0
3793,TXN-003793,20231004,221,1,8,10,2,-79.8,79.8,Expense,Completed,0,0
3794,TXN-003794,20241128,777,62,13,,2,4185.06,4185.06,Transfer,Completed,0,0
3795,TXN-003795,20220530,448,305,10,,7,11755.47,11755.47,Income,Completed,0,1
3796,TXN-003796,20230724,569,72,1,14,4,-387.83,387.83,Expense,Completed,0,0
3797,TXN-003797,20230818,798,293,8,14,4,-206.14,206.14,Expense,Completed,0,0
3798,TXN-003798,20231112,548,365,2,3,3,-2342.07,2342.07,Expense,Completed,1,1
3799,TXN-003799,20241109,125,723,16,18,5,-149.22,149.22,Expense,Failed,0,1
3800,TXN-003800,20240321,769,413,6,19,3,-40.71,40.71,Expense,Completed,0,0
3801,TXN-003801,20241215,260,567,1,15,2,-251.52,251.52,Expense,Completed,0,0
3802,TXN-003802,20230626,754,754,2,13,3,-2700.5,2700.5,Expense,Completed,0,1
3803,TXN-003803,20230630,198,29,7,7,2,-83.14,83.14,Expense,Pending,0,0
3804,TXN-003804,20231029,439,861,3,19,6,-274.2,274.2,Expense,Completed,0,1
3805,TXN-003805,20240930,266,519,5,15,2,-145.81,145.81,Expense,Reversed,0,0
3806,TXN-003806,20230326,613,669,14,,6,-3222.06,3222.06,Transfer,Completed,0,0
3807,TXN-003807,20241228,101,648,2,10,3,-2276.42,2276.42,Expense,Completed,0,1
3808,TXN-003808,20240915,546,456,3,2,1,-97.07,97.07,Expense,Completed,0,1
3809,TXN-003809,20220703,430,261,4,8,3,-293.7,293.7,Expense,Completed,0,0
3810,TXN-003810,20220806,260,567,13,,6,307.03,307.03,Transfer,Completed,0,0
3811,TXN-003811,20240910,213,407,13,,7,411.96,411.96,Transfer,Completed,0,0
3812,TXN-003812,20220123,798,293,1,13,2,-178.05,178.05,Expense,Completed,0,0
3813,TXN-003813,20241221,489,647,10,,3,9547.23,9547.23,Income,Completed,0,1
3814,TXN-003814,20240708,680,274,2,12,1,-888.76,888.76,Expense,Completed,0,1
3815,TXN-003815,20240809,110,159,10,,2,5026.94,5026.94,Income,Completed,0,1
3816,TXN-003816,20240826,731,564,18,19,5,-552.24,552.24,Expense,Completed,0,0
3817,TXN-003817,20220325,713,851,7,16,1,-314.12,314.12,Expense,Completed,0,0
3818,TXN-003818,20220717,718,41,10,,3,2086.1,2086.1,Income,Completed,1,1
3819,TXN-003819,20240722,329,763,13,,4,3233.93,3233.93,Transfer,Completed,0,0
3820,TXN-003820,20231219,254,285,12,,4,3170.11,3170.11,Income,Completed,0,0
3821,TXN-003821,20230929,21,287,14,,6,-3936.24,3936.24,Transfer,Completed,0,0
3822,TXN-003822,20240511,535,499,4,15,6,-368.43,368.43,Expense,Reversed,0,0
3823,TXN-003823,20231024,763,748,15,17,2,-1711.05,1711.05,Expense,Completed,0,1
3824,TXN-003824,20220204,545,775,3,3,6,-232.13,232.13,Expense,Completed,0,1
3825,TXN-003825,20230625,190,970,2,2,6,-2041.19,2041.19,Expense,Completed,0,1
3826,TXN-003826,20241023,431,904,1,12,6,-110.85,110.85,Expense,Completed,0,0
3827,TXN-003827,20220517,66,23,7,14,7,-411.9,411.9,Expense,Completed,0,0
3828,TXN-003828,20240306,48,964,3,20,1,-389.79,389.79,Expense,Completed,0,1
3829,TXN-003829,20221002,132,229,16,19,6,-297.95,297.95,Expense,Completed,0,1
3830,TXN-003830,20240919,795,958,4,3,4,-136.68,136.68,Expense,Completed,0,0
3831,TXN-003831,20241021,389,327,6,13,6,-69.68,69.68,Expense,Completed,0,0
3832,TXN-003832,20240301,553,693,1,15,6,-147.74,147.74,Expense,Completed,0,0
3833,TXN-003833,20241004,220,846,4,18,3,-59.89,59.89,Expense,Completed,0,0
3834,TXN-003834,20220829,747,988,3,20,7,-55.16,55.16,Expense,Completed,0,1
3835,TXN-003835,20240520,166,803,4,7,4,-180.89,180.89,Expense,Completed,0,0
3836,TXN-003836,20240825,713,851,10,,1,2358.46,2358.46,Income,Pending,0,1
3837,TXN-003837,20220511,500,153,16,12,1,-471.69,471.69,Expense,Completed,0,1
3838,TXN-003838,20240227,622,832,4,12,4,-237.35,237.35,Expense,Completed,0,0
3839,TXN-003839,20230408,633,308,4,3,3,-84.31,84.31,Expense,Completed,0,0
3840,TXN-003840,20220623,567,197,1,17,1,-321.04,321.04,Expense,Pending,0,0
3841,TXN-003841,20240305,315,957,11,,5,346.29,346.29,Income,Completed,1,0
3842,TXN-003842,20221015,653,777,4,19,7,-236.44,236.44,Expense,Failed,0,0
3843,TXN-003843,20240705,569,72,3,15,2,-432.86,432.86,Expense,Completed,0,1
3844,TXN-003844,20231230,650,739,6,1,7,-73.44,73.44,Expense,Pending,0,0
3845,TXN-003845,20220926,685,289,10,,5,5851.0,5851.0,Income,Completed,0,1
3846,TXN-003846,20240506,692,392,5,5,3,-126.2,126.2,Expense,Pending,0,0
3847,TXN-003847,20231230,462,215,20,,5,3652.57,3652.57,Income,Completed,0,0
3848,TXN-003848,20240320,266,519,5,11,4,-97.81,97.81,Expense,Completed,0,0
3849,TXN-003849,20221230,594,450,6,1,5,-106.92,106.92,Expense,Failed,0,0
3850,TXN-003850,20230627,508,816,3,17,7,-294.37,294.37,Expense,Completed,0,1
3851,TXN-003851,20240529,281,688,4,19,5,-105.44,105.44,Expense,Pending,0,0
3852,TXN-003852,20241025,389,327,6,17,3,-30.95,30.95,Expense,Completed,0,0
3853,TXN-003853,20240208,430,862,6,4,7,-125.17,125.17,Expense,Completed,0,0
3854,TXN-003854,20230503,340,913,18,15,4,-810.22,810.22,Expense,Completed,0,0
3855,TXN-003855,20240922,474,698,5,8,7,-7.41,7.41,Expense,Completed,0,0
3856,TXN-003856,20230814,213,407,4,10,2,-273.6,273.6,Expense,Completed,0,0
3857,TXN-003857,20240107,41,393,16,6,2,-252.29,252.29,Expense,Completed,0,1
3858,TXN-003858,20230505,674,32,4,13,2,-294.97,294.97,Expense,Pending,0,0
3859,TXN-003859,20220302,703,496,5,6,4,-37.87,37.87,Expense,Completed,0,0
3860,TXN-003860,20240317,127,971,10,,5,7014.1,7014.1,Income,Completed,0,1
3861,TXN-003861,20231012,329,734,1,2,5,-150.1,150.1,Expense,Completed,0,0
3862,TXN-003862,20240908,132,753,19,3,2,-221.3,221.3,Expense,Completed,0,0
3863,TXN-003863,20220923,691,537,15,1,6,-1885.95,1885.95,Expense,Completed,0,1
3864,TXN-003864,20241227,577,908,12,,5,1330.46,1330.46,Income,Completed,0,0
3865,TXN-003865,20230123,462,757,11,,3,245.77,245.77,Income,Completed,0,0
3866,TXN-003866,20220113,359,750,15,14,6,-566.9,566.9,Expense,Completed,0,1
3867,TXN-003867,20230526,703,482,16,1,3,-356.6,356.6,Expense,Completed,0,1
3868,TXN-003868,20240109,556,582,1,5,4,-396.06,396.06,Expense,Completed,0,0
3869,TXN-003869,20220615,61,608,3,10,3,-128.12,128.12,Expense,Completed,0,1
3870,TXN-003870,20240224,270,563,10,,6,13869.35,13869.35,Income,Pending,0,1
3871,TXN-003871,20220102,636,460,1,7,1,-229.79,229.79,Expense,Completed,0,0
3872,TXN-003872,20240520,209,983,2,12,5,-2818.34,2818.34,Expense,Completed,0,1
3873,TXN-003873,20240711,781,662,1,10,4,-445.67,445.67,Expense,Completed,0,0
3874,TXN-003874,20230605,351,790,1,12,6,-336.52,336.52,Expense,Completed,0,0
3875,TXN-003875,20240604,560,395,1,15,1,-76.61,76.61,Expense,Failed,0,0
3876,TXN-003876,20230316,763,333,7,10,3,-287.67,287.67,Expense,Completed,0,0
3877,TXN-003877,20240325,754,270,7,18,5,-449.9,449.9,Expense,Completed,0,0
3878,TXN-003878,20240112,167,932,10,,7,12038.15,12038.15,Income,Completed,0,1
3879,TXN-003879,20220727,222,588,6,13,2,-72.76,72.76,Expense,Completed,0,0
3880,TXN-003880,20240802,64,478,1,10,4,-361.76,361.76,Expense,Completed,0,0
3881,TXN-003881,20240420,625,614,4,4,1,-496.09,496.09,Expense,Completed,0,0
3882,TXN-003882,20240321,499,352,11,,7,388.91,388.91,Income,Completed,0,0
3883,TXN-003883,20241025,267,705,3,18,3,-214.1,214.1,Expense,Completed,0,1
3884,TXN-003884,20230813,314,854,4,20,2,-329.12,329.12,Expense,Completed,0,0
3885,TXN-003885,20231119,399,764,5,7,7,-118.54,118.54,Expense,Completed,0,0
3886,TXN-003886,20230428,413,131,2,6,1,-1086.11,1086.11,Expense,Completed,0,1
3887,TXN-003887,20220509,203,942,2,13,6,-1762.06,1762.06,Expense,Completed,1,1
3888,TXN-003888,20220716,83,368,1,5,2,-53.52,53.52,Expense,Completed,0,0
3889,TXN-003889,20220929,644,533,20,,7,7062.72,7062.72,Income,Completed,0,0
3890,TXN-003890,20220618,244,486,4,17,4,-464.48,464.48,Expense,Completed,0,0
3891,TXN-003891,20220301,754,754,10,,3,14947.22,14947.22,Income,Completed,0,1
3892,TXN-003892,20240111,783,491,6,17,7,-21.84,21.84,Expense,Completed,0,0
3893,TXN-003893,20220405,238,438,3,13,5,-443.07,443.07,Expense,Failed,0,1
3894,TXN-003894,20240119,66,430,17,2,5,-12.53,12.53,Expense,Completed,0,1
3895,TXN-003895,20240424,167,932,1,7,1,-59.27,59.27,Expense,Completed,0,0
3896,TXN-003896,20241223,582,217,7,3,1,-177.17,177.17,Expense,Completed,0,0
3897,TXN-003897,20220707,337,606,7,2,7,-75.87,75.87,Expense,Completed,0,0
3898,TXN-003898,20240902,662,223,17,2,5,-60.96,60.96,Expense,Completed,0,1
3899,TXN-003899,20221021,768,620,17,9,5,-123.05,123.05,Expense,Completed,0,1
3900,TXN-003900,20241016,445,184,10,,4,1765.62,1765.62,Income,Completed,0,1
3901,TXN-003901,20230101,41,404,11,,4,371.04,371.04,Income,Completed,0,0
3902,TXN-003902,20221206,333,911,2,3,7,-1458.95,1458.95,Expense,Completed,0,1
3903,TXN-003903,20240807,220,846,5,15,2,-59.1,59.1,Expense,Failed,0,0
3904,TXN-003904,20230426,66,430,19,15,3,-392.61,392.61,Expense,Completed,0,0
3905,TXN-003905,20230625,120,130,7,13,7,-410.49,410.49,Expense,Completed,0,0
3906,TXN-003906,20240828,693,475,15,5,7,-447.81,447.81,Expense,Pending,0,1
3907,TXN-003907,20230329,356,43,16,3,3,-186.54,186.54,Expense,Completed,0,1
3908,TXN-003908,20220304,736,778,7,1,1,-180.94,180.94,Expense,Completed,0,0
3909,TXN-003909,20220101,769,413,3,19,5,-448.97,448.97,Expense,Completed,0,1
3910,TXN-003910,20220623,544,378,4,10,4,-329.22,329.22,Expense,Completed,0,0
3911,TXN-003911,20221010,533,674,11,,1,12.42,12.42,Income,Completed,0,0
3912,TXN-003912,20220802,644,344,16,14,6,-46.04,46.04,Expense,Completed,0,1
3913,TXN-003913,20220904,128,196,18,11,2,-2389.16,2389.16,Expense,Completed,0,0
3914,TXN-003914,20230727,675,362,2,1,3,-2843.02,2843.02,Expense,Completed,0,1
3915,TXN-003915,20230417,426,973,11,,3,252.49,252.49,Income,Completed,0,0
3916,TXN-003916,20220129,498,208,4,19,6,-234.74,234.74,Expense,Completed,0,0
3917,TXN-003917,20240512,590,313,4,9,1,-431.96,431.96,Expense,Completed,0,0
3918,TXN-003918,20220814,749,406,20,,2,8544.62,8544.62,Income,Failed,0,0
3919,TXN-003919,20240625,633,560,1,10,5,-463.67,463.67,Expense,Completed,0,0
3920,TXN-003920,20220307,600,788,10,,4,6518.23,6518.23,Income,Completed,0,1
3921,TXN-003921,20220303,243,827,3,1,5,-285.0,285.0,Expense,Completed,0,1
3922,TXN-003922,20241125,44,231,3,11,1,-89.05,89.05,Expense,Completed,0,1
3923,TXN-003923,20220929,418,453,13,,5,1730.95,1730.95,Transfer,Completed,0,0
3924,TXN-003924,20230620,236,17,10,,3,14238.99,14238.99,Income,Failed,0,1
3925,TXN-003925,20220806,263,616,10,,5,3191.46,3191.46,Income,Completed,0,1
3926,TXN-003926,20220422,653,777,5,6,7,-79.06,79.06,Expense,Completed,0,0
3927,TXN-003927,20221109,472,212,19,19,5,-195.86,195.86,Expense,Completed,0,0
3928,TXN-003928,20221009,62,744,10,,3,10440.97,10440.97,Income,Failed,0,1
3929,TXN-003929,20241016,590,313,20,,2,5350.25,5350.25,Income,Completed,0,0
3930,TXN-003930,20220515,661,751,3,1,1,-375.27,375.27,Expense,Completed,0,1
3931,TXN-003931,20220603,152,628,10,,3,10429.57,10429.57,Income,Completed,0,1
3932,TXN-003932,20230413,315,957,12,,7,1699.9,1699.9,Income,Completed,0,0
3933,TXN-003933,20220516,565,689,5,11,4,-112.49,112.49,Expense,Completed,0,0
3934,TXN-003934,20240817,79,39,10,,7,3098.48,3098.48,Income,Completed,0,1
3935,TXN-003935,20240313,586,474,7,2,3,-398.18,398.18,Expense,Completed,0,0
3936,TXN-003936,20241027,162,685,17,6,5,-124.21,124.21,Expense,Completed,0,1
3937,TXN-003937,20240512,571,977,12,,4,3759.04,3759.04,Income,Completed,0,0
3938,TXN-003938,20240122,498,208,18,18,3,-2631.04,2631.04,Expense,Completed,0,0
3939,TXN-003939,20220425,604,910,11,,1,475.26,475.26,Income,Pending,0,0
3940,TXN-003940,20230719,377,68,7,9,5,-70.03,70.03,Expense,Completed,0,0
3941,TXN-003941,20220718,208,78,3,20,4,-175.54,175.54,Expense,Completed,0,1
3942,TXN-003942,20240403,262,568,3,14,4,-317.5,317.5,Expense,Failed,0,1
3943,TXN-003943,20240222,410,476,15,10,7,-1926.98,1926.98,Expense,Completed,0,1
3944,TXN-003944,20240516,270,563,4,17,3,-469.9,469.9,Expense,Completed,0,0
3945,TXN-003945,20230323,418,92,13,,5,692.24,692.24,Transfer,Completed,0,0
3946,TXN-003946,20241002,517,394,4,4,2,-239.28,239.28,Expense,Completed,0,0
3947,TXN-003947,20231117,145,402,1,12,6,-183.44,183.44,Expense,Pending,0,0
3948,TXN-003948,20220525,323,784,2,19,4,-1098.91,1098.91,Expense,Completed,0,1
3949,TXN-003949,20231109,390,994,6,15,3,-22.93,22.93,Expense,Completed,0,0
3950,TXN-003950,20241014,784,140,7,4,6,-178.86,178.86,Expense,Completed,0,0
3951,TXN-003951,20220305,564,895,13,,4,4852.08,4852.08,Transfer,Failed,0,0
3952,TXN-003952,20241225,180,834,16,5,2,-293.19,293.19,Expense,Completed,0,1
3953,TXN-003953,20241002,758,170,7,4,2,-259.59,259.59,Expense,Failed,0,0
3954,TXN-003954,20240312,535,499,1,5,5,-327.58,327.58,Expense,Pending,0,0
3955,TXN-003955,20230101,76,929,2,19,7,-1120.36,1120.36,Expense,Completed,0,1
3956,TXN-003956,20240229,591,259,4,6,3,-150.62,150.62,Expense,Completed,0,0
3957,TXN-003957,20230827,152,628,4,17,7,-378.0,378.0,Expense,Completed,0,0
3958,TXN-003958,20231221,473,479,2,2,6,-926.04,926.04,Expense,Completed,0,1
3959,TXN-003959,20240613,658,735,8,8,7,-430.58,430.58,Expense,Completed,0,0
3960,TXN-003960,20220511,268,459,18,7,3,-1150.54,1150.54,Expense,Completed,0,0
3961,TXN-003961,20230215,291,174,7,2,5,-395.18,395.18,Expense,Pending,0,0
3962,TXN-003962,20230329,633,560,10,,5,2740.12,2740.12,Income,Completed,0,1
3963,TXN-003963,20240521,179,799,18,4,3,-2323.59,2323.59,Expense,Failed,0,0
3964,TXN-003964,20240802,622,906,10,,7,6981.24,6981.24,Income,Completed,0,1
3965,TXN-003965,20230129,427,787,13,,6,3292.38,3292.38,Transfer,Completed,0,0
3966,TXN-003966,20241021,471,554,7,7,1,-265.0,265.0,Expense,Completed,1,0
3967,TXN-003967,20220427,693,583,2,7,3,-1405.31,1405.31,Expense,Completed,0,1
3968,TXN-003968,20230722,137,134,13,,7,1928.98,1928.98,Transfer,Completed,0,0
3969,TXN-003969,20240316,304,411,10,,6,8317.13,8317.13,Income,Completed,0,1
3970,TXN-003970,20220801,544,774,1,17,2,-119.79,119.79,Expense,Completed,0,0
3971,TXN-003971,20231020,622,906,5,1,7,-8.38,8.38,Expense,Completed,0,0
3972,TXN-003972,20220528,46,380,3,8,1,-225.79,225.79,Expense,Failed,0,1
3973,TXN-003973,20240422,337,606,7,6,4,-429.81,429.81,Expense,Completed,0,0
3974,TXN-003974,20220401,244,21,2,2,6,-1530.66,1530.66,Expense,Completed,0,1
3975,TXN-003975,20241122,205,188,10,,5,9457.69,9457.69,Income,Completed,0,1
3976,TXN-003976,20240902,612,782,1,6,7,-55.18,55.18,Expense,Pending,0,0
3977,TXN-003977,20230720,789,193,7,19,1,-162.53,162.53,Expense,Completed,1,0
3978,TXN-003978,20230220,279,838,7,19,2,-89.15,89.15,Expense,Completed,0,0
3979,TXN-003979,20220820,586,474,10,,2,5390.47,5390.47,Income,Completed,0,1
3980,TXN-003980,20221224,246,656,13,,3,1381.51,1381.51,Transfer,Completed,0,0
3981,TXN-003981,20220210,341,98,1,12,4,-475.13,475.13,Expense,Completed,0,0
3982,TXN-003982,20230426,660,902,4,13,7,-459.65,459.65,Expense,Completed,0,0
3983,TXN-003983,20241014,198,29,4,20,1,-336.43,336.43,Expense,Pending,0,0
3984,TXN-003984,20220801,196,922,2,15,3,-1413.69,1413.69,Expense,Failed,0,1
3985,TXN-003985,20241002,132,935,6,8,7,-67.22,67.22,Expense,Completed,0,0
3986,TXN-003986,20231231,137,165,12,,6,761.72,761.72,Income,Completed,0,0
3987,TXN-003987,20220307,231,201,4,20,5,-192.07,192.07,Expense,Completed,0,0
3988,TXN-003988,20221030,325,329,1,16,7,-354.77,354.77,Expense,Completed,0,0
3989,TXN-003989,20220816,699,657,5,12,7,-76.42,76.42,Expense,Reversed,0,0
3990,TXN-003990,20240823,196,922,3,1,4,-28.11,28.11,Expense,Completed,0,1
3991,TXN-003991,20230510,105,978,10,,1,8964.15,8964.15,Income,Completed,0,1
3992,TXN-003992,20220317,798,269,14,,2,-2239.06,2239.06,Transfer,Completed,0,0
3993,TXN-003993,20230710,151,251,7,16,2,-352.12,352.12,Expense,Completed,0,0
3994,TXN-003994,20220611,97,80,7,18,7,-125.52,125.52,Expense,Completed,0,0
3995,TXN-003995,20241002,622,906,19,5,5,-481.61,481.61,Expense,Completed,0,0
3996,TXN-003996,20230507,359,267,1,7,2,-165.37,165.37,Expense,Completed,0,0
3997,TXN-003997,20240704,262,435,12,,5,1964.63,1964.63,Income,Completed,0,0
3998,TXN-003998,20241214,644,533,1,13,3,-280.6,280.6,Expense,Completed,0,0
3999,TXN-003999,20241019,176,718,4,15,1,-149.16,149.16,Expense,Completed,0,0
4000,TXN-004000,20221007,453,129,4,14,3,-78.29,78.29,Expense,Completed,0,0
4001,TXN-004001,20230526,741,22,12,,4,1999.76,1999.76,Income,Completed,0,0
4002,TXN-004002,20231105,206,113,1,20,5,-57.74,57.74,Expense,Reversed,0,0
4003,TXN-004003,20241024,678,769,14,,4,-2792.38,2792.38,Transfer,Completed,0,0
4004,TXN-004004,20230930,295,415,19,11,3,-402.65,402.65,Expense,Completed,0,0
4005,TXN-004005,20220720,427,665,1,19,2,-113.55,113.55,Expense,Completed,0,0
4006,TXN-004006,20240317,763,333,11,,6,371.06,371.06,Income,Completed,0,0
4007,TXN-004007,20220118,363,6,10,,6,10049.17,10049.17,Income,Failed,0,1
4008,TXN-004008,20221115,298,82,15,6,1,-1317.99,1317.99,Expense,Completed,0,1
4009,TXN-004009,20220808,619,42,4,12,4,-69.68,69.68,Expense,Pending,0,0
4010,TXN-004010,20220619,325,232,3,19,6,-389.87,389.87,Expense,Completed,0,1
4011,TXN-004011,20221028,471,437,12,,4,4368.89,4368.89,Income,Completed,0,0
4012,TXN-004012,20240804,582,485,1,11,1,-434.8,434.8,Expense,Completed,0,0
4013,TXN-004013,20240424,2,4,2,8,5,-2633.89,2633.89,Expense,Completed,0,1
4014,TXN-004014,20220629,782,28,4,7,7,-488.04,488.04,Expense,Completed,0,0
4015,TXN-004015,20220804,753,507,13,,7,2107.54,2107.54,Transfer,Completed,0,0
4016,TXN-004016,20230812,531,323,18,15,6,-2647.33,2647.33,Expense,Completed,0,0
4017,TXN-004017,20240602,506,719,16,7,6,-156.51,156.51,Expense,Pending,0,1
4018,TXN-004018,20230703,231,889,10,,2,11419.96,11419.96,Income,Failed,0,1
4019,TXN-004019,20230225,619,42,5,18,7,-132.08,132.08,Expense,Completed,0,0
4020,TXN-004020,20240504,200,33,16,17,6,-419.1,419.1,Expense,Completed,0,1
4021,TXN-004021,20230501,112,896,13,,3,3447.24,3447.24,Transfer,Completed,0,0
4022,TXN-004022,20230827,20,602,8,8,1,-475.04,475.04,Expense,Completed,0,0
4023,TXN-004023,20240412,337,303,7,13,2,-234.6,234.6,Expense,Failed,0,0
4024,TXN-004024,20230802,24,991,1,2,7,-372.13,372.13,Expense,Completed,0,0
4025,TXN-004025,20231201,92,678,13,,2,664.51,664.51,Transfer,Completed,1,0
4026,TXN-004026,20240430,352,765,2,15,6,-1892.28,1892.28,Expense,Reversed,0,1
4027,TXN-004027,20231223,24,991,10,,2,7838.66,7838.66,Income,Completed,1,1
4028,TXN-004028,20230130,596,448,10,,2,2614.25,2614.25,Income,Completed,0,1
4029,TXN-004029,20230626,322,690,3,5,1,-133.34,133.34,Expense,Pending,0,1
4030,TXN-004030,20220213,323,175,11,,1,172.97,172.97,Income,Completed,0,0
4031,TXN-004031,20231127,308,339,2,1,6,-1848.37,1848.37,Expense,Completed,1,1
4032,TXN-004032,20220903,2,4,17,20,5,-122.6,122.6,Expense,Completed,0,1
4033,TXN-004033,20231023,90,618,4,7,2,-110.54,110.54,Expense,Completed,0,0
4034,TXN-004034,20240529,558,617,4,4,7,-138.99,138.99,Expense,Completed,0,0
4035,TXN-004035,20220731,91,676,7,8,6,-295.28,295.28,Expense,Failed,0,0
4036,TXN-004036,20240202,250,488,17,3,4,-108.78,108.78,Expense,Completed,0,1
4037,TXN-004037,20230327,567,370,10,,2,6616.6,6616.6,Income,Completed,0,1
4038,TXN-004038,20230615,291,174,3,9,6,-288.68,288.68,Expense,Completed,0,1
4039,TXN-004039,20221104,613,601,2,8,2,-1355.91,1355.91,Expense,Completed,0,1
4040,TXN-004040,20240511,197,907,2,7,1,-2770.26,2770.26,Expense,Completed,0,1
4041,TXN-004041,20220307,250,177,13,,2,4051.01,4051.01,Transfer,Completed,0,0
4042,TXN-004042,20241014,325,329,11,,4,111.24,111.24,Income,Completed,0,0
4043,TXN-004043,20240117,658,501,4,13,6,-335.49,335.49,Expense,Completed,0,0
4044,TXN-004044,20231008,109,938,5,12,2,-16.97,16.97,Expense,Failed,0,0
4045,TXN-004045,20230319,791,54,16,12,3,-186.13,186.13,Expense,Failed,0,1
4046,TXN-004046,20220622,586,474,13,,5,194.63,194.63,Transfer,Completed,0,0
4047,TXN-004047,20240617,109,572,13,,2,3250.28,3250.28,Transfer,Failed,0,0
4048,TXN-004048,20240710,628,637,11,,3,181.9,181.9,Income,Completed,0,0
4049,TXN-004049,20230215,114,461,10,,4,3557.2,3557.2,Income,Completed,0,1
4050,TXN-004050,20220730,350,213,1,13,4,-29.04,29.04,Expense,Completed,0,0
4051,TXN-004051,20241211,442,776,8,9,4,-426.89,426.89,Expense,Failed,0,0
4052,TXN-004052,20220522,615,939,3,2,1,-358.54,358.54,Expense,Completed,0,1
4053,TXN-004053,20220308,395,996,1,11,3,-58.73,58.73,Expense,Completed,0,0
4054,TXN-004054,20220321,684,826,19,16,4,-233.13,233.13,Expense,Completed,0,0
4055,TXN-004055,20240702,106,569,1,7,3,-164.17,164.17,Expense,Completed,0,0
4056,TXN-004056,20230915,508,816,16,13,3,-213.26,213.26,Expense,Completed,0,1
4057,TXN-004057,20240317,42,539,5,19,2,-108.26,108.26,Expense,Completed,0,0
4058,TXN-004058,20230413,270,759,1,12,6,-127.58,127.58,Expense,Completed,0,0
4059,TXN-004059,20240215,517,917,7,5,7,-49.06,49.06,Expense,Completed,0,0
4060,TXN-004060,20230928,664,451,2,11,3,-1263.88,1263.88,Expense,Completed,0,1
4061,TXN-004061,20240818,517,917,8,13,5,-123.73,123.73,Expense,Failed,0,0
4062,TXN-004062,20220409,577,908,12,,7,1985.58,1985.58,Income,Completed,0,0
4063,TXN-004063,20241027,703,496,14,,3,-1745.43,1745.43,Transfer,Completed,0,0
4064,TXN-004064,20220614,634,727,14,,3,-4885.29,4885.29,Transfer,Failed,0,0
4065,TXN-004065,20220513,472,212,2,7,2,-1726.89,1726.89,Expense,Completed,0,1
4066,TXN-004066,20230707,758,170,10,,5,10006.69,10006.69,Income,Reversed,0,1
4067,TXN-004067,20220123,598,90,7,20,4,-257.43,257.43,Expense,Completed,0,0
4068,TXN-004068,20240718,637,706,6,13,4,-8.54,8.54,Expense,Completed,0,0
4069,TXN-004069,20240715,725,192,7,5,2,-234.02,234.02,Expense,Completed,0,0
4070,TXN-004070,20220329,61,144,7,11,7,-481.72,481.72,Expense,Completed,0,0
4071,TXN-004071,20220410,645,480,18,7,6,-981.47,981.47,Expense,Completed,0,0
4072,TXN-004072,20220917,254,285,1,15,6,-396.41,396.41,Expense,Completed,0,0
4073,TXN-004073,20220510,673,277,2,13,5,-2340.58,2340.58,Expense,Completed,0,1
4074,TXN-004074,20240115,699,468,6,3,3,-119.19,119.19,Expense,Completed,0,0
4075,TXN-004075,20240407,358,966,2,19,3,-1194.06,1194.06,Expense,Completed,0,1
4076,TXN-004076,20231004,279,154,10,,2,9964.12,9964.12,Income,Completed,0,1
4077,TXN-004077,20230127,209,509,8,5,5,-497.65,497.65,Expense,Completed,0,0
4078,TXN-004078,20220605,305,985,15,5,1,-1292.24,1292.24,Expense,Completed,0,1
4079,TXN-004079,20240129,685,289,15,17,1,-1195.11,1195.11,Expense,Completed,0,1
4080,TXN-004080,20220503,205,156,9,18,6,-202.03,202.03,Expense,Pending,1,0
4081,TXN-004081,20230604,623,63,7,12,7,-186.13,186.13,Expense,Completed,0,0
4082,TXN-004082,20220709,168,878,1,7,3,-246.39,246.39,Expense,Completed,0,0
4083,TXN-004083,20230822,415,712,10,,4,10267.72,10267.72,Income,Completed,0,1
4084,TXN-004084,20241208,543,963,11,,3,422.57,422.57,Income,Completed,0,0
4085,TXN-004085,20221015,108,358,4,14,6,-481.1,481.1,Expense,Completed,0,0
4086,TXN-004086,20240408,490,262,9,9,6,-426.44,426.44,Expense,Completed,0,0
4087,TXN-004087,20220731,791,54,1,14,5,-400.22,400.22,Expense,Completed,0,0
4088,TXN-004088,20240303,699,468,10,,5,7106.86,7106.86,Income,Completed,0,1
4089,TXN-004089,20231011,635,952,3,2,1,-21.89,21.89,Expense,Completed,0,1
4090,TXN-004090,20240830,638,178,3,19,2,-365.38,365.38,Expense,Completed,0,1
4091,TXN-004091,20240315,727,204,5,19,4,-34.26,34.26,Expense,Pending,0,0
4092,TXN-004092,20231103,649,433,1,12,1,-232.0,232.0,Expense,Completed,0,0
4093,TXN-004093,20221221,48,711,14,,6,-3233.25,3233.25,Transfer,Completed,0,0
4094,TXN-004094,20230307,718,41,10,,1,7035.08,7035.08,Income,Completed,0,1
4095,TXN-004095,20230109,161,381,15,18,1,-999.75,999.75,Expense,Pending,1,1
4096,TXN-004096,20230915,490,262,1,4,6,-271.4,271.4,Expense,Completed,0,0
4097,TXN-004097,20240319,62,561,14,,6,-4954.61,4954.61,Transfer,Completed,0,0
4098,TXN-004098,20230511,206,138,4,4,7,-203.29,203.29,Expense,Completed,0,0
4099,TXN-004099,20220514,206,325,11,,4,316.56,316.56,Income,Completed,0,0
4100,TXN-004100,20230103,713,851,1,14,6,-316.84,316.84,Expense,Completed,0,0
4101,TXN-004101,20240205,502,651,14,,5,-2070.19,2070.19,Transfer,Completed,0,0
4102,TXN-004102,20240512,612,782,13,,3,571.58,571.58,Transfer,Completed,0,0
4103,TXN-004103,20230620,14,310,17,15,1,-105.54,105.54,Expense,Pending,0,1
4104,TXN-004104,20220416,725,192,16,16,6,-223.15,223.15,Expense,Pending,0,1
4105,TXN-004105,20220427,398,580,3,18,7,-181.68,181.68,Expense,Reversed,0,1
4106,TXN-004106,20231019,332,756,10,,5,1739.32,1739.32,Income,Completed,0,1
4107,TXN-004107,20220306,189,243,1,12,4,-119.88,119.88,Expense,Reversed,0,0
4108,TXN-004108,20240612,405,570,14,,4,-3561.32,3561.32,Transfer,Failed,0,0
4109,TXN-004109,20241119,720,696,5,17,5,-34.12,34.12,Expense,Pending,0,0
4110,TXN-004110,20231005,230,887,3,16,6,-49.38,49.38,Expense,Pending,0,1
4111,TXN-004111,20230715,30,528,1,10,1,-372.81,372.81,Expense,Completed,0,0
4112,TXN-004112,20240529,35,965,12,,6,440.15,440.15,Income,Failed,0,0
4113,TXN-004113,20230109,127,644,14,,4,-4196.37,4196.37,Transfer,Completed,0,0
4114,TXN-004114,20230603,84,791,13,,3,2823.12,2823.12,Transfer,Completed,0,0
4115,TXN-004115,20221226,658,501,2,14,7,-1748.19,1748.19,Expense,Completed,0,1
4116,TXN-004116,20230207,785,819,5,2,3,-34.94,34.94,Expense,Completed,0,0
4117,TXN-004117,20230518,777,440,6,13,4,-134.12,134.12,Expense,Completed,0,0
4118,TXN-004118,20230114,41,393,5,1,4,-96.49,96.49,Expense,Completed,0,0
4119,TXN-004119,20240612,308,806,1,18,3,-259.79,259.79,Expense,Completed,0,0
4120,TXN-004120,20240313,706,481,6,7,2,-8.34,8.34,Expense,Pending,0,0
4121,TXN-004121,20220728,555,332,11,,7,320.04,320.04,Income,Completed,0,0
4122,TXN-004122,20230131,203,942,6,20,1,-35.06,35.06,Expense,Completed,0,0
4123,TXN-004123,20221225,751,409,15,14,5,-1404.01,1404.01,Expense,Completed,0,1
4124,TXN-004124,20221122,798,984,8,19,6,-269.03,269.03,Expense,Completed,0,0
4125,TXN-004125,20231231,230,887,16,12,2,-267.15,267.15,Expense,Completed,0,1
4126,TXN-004126,20220521,355,884,3,19,2,-327.94,327.94,Expense,Completed,0,1
4127,TXN-004127,20240908,310,142,5,1,4,-28.57,28.57,Expense,Pending,0,0
4128,TXN-004128,20221220,598,90,17,17,4,-87.76,87.76,Expense,Pending,1,1
4129,TXN-004129,20241003,338,86,1,2,3,-393.01,393.01,Expense,Completed,0,0
4130,TXN-004130,20220404,718,139,9,6,4,-111.36,111.36,Expense,Completed,0,0
4131,TXN-004131,20231227,275,132,7,10,4,-476.49,476.49,Expense,Completed,0,0
4132,TXN-004132,20221225,184,931,10,,4,13097.89,13097.89,Income,Failed,0,1
4133,TXN-004133,20230715,566,297,11,,3,54.52,54.52,Income,Completed,0,0
4134,TXN-004134,20240810,447,302,8,16,6,-21.73,21.73,Expense,Completed,0,0
4135,TXN-004135,20220526,749,406,12,,3,2790.73,2790.73,Income,Completed,0,0
4136,TXN-004136,20240601,430,862,5,3,1,-131.65,131.65,Expense,Completed,0,0
4137,TXN-004137,20220117,283,211,11,,5,79.41,79.41,Income,Completed,0,0
4138,TXN-004138,20240210,743,3,10,,5,13861.52,13861.52,Income,Completed,0,1
4139,TXN-004139,20240412,664,451,18,13,5,-844.0,844.0,Expense,Completed,0,0
4140,TXN-004140,20221222,209,983,14,,1,-4147.28,4147.28,Transfer,Completed,0,0
4141,TXN-004141,20230203,516,155,14,,2,-2961.15,2961.15,Transfer,Completed,0,0
4142,TXN-004142,20220728,469,226,15,5,4,-1415.17,1415.17,Expense,Completed,0,1
4143,TXN-004143,20240127,703,496,13,,5,4018.34,4018.34,Transfer,Completed,0,0
4144,TXN-004144,20220427,186,431,19,17,4,-175.28,175.28,Expense,Completed,0,0
4145,TXN-004145,20240610,699,657,13,,3,4142.3,4142.3,Transfer,Completed,0,0
4146,TXN-004146,20220407,231,201,18,6,7,-2846.3,2846.3,Expense,Completed,0,0
4147,TXN-004147,20230203,85,760,10,,1,14857.86,14857.86,Income,Completed,0,1
4148,TXN-004148,20241107,698,346,10,,4,2749.88,2749.88,Income,Pending,0,1
4149,TXN-004149,20230427,544,774,18,10,5,-2961.81,2961.81,Expense,Completed,0,0
4150,TXN-004150,20240204,427,520,5,15,1,-52.64,52.64,Expense,Reversed,0,0
4151,TXN-004151,20220408,382,802,3,6,3,-228.28,228.28,Expense,Completed,0,1
4152,TXN-004152,20220416,232,666,3,16,3,-182.37,182.37,Expense,Completed,0,1
4153,TXN-004153,20230411,301,853,18,9,6,-2230.13,2230.13,Expense,Completed,0,0
4154,TXN-004154,20240107,269,304,5,1,6,-35.15,35.15,Expense,Completed,0,0
4155,TXN-004155,20221001,159,372,1,9,2,-83.02,83.02,Expense,Pending,0,0
4156,TXN-004156,20220406,419,477,1,11,7,-392.45,392.45,Expense,Completed,0,0
4157,TXN-004157,20231013,161,381,9,13,5,-369.77,369.77,Expense,Completed,0,0
4158,TXN-004158,20230918,770,320,5,6,5,-47.28,47.28,Expense,Completed,0,0
4159,TXN-004159,20231229,687,940,10,,7,2739.82,2739.82,Income,Completed,0,1
4160,TXN-004160,20230130,475,702,1,11,2,-37.92,37.92,Expense,Completed,0,0
4161,TXN-004161,20240815,340,312,1,18,4,-174.83,174.83,Expense,Completed,0,0
4162,TXN-004162,20220417,75,250,1,14,4,-376.09,376.09,Expense,Failed,0,0
4163,TXN-004163,20230919,422,12,4,8,1,-374.64,374.64,Expense,Failed,0,0
4164,TXN-004164,20221220,422,12,3,17,4,-335.96,335.96,Expense,Completed,0,1
4165,TXN-004165,20230729,644,344,6,5,7,-125.83,125.83,Expense,Completed,0,0
4166,TXN-004166,20230811,240,636,11,,7,448.26,448.26,Income,Pending,0,0
4167,TXN-004167,20230214,97,997,7,15,4,-148.66,148.66,Expense,Completed,0,0
4168,TXN-004168,20240716,262,435,10,,7,6579.33,6579.33,Income,Failed,0,1
4169,TXN-004169,20240901,618,58,15,8,3,-1198.59,1198.59,Expense,Completed,0,1
4170,TXN-004170,20240326,384,449,11,,6,224.44,224.44,Income,Completed,0,0
4171,TXN-004171,20220313,609,354,5,17,5,-99.37,99.37,Expense,Completed,0,0
4172,TXN-004172,20220616,627,527,13,,5,1849.31,1849.31,Transfer,Completed,0,0
4173,TXN-004173,20230111,2,681,11,,7,186.53,186.53,Income,Failed,0,0
4174,TXN-004174,20240919,707,484,2,1,5,-1601.56,1601.56,Expense,Completed,0,1
4175,TXN-004175,20220527,703,198,11,,5,263.81,263.81,Income,Pending,0,0
4176,TXN-004176,20230717,492,51,13,,5,1130.11,1130.11,Transfer,Completed,0,0
4177,TXN-004177,20240508,476,574,4,6,7,-110.56,110.56,Expense,Completed,0,0
4178,TXN-004178,20230904,489,647,4,14,5,-410.02,410.02,Expense,Completed,0,0
4179,TXN-004179,20220225,474,698,10,,5,13549.62,13549.62,Income,Failed,0,1
4180,TXN-004180,20220816,6,387,5,8,2,-81.17,81.17,Expense,Failed,0,0
4181,TXN-004181,20231031,699,468,2,17,2,-2238.26,2238.26,Expense,Completed,0,1
4182,TXN-004182,20241112,548,350,10,,3,12419.7,12419.7,Income,Completed,0,1
4183,TXN-004183,20241031,451,457,10,,3,13510.84,13510.84,Income,Completed,0,1
4184,TXN-004184,20240213,229,340,10,,7,6733.28,6733.28,Income,Completed,0,1
4185,TXN-004185,20220103,35,893,6,14,3,-40.87,40.87,Expense,Completed,0,0
4186,TXN-004186,20220903,152,628,13,,5,1989.18,1989.18,Transfer,Completed,0,0
4187,TXN-004187,20240629,516,155,10,,6,10098.48,10098.48,Income,Completed,1,1
4188,TXN-004188,20240216,439,545,12,,7,4620.18,4620.18,Income,Completed,1,0
4189,TXN-004189,20220324,480,814,10,,3,10041.49,10041.49,Income,Completed,0,1
4190,TXN-004190,20220819,658,501,7,15,2,-479.05,479.05,Expense,Failed,0,0
4191,TXN-004191,20231230,653,50,3,17,5,-93.77,93.77,Expense,Completed,0,1
4192,TXN-004192,20231220,159,372,4,16,3,-193.41,193.41,Expense,Completed,0,0
4193,TXN-004193,20240125,675,362,3,4,3,-81.25,81.25,Expense,Pending,1,1
4194,TXN-004194,20221015,427,520,9,11,4,-207.83,207.83,Expense,Completed,0,0
4195,TXN-004195,20220422,613,601,5,12,6,-125.33,125.33,Expense,Completed,0,0
4196,TXN-004196,20231112,109,572,14,,5,-1759.56,1759.56,Transfer,Failed,0,0
4197,TXN-004197,20240113,510,551,8,20,6,-284.73,284.73,Expense,Completed,0,0
4198,TXN-004198,20230717,537,331,1,6,1,-160.83,160.83,Expense,Completed,0,0
4199,TXN-004199,20230521,523,45,14,,5,-220.97,220.97,Transfer,Completed,0,0
4200,TXN-004200,20230104,615,939,1,13,2,-116.72,116.72,Expense,Failed,0,0
4201,TXN-004201,20230228,460,487,16,17,5,-245.76,245.76,Expense,Pending,0,1
4202,TXN-004202,20231128,727,204,12,,6,1793.84,1793.84,Income,Reversed,0,0
4203,TXN-004203,20240213,23,894,10,,5,8014.77,8014.77,Income,Completed,0,1
4204,TXN-004204,20231029,48,615,6,3,7,-70.1,70.1,Expense,Completed,0,0
4205,TXN-004205,20240811,516,155,4,1,7,-136.87,136.87,Expense,Completed,0,0
4206,TXN-004206,20230606,355,886,1,12,2,-218.61,218.61,Expense,Failed,0,0
4207,TXN-004207,20240816,658,501,13,,1,4366.53,4366.53,Transfer,Completed,0,0
4208,TXN-004208,20241222,727,405,2,18,4,-2588.03,2588.03,Expense,Completed,1,1
4209,TXN-004209,20240526,5,672,13,,7,624.78,624.78,Transfer,Completed,1,0
4210,TXN-004210,20230424,250,488,5,1,2,-10.85,10.85,Expense,Failed,0,0
4211,TXN-004211,20231008,222,79,10,,6,7068.27,7068.27,Income,Completed,0,1
4212,TXN-004212,20240806,323,784,7,18,7,-318.59,318.59,Expense,Completed,0,0
4213,TXN-004213,20240117,721,11,2,11,6,-2893.32,2893.32,Expense,Completed,0,1
4214,TXN-004214,20220428,205,156,16,12,4,-100.7,100.7,Expense,Completed,0,1
4215,TXN-004215,20220210,569,72,4,8,5,-332.61,332.61,Expense,Completed,0,0
4216,TXN-004216,20220102,279,465,14,,5,-2142.12,2142.12,Transfer,Completed,0,0
4217,TXN-004217,20220224,371,436,8,4,5,-486.89,486.89,Expense,Completed,0,0
4218,TXN-004218,20231123,582,485,5,9,2,-50.39,50.39,Expense,Completed,0,0
4219,TXN-004219,20220219,187,416,12,,5,528.15,528.15,Income,Failed,0,0
4220,TXN-004220,20240225,687,107,4,6,3,-440.45,440.45,Expense,Completed,0,0
4221,TXN-004221,20220217,161,844,2,6,6,-1850.59,1850.59,Expense,Failed,0,1
4222,TXN-004222,20231121,561,24,7,12,2,-55.87,55.87,Expense,Pending,0,0
4223,TXN-004223,20241027,637,899,20,,4,6131.31,6131.31,Income,Completed,0,0
4224,TXN-004224,20230717,226,626,3,14,1,-450.63,450.63,Expense,Completed,0,1
4225,TXN-004225,20220510,499,352,8,12,2,-330.05,330.05,Expense,Pending,0,0
4226,TXN-004226,20230827,713,851,1,19,4,-396.21,396.21,Expense,Completed,0,0
4227,TXN-004227,20221118,64,694,11,,6,299.91,299.91,Income,Completed,0,0
4228,TXN-004228,20230216,301,853,4,7,3,-472.54,472.54,Expense,Pending,0,0
4229,TXN-004229,20240212,275,132,3,3,7,-166.25,166.25,Expense,Completed,0,1
4230,TXN-004230,20240116,385,758,1,18,6,-118.25,118.25,Expense,Completed,0,0
4231,TXN-004231,20230719,450,783,10,,7,10172.67,10172.67,Income,Completed,0,1
4232,TXN-004232,20241224,506,635,1,9,2,-432.42,432.42,Expense,Completed,0,0
4233,TXN-004233,20220307,389,941,10,,5,13036.16,13036.16,Income,Completed,0,1
4234,TXN-004234,20220605,648,279,10,,5,6057.37,6057.37,Income,Pending,0,1
4235,TXN-004235,20240428,94,552,4,5,4,-427.1,427.1,Expense,Pending,0,0
4236,TXN-004236,20230525,276,738,2,17,6,-1305.91,1305.91,Expense,Completed,0,1
4237,TXN-004237,20241026,143,789,10,,6,11461.66,11461.66,Income,Completed,0,1
4238,TXN-004238,20220805,600,741,17,14,5,-13.49,13.49,Expense,Completed,0,1
4239,TXN-004239,20230806,41,404,3,4,4,-208.49,208.49,Expense,Completed,0,1
4240,TXN-004240,20221017,28,64,11,,2,27.23,27.23,Income,Completed,0,0
4241,TXN-004241,20231205,38,847,5,15,2,-83.08,83.08,Expense,Completed,0,0
4242,TXN-004242,20240609,638,863,20,,6,5450.32,5450.32,Income,Completed,0,0
4243,TXN-004243,20230315,635,952,6,11,2,-72.31,72.31,Expense,Completed,1,0
4244,TXN-004244,20221116,217,376,14,,7,-789.81,789.81,Transfer,Completed,0,0
4245,TXN-004245,20241018,471,554,4,18,4,-386.21,386.21,Expense,Completed,1,0
4246,TXN-004246,20220801,413,131,1,1,3,-234.44,234.44,Expense,Completed,0,0
4247,TXN-004247,20230710,141,877,7,15,1,-463.55,463.55,Expense,Completed,0,0
4248,TXN-004248,20230619,506,719,13,,3,3464.36,3464.36,Transfer,Failed,0,0
4249,TXN-004249,20220326,111,210,10,,5,7498.88,7498.88,Income,Pending,0,1
4250,TXN-004250,20240730,129,771,11,,3,242.56,242.56,Income,Completed,0,0
4251,TXN-004251,20240907,30,897,1,19,5,-328.7,328.7,Expense,Failed,0,0
4252,TXN-004252,20230901,53,621,5,4,6,-40.74,40.74,Expense,Pending,0,0
4253,TXN-004253,20220821,553,171,14,,4,-1098.26,1098.26,Transfer,Completed,0,0
4254,TXN-004254,20231031,200,67,11,,2,116.13,116.13,Income,Pending,0,0
4255,TXN-004255,20220401,684,367,13,,6,2992.82,2992.82,Transfer,Completed,0,0
4256,TXN-004256,20230331,415,712,15,18,5,-508.97,508.97,Expense,Completed,0,1
4257,TXN-004257,20240226,357,309,14,,1,-111.87,111.87,Transfer,Completed,0,0
4258,TXN-004258,20220430,675,581,5,17,1,-33.57,33.57,Expense,Completed,0,0
4259,TXN-004259,20220825,395,169,7,2,1,-374.06,374.06,Expense,Completed,0,0
4260,TXN-004260,20230113,277,623,17,6,2,-127.71,127.71,Expense,Completed,0,1
4261,TXN-004261,20230425,355,884,1,3,5,-416.83,416.83,Expense,Completed,0,0
4262,TXN-004262,20240430,638,863,1,2,6,-284.83,284.83,Expense,Completed,0,0
4263,TXN-004263,20240611,297,562,18,3,2,-2391.39,2391.39,Expense,Completed,0,0
4264,TXN-004264,20231227,461,670,13,,2,2199.52,2199.52,Transfer,Pending,0,0
4265,TXN-004265,20231106,262,492,10,,7,5690.51,5690.51,Income,Completed,0,1
4266,TXN-004266,20220208,312,464,5,14,3,-27.34,27.34,Expense,Completed,0,0
4267,TXN-004267,20231015,91,873,7,5,5,-299.65,299.65,Expense,Completed,1,0
4268,TXN-004268,20220511,74,725,6,14,6,-88.68,88.68,Expense,Completed,0,0
4269,TXN-004269,20220418,177,867,1,14,7,-331.46,331.46,Expense,Completed,0,0
4270,TXN-004270,20231225,44,652,10,,7,13689.53,13689.53,Income,Completed,0,1
4271,TXN-004271,20240813,172,979,12,,3,381.77,381.77,Income,Completed,0,0
4272,TXN-004272,20230609,461,670,10,,5,13827.86,13827.86,Income,Completed,0,1
4273,TXN-004273,20230721,280,9,4,18,4,-80.65,80.65,Expense,Completed,0,0
4274,TXN-004274,20220730,591,259,5,6,1,-123.06,123.06,Expense,Completed,0,0
4275,TXN-004275,20230204,444,720,13,,7,462.2,462.2,Transfer,Failed,0,0
4276,TXN-004276,20230828,48,964,3,12,7,-25.88,25.88,Expense,Completed,0,1
4277,TXN-004277,20240829,708,150,1,12,5,-93.61,93.61,Expense,Completed,0,0
4278,TXN-004278,20240627,79,535,2,2,3,-2397.32,2397.32,Expense,Failed,0,1
4279,TXN-004279,20220206,553,693,5,3,5,-10.85,10.85,Expense,Completed,0,0
4280,TXN-004280,20240703,500,349,6,20,6,-55.42,55.42,Expense,Completed,0,0
4281,TXN-004281,20230522,697,447,7,7,2,-248.48,248.48,Expense,Completed,0,0
4282,TXN-004282,20230922,506,604,11,,1,29.65,29.65,Income,Completed,0,0
4283,TXN-004283,20220604,323,122,3,10,4,-195.0,195.0,Expense,Completed,0,1
4284,TXN-004284,20230922,427,665,4,19,4,-44.88,44.88,Expense,Pending,0,0
4285,TXN-004285,20240917,527,975,12,,6,2474.58,2474.58,Income,Completed,0,0
4286,TXN-004286,20220629,30,897,13,,1,508.94,508.94,Transfer,Completed,0,0
4287,TXN-004287,20240821,767,316,7,19,2,-188.89,188.89,Expense,Completed,0,0
4288,TXN-004288,20241017,301,853,18,12,2,-1762.05,1762.05,Expense,Failed,0,0
4289,TXN-004289,20220706,217,376,18,3,7,-2043.77,2043.77,Expense,Completed,0,0
4290,TXN-004290,20220702,240,650,12,,4,4030.24,4030.24,Income,Completed,0,0
4291,TXN-004291,20240909,30,897,17,12,1,-134.44,134.44,Expense,Completed,0,1
4292,TXN-004292,20230125,787,163,7,16,6,-174.33,174.33,Expense,Completed,0,0
4293,TXN-004293,20230411,687,940,7,10,7,-300.66,300.66,Expense,Pending,0,0
4294,TXN-004294,20230506,393,707,1,14,5,-264.07,264.07,Expense,Completed,0,0
4295,TXN-004295,20230709,304,411,14,,6,-2278.49,2278.49,Transfer,Completed,0,0
4296,TXN-004296,20231101,414,298,5,10,2,-114.52,114.52,Expense,Pending,0,0
4297,TXN-004297,20240722,543,963,14,,1,-2551.28,2551.28,Transfer,Completed,0,0
4298,TXN-004298,20231216,119,703,1,2,2,-115.1,115.1,Expense,Completed,0,0
4299,TXN-004299,20230721,751,951,1,3,7,-205.67,205.67,Expense,Pending,0,0
4300,TXN-004300,20241224,650,770,1,15,4,-387.42,387.42,Expense,Completed,0,0
4301,TXN-004301,20230608,415,967,17,5,4,-20.39,20.39,Expense,Completed,0,1
4302,TXN-004302,20240127,770,320,6,1,1,-117.44,117.44,Expense,Completed,0,0
4303,TXN-004303,20230601,530,391,5,6,1,-106.81,106.81,Expense,Completed,0,0
4304,TXN-004304,20220614,264,514,1,6,2,-90.89,90.89,Expense,Completed,0,0
4305,TXN-004305,20240105,550,152,3,9,1,-423.4,423.4,Expense,Completed,0,1
4306,TXN-004306,20231125,553,693,8,18,1,-130.69,130.69,Expense,Pending,0,0
4307,TXN-004307,20230131,482,883,3,18,4,-244.32,244.32,Expense,Completed,0,1
4308,TXN-004308,20240724,2,681,13,,4,1618.38,1618.38,Transfer,Failed,0,0
4309,TXN-004309,20220821,238,438,9,4,4,-61.03,61.03,Expense,Completed,0,0
4310,TXN-004310,20220910,41,404,15,18,2,-785.01,785.01,Expense,Completed,1,1
4311,TXN-004311,20230604,751,852,5,5,7,-126.94,126.94,Expense,Completed,0,0
4312,TXN-004312,20230703,358,966,20,,3,8785.48,8785.48,Income,Completed,0,0
4313,TXN-004313,20220109,313,369,1,1,1,-340.75,340.75,Expense,Completed,0,0
4314,TXN-004314,20240622,453,445,1,3,3,-79.38,79.38,Expense,Completed,0,0
4315,TXN-004315,20241223,360,879,7,18,2,-474.66,474.66,Expense,Completed,0,0
4316,TXN-004316,20230316,99,214,7,2,3,-317.97,317.97,Expense,Completed,0,0
4317,TXN-004317,20220510,243,827,2,5,6,-1435.4,1435.4,Expense,Completed,0,1
4318,TXN-004318,20221115,582,485,12,,1,128.23,128.23,Income,Completed,0,0
4319,TXN-004319,20241011,453,445,13,,2,919.49,919.49,Transfer,Completed,0,0
4320,TXN-004320,20230827,530,382,4,20,4,-491.04,491.04,Expense,Completed,0,0
4321,TXN-004321,20220907,411,94,18,4,1,-2250.73,2250.73,Expense,Completed,0,0
4322,TXN-004322,20241209,82,869,15,15,3,-1612.24,1612.24,Expense,Completed,0,1
4323,TXN-004323,20241128,323,175,1,18,5,-380.46,380.46,Expense,Completed,0,0
4324,TXN-004324,20220705,48,615,19,14,4,-313.72,313.72,Expense,Completed,0,0
4325,TXN-004325,20240924,618,52,4,4,4,-244.07,244.07,Expense,Completed,0,0
4326,TXN-004326,20241212,763,333,8,5,1,-384.33,384.33,Expense,Completed,0,0
4327,TXN-004327,20240515,41,393,1,19,4,-100.67,100.67,Expense,Completed,0,0
4328,TXN-004328,20231228,759,691,2,5,2,-2653.69,2653.69,Expense,Completed,0,1
4329,TXN-004329,20240314,6,387,10,,7,4699.3,4699.3,Income,Completed,0,1
4330,TXN-004330,20220510,502,651,1,10,2,-49.13,49.13,Expense,Completed,1,0
4331,TXN-004331,20241113,178,613,7,18,4,-155.59,155.59,Expense,Failed,0,0
4332,TXN-004332,20230127,370,187,5,6,5,-70.78,70.78,Expense,Completed,0,0
4333,TXN-004333,20230410,586,263,10,,1,9257.91,9257.91,Income,Failed,0,1
4334,TXN-004334,20230103,48,964,4,12,2,-370.24,370.24,Expense,Completed,0,0
4335,TXN-004335,20231226,78,547,4,19,3,-196.63,196.63,Expense,Pending,0,0
4336,TXN-004336,20230925,675,362,1,19,4,-74.49,74.49,Expense,Reversed,0,0
4337,TXN-004337,20220203,121,470,2,4,7,-506.97,506.97,Expense,Reversed,0,1
4338,TXN-004338,20240808,565,689,11,,6,234.07,234.07,Income,Failed,0,0
4339,TXN-004339,20230712,333,730,1,18,1,-37.71,37.71,Expense,Completed,0,0
4340,TXN-004340,20240226,481,120,2,19,1,-1345.49,1345.49,Expense,Completed,0,1
4341,TXN-004341,20240203,231,201,7,2,6,-317.45,317.45,Expense,Pending,0,0
4342,TXN-004342,20231115,454,220,7,15,2,-410.91,410.91,Expense,Completed,0,0
4343,TXN-004343,20230213,220,276,2,6,4,-1359.07,1359.07,Expense,Completed,0,1
4344,TXN-004344,20240114,121,470,16,4,6,-439.33,439.33,Expense,Completed,0,1
4345,TXN-004345,20231027,33,813,1,9,7,-93.55,93.55,Expense,Completed,0,0
4346,TXN-004346,20240402,469,226,12,,1,2725.58,2725.58,Income,Completed,0,0
4347,TXN-004347,20240323,47,69,12,,5,2332.02,2332.02,Income,Pending,0,0
4348,TXN-004348,20220815,793,61,10,,5,7259.24,7259.24,Income,Completed,0,1
4349,TXN-004349,20221008,439,861,18,2,3,-1419.29,1419.29,Expense,Completed,0,0
4350,TXN-004350,20220113,713,851,3,10,2,-428.88,428.88,Expense,Completed,0,1
4351,TXN-004351,20231030,174,671,3,6,3,-488.35,488.35,Expense,Completed,0,1
4352,TXN-004352,20220114,667,571,6,9,2,-77.61,77.61,Expense,Completed,0,0
4353,TXN-004353,20230325,245,600,3,19,3,-271.29,271.29,Expense,Pending,0,1
4354,TXN-004354,20240607,430,862,1,15,7,-183.34,183.34,Expense,Pending,0,0
4355,TXN-004355,20230209,500,153,4,18,4,-174.84,174.84,Expense,Completed,1,0
4356,TXN-004356,20221115,79,535,5,14,3,-19.57,19.57,Expense,Pending,0,0
4357,TXN-004357,20221117,769,413,15,12,7,-260.95,260.95,Expense,Pending,0,1
4358,TXN-004358,20230921,563,266,1,11,2,-288.66,288.66,Expense,Completed,0,0
4359,TXN-004359,20240618,274,185,6,14,3,-87.43,87.43,Expense,Completed,0,0
4360,TXN-004360,20231108,368,684,4,16,7,-395.14,395.14,Expense,Completed,0,0
4361,TXN-004361,20240118,390,272,4,19,2,-148.05,148.05,Expense,Completed,0,0
4362,TXN-004362,20240102,590,364,4,10,2,-40.84,40.84,Expense,Completed,0,0
4363,TXN-004363,20230717,537,850,20,,5,3482.35,3482.35,Income,Completed,0,0
4364,TXN-004364,20240824,631,88,16,17,3,-439.69,439.69,Expense,Completed,0,1
4365,TXN-004365,20240717,605,200,4,10,4,-241.22,241.22,Expense,Completed,0,0
4366,TXN-004366,20231025,480,814,6,20,5,-64.51,64.51,Expense,Completed,0,0
4367,TXN-004367,20230822,30,528,5,13,5,-77.2,77.2,Expense,Completed,0,0
4368,TXN-004368,20240211,480,989,4,5,3,-65.08,65.08,Expense,Completed,0,0
4369,TXN-004369,20240404,609,354,12,,3,1587.35,1587.35,Income,Failed,0,0
4370,TXN-004370,20231001,217,972,15,19,7,-904.55,904.55,Expense,Completed,0,1
4371,TXN-004371,20240617,648,257,1,18,3,-455.84,455.84,Expense,Failed,0,0
4372,TXN-004372,20240715,751,409,3,15,5,-246.62,246.62,Expense,Completed,0,1
4373,TXN-004373,20220814,304,411,16,19,1,-245.92,245.92,Expense,Failed,0,1
4374,TXN-004374,20231209,660,902,15,15,5,-1471.33,1471.33,Expense,Completed,0,1
4375,TXN-004375,20240107,159,372,2,8,4,-2012.15,2012.15,Expense,Completed,0,1
4376,TXN-004376,20241218,221,1,16,10,6,-40.86,40.86,Expense,Completed,0,1
4377,TXN-004377,20240522,118,25,10,,3,6838.63,6838.63,Income,Completed,0,1
4378,TXN-004378,20231104,30,528,3,2,3,-449.08,449.08,Expense,Failed,1,1
4379,TXN-004379,20221118,685,289,8,11,2,-372.76,372.76,Expense,Completed,0,0
4380,TXN-004380,20220212,324,345,5,9,6,-116.3,116.3,Expense,Completed,0,0
4381,TXN-004381,20230110,463,817,11,,5,365.83,365.83,Income,Completed,0,0
4382,TXN-004382,20230521,83,368,13,,6,1423.08,1423.08,Transfer,Completed,0,0
4383,TXN-004383,20240426,397,632,13,,1,1600.6,1600.6,Transfer,Completed,0,0
4384,TXN-004384,20231211,660,902,13,,3,4213.14,4213.14,Transfer,Completed,0,0
4385,TXN-004385,20220528,789,193,1,15,2,-438.24,438.24,Expense,Completed,0,0
4386,TXN-004386,20240112,39,815,1,14,7,-30.14,30.14,Expense,Completed,0,0
4387,TXN-004387,20231109,338,86,7,16,2,-277.07,277.07,Expense,Failed,0,0
4388,TXN-004388,20220521,520,26,11,,6,495.35,495.35,Income,Completed,0,0
4389,TXN-004389,20230322,48,615,3,4,2,-184.24,184.24,Expense,Completed,0,1
4390,TXN-004390,20240825,798,269,16,1,3,-434.09,434.09,Expense,Completed,0,1
4391,TXN-004391,20220530,499,292,11,,5,34.69,34.69,Income,Reversed,0,0
4392,TXN-004392,20231008,753,507,2,3,5,-2919.62,2919.62,Expense,Completed,0,1
4393,TXN-004393,20241210,637,899,19,6,5,-146.41,146.41,Expense,Completed,0,0
4394,TXN-004394,20220728,545,291,4,6,4,-418.66,418.66,Expense,Pending,0,0
4395,TXN-004395,20230326,675,581,3,15,1,-138.88,138.88,Expense,Pending,0,1
4396,TXN-004396,20230806,220,276,4,9,6,-273.48,273.48,Expense,Completed,0,0
4397,TXN-004397,20230621,336,892,1,14,1,-210.36,210.36,Expense,Completed,0,0
4398,TXN-004398,20221130,117,954,15,1,2,-208.6,208.6,Expense,Completed,0,1
4399,TXN-004399,20221029,586,263,11,,6,448.24,448.24,Income,Completed,0,0
4400,TXN-004400,20230815,698,346,17,10,2,-67.33,67.33,Expense,Completed,0,1
4401,TXN-004401,20230101,179,799,15,11,7,-422.9,422.9,Expense,Failed,0,1
4402,TXN-004402,20231118,581,124,3,4,3,-201.26,201.26,Expense,Completed,0,1
4403,TXN-004403,20240604,633,314,5,3,4,-13.93,13.93,Expense,Completed,0,0
4404,TXN-004404,20241025,645,480,2,10,3,-2479.22,2479.22,Expense,Completed,0,1
4405,TXN-004405,20220522,322,690,3,4,5,-253.79,253.79,Expense,Reversed,0,1
4406,TXN-004406,20240222,231,889,5,1,2,-91.96,91.96,Expense,Completed,0,0
4407,TXN-004407,20220826,196,922,10,,6,2029.96,2029.96,Income,Completed,0,1
4408,TXN-004408,20220523,393,707,3,6,3,-206.67,206.67,Expense,Completed,0,1
4409,TXN-004409,20220330,279,465,4,7,6,-223.03,223.03,Expense,Completed,0,0
4410,TXN-004410,20230711,390,272,1,4,6,-69.56,69.56,Expense,Completed,0,0
4411,TXN-004411,20241020,121,470,4,4,4,-340.2,340.2,Expense,Completed,0,0
4412,TXN-004412,20240504,516,155,10,,1,13209.56,13209.56,Income,Completed,0,1
4413,TXN-004413,20230808,424,697,4,16,5,-357.04,357.04,Expense,Completed,0,0
4414,TXN-004414,20231108,246,656,1,11,4,-47.51,47.51,Expense,Completed,0,0
4415,TXN-004415,20240909,675,858,3,14,5,-216.42,216.42,Expense,Completed,0,1
4416,TXN-004416,20241220,496,740,2,10,6,-745.68,745.68,Expense,Completed,0,1
4417,TXN-004417,20240906,500,349,16,16,2,-99.25,99.25,Expense,Completed,0,1
4418,TXN-004418,20221216,418,92,9,13,7,-217.42,217.42,Expense,Completed,0,0
4419,TXN-004419,20230713,337,606,1,17,1,-498.7,498.7,Expense,Completed,0,0
4420,TXN-004420,20240811,677,661,1,6,4,-149.86,149.86,Expense,Completed,0,0
4421,TXN-004421,20230816,288,114,17,11,5,-34.07,34.07,Expense,Completed,0,1
4422,TXN-004422,20230314,279,838,4,16,6,-461.42,461.42,Expense,Completed,0,0
4423,TXN-004423,20220331,301,853,16,15,7,-344.36,344.36,Expense,Completed,0,1
4424,TXN-004424,20230612,586,360,1,11,3,-161.47,161.47,Expense,Completed,0,0
4425,TXN-004425,20220201,752,845,12,,3,3532.18,3532.18,Income,Completed,0,0
4426,TXN-004426,20231019,364,95,20,,5,7362.33,7362.33,Income,Completed,0,0
4427,TXN-004427,20241111,775,5,3,12,4,-52.18,52.18,Expense,Completed,0,1
4428,TXN-004428,20220716,130,822,13,,3,1868.51,1868.51,Transfer,Completed,0,0
4429,TXN-004429,20230629,604,910,15,8,3,-556.59,556.59,Expense,Completed,0,1
4430,TXN-004430,20221002,548,350,7,10,6,-452.0,452.0,Expense,Completed,0,0
4431,TXN-004431,20241124,288,114,15,10,6,-794.01,794.01,Expense,Pending,0,1
4432,TXN-004432,20230803,405,570,13,,6,4681.32,4681.32,Transfer,Completed,0,0
4433,TXN-004433,20230918,721,11,2,18,4,-2295.67,2295.67,Expense,Completed,0,1
4434,TXN-004434,20221124,368,684,8,5,1,-370.2,370.2,Expense,Completed,0,0
4435,TXN-004435,20240120,236,17,15,2,5,-358.5,358.5,Expense,Completed,0,1
4436,TXN-004436,20220328,553,171,15,10,3,-843.32,843.32,Expense,Failed,0,1
4437,TXN-004437,20230827,174,342,7,20,3,-219.15,219.15,Expense,Completed,0,0
4438,TXN-004438,20220328,340,36,7,18,6,-190.24,190.24,Expense,Completed,0,0
4439,TXN-004439,20240707,238,438,10,,1,8325.04,8325.04,Income,Completed,0,1
4440,TXN-004440,20230302,751,951,4,19,2,-432.71,432.71,Expense,Completed,0,0
4441,TXN-004441,20241110,553,171,12,,3,1040.11,1040.11,Income,Completed,0,0
4442,TXN-004442,20220430,264,514,2,17,1,-2065.78,2065.78,Expense,Completed,0,1
4443,TXN-004443,20230612,506,604,4,16,2,-342.88,342.88,Expense,Completed,0,0
4444,TXN-004444,20230211,675,858,1,10,1,-63.55,63.55,Expense,Completed,0,0
4445,TXN-004445,20240317,498,208,7,4,3,-80.31,80.31,Expense,Completed,0,0
4446,TXN-004446,20220512,667,571,1,13,5,-328.14,328.14,Expense,Completed,0,0
4447,TXN-004447,20221013,793,61,16,2,2,-216.54,216.54,Expense,Completed,0,1
4448,TXN-004448,20230228,141,877,20,,2,7047.24,7047.24,Income,Completed,0,0
4449,TXN-004449,20230320,385,758,2,8,7,-930.59,930.59,Expense,Completed,0,1
4450,TXN-004450,20230601,675,362,14,,4,-785.55,785.55,Transfer,Completed,0,0
4451,TXN-004451,20230822,250,488,3,2,4,-367.35,367.35,Expense,Completed,0,1
4452,TXN-004452,20241029,60,645,18,10,2,-1554.06,1554.06,Expense,Failed,0,0
4453,TXN-004453,20220129,79,39,14,,7,-3325.29,3325.29,Transfer,Completed,0,0
4454,TXN-004454,20220815,751,409,5,2,1,-27.82,27.82,Expense,Failed,0,0
4455,TXN-004455,20221020,196,922,11,,1,444.55,444.55,Income,Completed,0,0
4456,TXN-004456,20230411,389,327,4,4,1,-304.15,304.15,Expense,Completed,0,0
4457,TXN-004457,20230621,150,701,2,9,3,-1959.01,1959.01,Expense,Completed,0,1
4458,TXN-004458,20221117,698,206,5,10,6,-23.06,23.06,Expense,Completed,1,0
4459,TXN-004459,20220307,463,817,14,,6,-445.13,445.13,Transfer,Completed,0,0
4460,TXN-004460,20240618,298,559,5,16,6,-25.75,25.75,Expense,Completed,0,0
4461,TXN-004461,20231117,721,11,2,14,7,-1812.84,1812.84,Expense,Completed,0,1
4462,TXN-004462,20240817,311,898,6,20,2,-130.47,130.47,Expense,Completed,0,0
4463,TXN-004463,20231028,600,544,17,15,7,-69.08,69.08,Expense,Completed,0,1
4464,TXN-004464,20240111,747,988,8,8,3,-442.36,442.36,Expense,Completed,0,0
4465,TXN-004465,20240725,315,348,5,8,1,-94.41,94.41,Expense,Completed,0,0
4466,TXN-004466,20230616,355,886,1,10,2,-86.2,86.2,Expense,Completed,0,0
4467,TXN-004467,20220513,455,974,4,10,6,-339.26,339.26,Expense,Completed,0,0
4468,TXN-004468,20240322,644,710,7,14,4,-497.48,497.48,Expense,Pending,0,0
4469,TXN-004469,20220702,324,510,10,,3,14899.69,14899.69,Income,Completed,0,1
4470,TXN-004470,20230916,288,114,3,5,6,-116.95,116.95,Expense,Completed,0,1
4471,TXN-004471,20230809,66,430,2,11,7,-1941.54,1941.54,Expense,Pending,1,1
4472,TXN-004472,20240813,469,226,16,2,6,-424.49,424.49,Expense,Completed,0,1
4473,TXN-004473,20230916,791,54,10,,2,6239.88,6239.88,Income,Completed,0,1
4474,TXN-004474,20230427,20,630,2,8,6,-1428.29,1428.29,Expense,Completed,0,1
4475,TXN-004475,20220802,165,592,7,14,5,-441.22,441.22,Expense,Completed,0,0
4476,TXN-004476,20221104,506,604,2,13,6,-2898.97,2898.97,Expense,Completed,0,1
4477,TXN-004477,20240715,244,21,1,7,5,-258.98,258.98,Expense,Completed,0,0
4478,TXN-004478,20230808,744,234,18,16,3,-2023.93,2023.93,Expense,Completed,0,0
4479,TXN-004479,20230403,73,7,1,7,4,-257.02,257.02,Expense,Pending,0,0
4480,TXN-004480,20241026,480,814,1,6,3,-435.76,435.76,Expense,Completed,0,0
4481,TXN-004481,20220530,389,327,5,5,1,-87.76,87.76,Expense,Pending,0,0
4482,TXN-004482,20230403,129,522,7,9,2,-114.62,114.62,Expense,Completed,0,0
4483,TXN-004483,20241005,126,84,15,12,4,-1266.7,1266.7,Expense,Completed,0,1
4484,TXN-004484,20240513,41,393,8,10,3,-20.6,20.6,Expense,Completed,0,0
4485,TXN-004485,20220118,749,228,11,,3,430.12,430.12,Income,Completed,0,0
4486,TXN-004486,20240715,159,761,8,7,1,-66.54,66.54,Expense,Completed,0,0
4487,TXN-004487,20220210,2,681,7,12,4,-106.87,106.87,Expense,Pending,0,0
4488,TXN-004488,20220412,440,586,12,,4,565.42,565.42,Income,Completed,0,0
4489,TXN-004489,20241020,312,464,2,5,2,-1149.16,1149.16,Expense,Completed,0,1
4490,TXN-004490,20231120,600,610,16,18,1,-140.75,140.75,Expense,Failed,1,1
4491,TXN-004491,20231003,604,794,3,2,4,-92.66,92.66,Expense,Failed,0,1
4492,TXN-004492,20230805,629,87,7,20,7,-116.14,116.14,Expense,Failed,0,0
4493,TXN-004493,20220812,211,543,13,,4,2856.21,2856.21,Transfer,Completed,1,0
4494,TXN-004494,20230506,262,492,14,,7,-4040.43,4040.43,Transfer,Reversed,0,0
4495,TXN-004495,20240428,378,70,3,16,6,-121.48,121.48,Expense,Completed,0,1
4496,TXN-004496,20231207,787,235,3,3,5,-401.41,401.41,Expense,Completed,0,1
4497,TXN-004497,20240223,443,781,6,7,5,-128.49,128.49,Expense,Completed,0,0
4498,TXN-004498,20240801,700,673,16,20,4,-318.15,318.15,Expense,Completed,0,1
4499,TXN-004499,20240604,60,645,19,20,2,-273.34,273.34,Expense,Completed,0,0
4500,TXN-004500,20231211,468,85,20,,5,4779.49,4779.49,Income,Pending,0,0
4501,TXN-004501,20220307,176,111,1,19,1,-271.14,271.14,Expense,Completed,0,0
4502,TXN-004502,20240521,60,295,7,12,5,-378.99,378.99,Expense,Completed,1,0
4503,TXN-004503,20240810,431,904,10,,5,13565.6,13565.6,Income,Completed,0,1
4504,TXN-004504,20230314,427,520,14,,3,-4016.92,4016.92,Transfer,Completed,0,0
4505,TXN-004505,20231014,650,419,10,,3,9269.89,9269.89,Income,Failed,0,1
4506,TXN-004506,20240315,11,872,4,17,4,-146.74,146.74,Expense,Pending,0,0
4507,TXN-004507,20230319,311,898,7,2,2,-258.88,258.88,Expense,Failed,0,0
4508,TXN-004508,20241212,571,865,18,17,5,-2568.97,2568.97,Expense,Completed,1,0
4509,TXN-004509,20220703,578,557,13,,3,4872.27,4872.27,Transfer,Completed,0,0
4510,TXN-004510,20220118,244,21,12,,5,3192.17,3192.17,Income,Pending,0,0
4511,TXN-004511,20221229,318,112,6,9,3,-98.49,98.49,Expense,Completed,1,0
4512,TXN-004512,20230708,270,563,16,14,1,-240.53,240.53,Expense,Completed,0,1
4513,TXN-004513,20220719,700,673,4,13,1,-16.72,16.72,Expense,Pending,0,0
4514,TXN-004514,20230415,561,24,2,4,4,-1698.38,1698.38,Expense,Completed,0,1
4515,TXN-004515,20230310,754,241,8,20,3,-419.16,419.16,Expense,Completed,0,0
4516,TXN-004516,20230706,395,89,5,5,7,-101.88,101.88,Expense,Completed,0,0
4517,TXN-004517,20240529,231,275,6,1,2,-87.96,87.96,Expense,Failed,0,0
4518,TXN-004518,20221023,328,334,4,5,3,-139.44,139.44,Expense,Completed,0,0
4519,TXN-004519,20221123,430,919,2,14,1,-1773.02,1773.02,Expense,Completed,0,1
4520,TXN-004520,20220322,718,41,1,17,7,-23.02,23.02,Expense,Completed,0,0
4521,TXN-004521,20230923,407,83,5,10,2,-51.15,51.15,Expense,Pending,0,0
4522,TXN-004522,20241219,680,401,1,17,6,-415.93,415.93,Expense,Failed,0,0
4523,TXN-004523,20221208,382,925,1,8,5,-151.6,151.6,Expense,Completed,0,0
4524,TXN-004524,20220722,141,318,19,11,6,-119.28,119.28,Expense,Completed,0,0
4525,TXN-004525,20220616,190,970,1,18,2,-413.06,413.06,Expense,Completed,0,0
4526,TXN-004526,20220219,455,974,3,20,4,-268.68,268.68,Expense,Completed,0,1
4527,TXN-004527,20231102,798,984,2,14,5,-2105.26,2105.26,Expense,Completed,0,1
4528,TXN-004528,20240312,322,690,3,4,1,-39.34,39.34,Expense,Completed,0,1
4529,TXN-004529,20231025,244,21,19,1,7,-140.71,140.71,Expense,Completed,1,0
4530,TXN-004530,20240117,405,570,11,,4,133.72,133.72,Income,Completed,0,0
4531,TXN-004531,20240526,254,285,4,16,4,-278.46,278.46,Expense,Pending,0,0
4532,TXN-004532,20220521,325,232,10,,7,3226.0,3226.0,Income,Completed,0,1
4533,TXN-004533,20221221,734,726,17,2,3,-85.39,85.39,Expense,Pending,0,1
4534,TXN-004534,20240313,265,936,6,18,6,-116.07,116.07,Expense,Failed,0,0
4535,TXN-004535,20230523,787,163,14,,4,-3932.43,3932.43,Transfer,Completed,0,0
4536,TXN-004536,20240802,264,514,5,1,1,-20.72,20.72,Expense,Completed,0,0
4537,TXN-004537,20240701,153,71,15,19,1,-1122.06,1122.06,Expense,Completed,1,1
4538,TXN-004538,20220330,641,831,7,14,6,-281.57,281.57,Expense,Completed,1,0
4539,TXN-004539,20240616,192,920,15,1,6,-355.71,355.71,Expense,Completed,1,1
4540,TXN-004540,20221231,110,704,2,10,7,-1242.83,1242.83,Expense,Completed,0,1
4541,TXN-004541,20220903,163,986,4,5,6,-318.06,318.06,Expense,Completed,0,0
4542,TXN-004542,20220826,48,964,16,3,6,-459.59,459.59,Expense,Completed,0,1
4543,TXN-004543,20231023,408,260,3,1,1,-68.23,68.23,Expense,Completed,0,1
4544,TXN-004544,20241226,209,983,3,2,2,-212.67,212.67,Expense,Pending,0,1
4545,TXN-004545,20240918,522,593,10,,1,4950.96,4950.96,Income,Completed,0,1
4546,TXN-004546,20220626,577,908,1,14,7,-255.83,255.83,Expense,Reversed,0,0
4547,TXN-004547,20240423,637,899,12,,3,1452.49,1452.49,Income,Completed,0,0
4548,TXN-004548,20231229,150,701,4,8,6,-53.46,53.46,Expense,Completed,0,0
4549,TXN-004549,20221111,674,990,15,14,6,-535.12,535.12,Expense,Completed,0,1
4550,TXN-004550,20221025,721,147,10,,6,8914.47,8914.47,Income,Failed,0,1
4551,TXN-004551,20230117,200,67,17,13,6,-16.42,16.42,Expense,Reversed,0,1
4552,TXN-004552,20220107,249,502,2,6,6,-2542.77,2542.77,Expense,Pending,0,1
4553,TXN-004553,20220503,727,405,5,14,3,-76.36,76.36,Expense,Completed,0,0
4554,TXN-004554,20220310,609,354,4,20,7,-127.11,127.11,Expense,Completed,0,0
4555,TXN-004555,20220714,99,93,4,6,5,-234.46,234.46,Expense,Completed,0,0
4556,TXN-004556,20240428,644,344,3,4,3,-149.86,149.86,Expense,Completed,0,1
4557,TXN-004557,20241124,132,753,3,10,5,-239.08,239.08,Expense,Completed,0,1
4558,TXN-004558,20220504,227,396,4,1,7,-484.12,484.12,Expense,Completed,0,0
4559,TXN-004559,20230128,280,811,6,10,5,-85.42,85.42,Expense,Completed,0,0
4560,TXN-004560,20220501,260,567,13,,1,4552.07,4552.07,Transfer,Completed,0,0
4561,TXN-004561,20220420,718,139,1,9,2,-439.27,439.27,Expense,Completed,0,0
4562,TXN-004562,20241221,403,717,1,16,3,-289.6,289.6,Expense,Completed,0,0
4563,TXN-004563,20221215,661,751,10,,3,14185.95,14185.95,Income,Completed,0,1
4564,TXN-004564,20240129,102,489,4,5,6,-153.05,153.05,Expense,Completed,0,0
4565,TXN-004565,20221014,415,712,2,11,6,-1464.58,1464.58,Expense,Pending,0,1
4566,TXN-004566,20241015,604,910,13,,6,2752.49,2752.49,Transfer,Pending,1,0
4567,TXN-004567,20240124,390,994,10,,4,8600.39,8600.39,Income,Completed,0,1
4568,TXN-004568,20240320,97,997,13,,5,2948.55,2948.55,Transfer,Completed,0,0
4569,TXN-004569,20240928,487,540,4,20,5,-345.78,345.78,Expense,Completed,0,0
4570,TXN-004570,20220110,174,342,13,,7,3220.66,3220.66,Transfer,Completed,1,0
4571,TXN-004571,20230316,290,596,8,20,2,-232.97,232.97,Expense,Completed,0,0
4572,TXN-004572,20230206,766,301,1,4,3,-418.24,418.24,Expense,Completed,0,0
4573,TXN-004573,20241201,51,755,10,,5,8089.63,8089.63,Income,Completed,0,1
4574,TXN-004574,20240111,161,844,2,13,3,-1023.58,1023.58,Expense,Pending,0,1
4575,TXN-004575,20221220,145,577,7,18,3,-54.17,54.17,Expense,Pending,0,0
4576,TXN-004576,20230904,215,48,10,,5,3670.62,3670.62,Income,Completed,0,1
4577,TXN-004577,20220722,472,73,14,,7,-1885.69,1885.69,Transfer,Completed,0,0
4578,TXN-004578,20230921,282,166,3,8,6,-182.85,182.85,Expense,Completed,0,1
4579,TXN-004579,20220808,126,84,18,17,1,-2835.42,2835.42,Expense,Completed,0,0
4580,TXN-004580,20240207,628,589,3,15,2,-278.49,278.49,Expense,Completed,0,1
4581,TXN-004581,20230416,598,356,2,2,2,-1190.18,1190.18,Expense,Completed,0,1
4582,TXN-004582,20240601,553,171,9,10,1,-309.56,309.56,Expense,Pending,0,0
4583,TXN-004583,20240925,169,110,5,13,2,-107.62,107.62,Expense,Completed,0,0
4584,TXN-004584,20230820,733,536,4,16,3,-253.38,253.38,Expense,Completed,1,0
4585,TXN-004585,20240604,121,470,1,13,7,-78.94,78.94,Expense,Completed,0,0
4586,TXN-004586,20240104,454,558,10,,7,3456.87,3456.87,Income,Completed,0,1
4587,TXN-004587,20240701,683,145,6,10,5,-48.28,48.28,Expense,Completed,0,0
4588,TXN-004588,20240717,257,746,1,16,2,-205.95,205.95,Expense,Completed,0,0
4589,TXN-004589,20231208,187,416,15,13,6,-939.78,939.78,Expense,Completed,0,1
4590,TXN-004590,20240704,545,291,10,,3,9255.3,9255.3,Income,Completed,0,1
4591,TXN-004591,20220430,20,412,20,,3,1955.95,1955.95,Income,Completed,0,0
4592,TXN-004592,20231218,322,690,10,,4,4794.83,4794.83,Income,Pending,0,1
4593,TXN-004593,20240806,145,577,20,,4,9208.64,9208.64,Income,Completed,0,0
4594,TXN-004594,20241026,604,910,5,8,7,-31.92,31.92,Expense,Completed,0,0
4595,TXN-004595,20231102,73,7,10,,2,4978.65,4978.65,Income,Completed,0,1
4596,TXN-004596,20221107,454,220,4,19,5,-419.38,419.38,Expense,Completed,0,0
4597,TXN-004597,20240204,205,188,12,,7,946.69,946.69,Income,Pending,0,0
4598,TXN-004598,20240304,656,18,3,16,7,-468.65,468.65,Expense,Pending,0,1
4599,TXN-004599,20220111,712,336,19,12,1,-57.36,57.36,Expense,Completed,0,0
4600,TXN-004600,20220805,508,161,13,,5,3310.65,3310.65,Transfer,Reversed,0,0
4601,TXN-004601,20240628,492,76,10,,7,12474.45,12474.45,Income,Failed,0,1
4602,TXN-004602,20240903,46,380,7,15,6,-89.55,89.55,Expense,Completed,0,0
4603,TXN-004603,20241012,779,162,13,,1,4249.81,4249.81,Transfer,Pending,0,0
4604,TXN-004604,20231007,525,15,1,9,7,-435.85,435.85,Expense,Completed,0,0
4605,TXN-004605,20230312,422,12,4,13,2,-436.08,436.08,Expense,Completed,0,0
4606,TXN-004606,20231110,730,427,3,5,6,-126.04,126.04,Expense,Completed,0,1
4607,TXN-004607,20220807,152,628,5,5,3,-82.59,82.59,Expense,Failed,0,0
4608,TXN-004608,20221016,279,838,1,2,6,-447.59,447.59,Expense,Completed,0,0
4609,TXN-004609,20230615,76,929,7,9,7,-479.15,479.15,Expense,Completed,0,0
4610,TXN-004610,20220309,773,385,7,10,5,-138.36,138.36,Expense,Completed,1,0
4611,TXN-004611,20240129,517,394,7,20,3,-64.37,64.37,Expense,Completed,0,0
4612,TXN-004612,20240319,132,229,1,15,1,-264.6,264.6,Expense,Pending,0,0
4613,TXN-004613,20220901,329,734,9,2,1,-246.61,246.61,Expense,Completed,0,0
4614,TXN-004614,20240409,60,645,16,7,2,-409.23,409.23,Expense,Completed,0,1
4615,TXN-004615,20221104,426,924,4,14,3,-312.37,312.37,Expense,Pending,0,0
4616,TXN-004616,20241017,590,338,7,11,7,-405.93,405.93,Expense,Completed,0,0
4617,TXN-004617,20220208,44,231,5,8,5,-129.65,129.65,Expense,Completed,0,0
4618,TXN-004618,20240105,649,523,3,6,1,-374.74,374.74,Expense,Completed,0,1
4619,TXN-004619,20241005,62,744,12,,7,1988.39,1988.39,Income,Completed,0,0
4620,TXN-004620,20240918,28,64,4,6,4,-406.22,406.22,Expense,Completed,0,0
4621,TXN-004621,20230829,51,755,14,,2,-1438.04,1438.04,Transfer,Completed,0,0
4622,TXN-004622,20240711,99,93,11,,1,253.96,253.96,Income,Completed,0,0
4623,TXN-004623,20241103,41,393,16,15,7,-62.37,62.37,Expense,Completed,0,1
4624,TXN-004624,20240314,16,980,1,8,1,-232.14,232.14,Expense,Completed,0,0
4625,TXN-004625,20240316,10,749,3,8,7,-331.42,331.42,Expense,Completed,0,1
4626,TXN-004626,20220616,250,488,10,,4,7654.2,7654.2,Income,Completed,0,1
4627,TXN-004627,20230506,454,558,3,16,5,-281.18,281.18,Expense,Completed,0,1
4628,TXN-004628,20241006,13,104,5,20,5,-26.81,26.81,Expense,Completed,0,0
4629,TXN-004629,20240128,357,133,10,,2,2451.8,2451.8,Income,Completed,0,1
4630,TXN-004630,20230615,616,44,13,,3,3549.5,3549.5,Transfer,Completed,0,0
4631,TXN-004631,20230709,613,601,15,3,2,-1864.44,1864.44,Expense,Completed,0,1
4632,TXN-004632,20230106,449,709,3,13,1,-349.78,349.78,Expense,Completed,0,1
4633,TXN-004633,20240606,671,371,20,,4,1367.49,1367.49,Income,Completed,0,0
4634,TXN-004634,20231229,731,564,10,,4,3027.59,3027.59,Income,Completed,0,1
4635,TXN-004635,20240511,297,562,10,,1,3454.84,3454.84,Income,Completed,0,1
4636,TXN-004636,20221115,91,752,2,5,6,-1609.66,1609.66,Expense,Completed,0,1
4637,TXN-004637,20221231,288,927,13,,2,486.2,486.2,Transfer,Completed,0,0
4638,TXN-004638,20221120,673,277,1,11,4,-375.99,375.99,Expense,Completed,0,0
4639,TXN-004639,20240221,668,597,18,2,7,-2435.68,2435.68,Expense,Completed,1,0
4640,TXN-004640,20230713,706,481,1,18,2,-104.26,104.26,Expense,Completed,0,0
4641,TXN-004641,20230621,250,177,14,,4,-3206.68,3206.68,Transfer,Completed,0,0
4642,TXN-004642,20230706,419,38,4,4,4,-67.26,67.26,Expense,Completed,0,0
4643,TXN-004643,20241215,445,184,13,,4,1331.09,1331.09,Transfer,Completed,0,0
4644,TXN-004644,20220629,421,422,20,,1,5797.13,5797.13,Income,Completed,0,0
4645,TXN-004645,20240519,124,498,1,8,4,-498.77,498.77,Expense,Completed,0,0
4646,TXN-004646,20230407,411,548,1,1,1,-269.05,269.05,Expense,Completed,0,0
4647,TXN-004647,20241117,699,657,5,6,3,-99.2,99.2,Expense,Completed,0,0
4648,TXN-004648,20230219,220,276,13,,7,576.97,576.97,Transfer,Completed,0,0
4649,TXN-004649,20230703,434,20,2,5,5,-627.41,627.41,Expense,Completed,0,1
4650,TXN-004650,20220822,186,431,3,1,3,-412.3,412.3,Expense,Completed,0,1
4651,TXN-004651,20240827,141,318,4,9,7,-415.87,415.87,Expense,Completed,0,0
4652,TXN-004652,20220628,206,138,1,5,1,-339.34,339.34,Expense,Pending,0,0
4653,TXN-004653,20220206,352,363,1,6,7,-146.13,146.13,Expense,Completed,0,0
4654,TXN-004654,20240506,710,115,17,17,4,-94.6,94.6,Expense,Completed,0,1
4655,TXN-004655,20220108,761,173,4,4,1,-276.32,276.32,Expense,Completed,0,0
4656,TXN-004656,20220720,288,114,3,17,1,-73.43,73.43,Expense,Completed,0,1
4657,TXN-004657,20220426,217,972,1,11,1,-252.71,252.71,Expense,Completed,0,0
4658,TXN-004658,20231006,455,974,11,,7,396.6,396.6,Income,Completed,0,0
4659,TXN-004659,20220126,37,949,14,,5,-3080.03,3080.03,Transfer,Completed,0,0
4660,TXN-004660,20240719,653,777,12,,4,547.68,547.68,Income,Completed,1,0
4661,TXN-004661,20240726,75,250,20,,6,7444.35,7444.35,Income,Completed,0,0
4662,TXN-004662,20230219,598,356,18,1,4,-2115.83,2115.83,Expense,Completed,0,0
4663,TXN-004663,20220313,248,125,10,,2,2123.24,2123.24,Income,Failed,0,1
4664,TXN-004664,20230827,410,135,1,1,2,-433.49,433.49,Expense,Completed,0,0
4665,TXN-004665,20231029,369,386,14,,6,-4414.74,4414.74,Transfer,Pending,0,0
4666,TXN-004666,20240808,426,924,2,7,5,-2886.25,2886.25,Expense,Completed,0,1
4667,TXN-004667,20240628,298,82,5,20,7,-53.16,53.16,Expense,Pending,0,0
4668,TXN-004668,20240323,316,428,11,,5,119.95,119.95,Income,Completed,0,0
4669,TXN-004669,20240109,638,31,5,15,6,-50.43,50.43,Expense,Completed,0,0
4670,TXN-004670,20221103,306,181,13,,6,460.92,460.92,Transfer,Pending,0,0
4671,TXN-004671,20240730,408,311,10,,6,12283.8,12283.8,Income,Completed,0,1
4672,TXN-004672,20230928,748,14,4,10,6,-165.75,165.75,Expense,Completed,0,0
4673,TXN-004673,20221230,577,908,3,2,3,-339.23,339.23,Expense,Completed,0,1
4674,TXN-004674,20230805,793,2,7,2,7,-29.7,29.7,Expense,Pending,0,0
4675,TXN-004675,20240708,722,288,1,8,4,-481.75,481.75,Expense,Completed,0,0
4676,TXN-004676,20230414,37,949,16,13,5,-401.25,401.25,Expense,Completed,0,1
4677,TXN-004677,20220618,325,329,13,,3,1225.21,1225.21,Transfer,Completed,0,0
4678,TXN-004678,20240216,39,815,1,12,5,-120.85,120.85,Expense,Pending,0,0
4679,TXN-004679,20220807,582,485,1,17,1,-422.98,422.98,Expense,Completed,0,0
4680,TXN-004680,20221231,371,127,7,1,7,-92.84,92.84,Expense,Pending,0,0
4681,TXN-004681,20240815,245,639,7,14,6,-423.64,423.64,Expense,Completed,1,0
4682,TXN-004682,20230531,217,376,4,5,3,-144.01,144.01,Expense,Completed,0,0
4683,TXN-004683,20230710,205,156,10,,7,8993.15,8993.15,Income,Completed,0,1
4684,TXN-004684,20220901,511,108,7,2,2,-343.54,343.54,Expense,Completed,0,0
4685,TXN-004685,20230924,634,727,7,16,7,-233.33,233.33,Expense,Completed,0,0
4686,TXN-004686,20230323,537,209,5,17,4,-142.14,142.14,Expense,Completed,0,0
4687,TXN-004687,20231206,760,13,1,11,3,-445.94,445.94,Expense,Completed,0,0
4688,TXN-004688,20240820,90,618,11,,7,456.91,456.91,Income,Completed,0,0
4689,TXN-004689,20240608,577,495,17,9,6,-136.78,136.78,Expense,Completed,0,1
4690,TXN-004690,20220202,516,216,1,6,7,-457.88,457.88,Expense,Completed,0,0
4691,TXN-004691,20230421,176,718,1,15,6,-301.76,301.76,Expense,Pending,0,0
4692,TXN-004692,20240801,266,265,6,20,2,-96.59,96.59,Expense,Pending,0,0
4693,TXN-004693,20240919,388,801,5,9,7,-22.39,22.39,Expense,Completed,0,0
4694,TXN-004694,20220409,64,478,7,10,3,-495.92,495.92,Expense,Completed,0,0
4695,TXN-004695,20221107,426,924,7,16,7,-59.01,59.01,Expense,Completed,0,0
4696,TXN-004696,20230916,707,484,1,17,1,-35.65,35.65,Expense,Failed,0,0
4697,TXN-004697,20240605,313,424,5,13,6,-111.2,111.2,Expense,Completed,0,0
4698,TXN-004698,20240925,357,309,11,,7,301.98,301.98,Income,Completed,0,0
4699,TXN-004699,20230725,635,952,4,6,3,-249.41,249.41,Expense,Completed,0,0
4700,TXN-004700,20220322,281,688,19,8,2,-31.4,31.4,Expense,Completed,1,0
4701,TXN-004701,20220507,553,171,10,,7,6109.3,6109.3,Income,Completed,0,1
4702,TXN-004702,20221212,506,719,5,7,3,-31.17,31.17,Expense,Completed,0,0
4703,TXN-004703,20230327,472,212,8,19,4,-19.05,19.05,Expense,Completed,0,0
4704,TXN-004704,20240128,324,345,12,,1,4346.59,4346.59,Income,Completed,1,0
4705,TXN-004705,20240312,6,387,11,,3,200.26,200.26,Income,Completed,0,0
4706,TXN-004706,20230430,706,481,4,4,7,-339.48,339.48,Expense,Completed,0,0
4707,TXN-004707,20240622,250,177,6,17,1,-104.52,104.52,Expense,Completed,0,0
4708,TXN-004708,20230407,66,23,12,,3,2637.06,2637.06,Income,Completed,0,0
4709,TXN-004709,20220903,397,632,10,,1,4949.14,4949.14,Income,Completed,0,1
4710,TXN-004710,20231023,351,790,16,2,6,-482.56,482.56,Expense,Completed,0,1
4711,TXN-004711,20240512,14,310,2,3,3,-1399.26,1399.26,Expense,Completed,0,1
4712,TXN-004712,20241230,782,28,14,,5,-4996.33,4996.33,Transfer,Completed,0,0
4713,TXN-004713,20221104,12,818,5,18,6,-122.1,122.1,Expense,Completed,0,0
4714,TXN-004714,20241118,61,608,9,20,2,-90.48,90.48,Expense,Completed,0,0
4715,TXN-004715,20220909,122,280,13,,3,2009.64,2009.64,Transfer,Completed,0,0
4716,TXN-004716,20230329,74,725,4,19,2,-122.12,122.12,Expense,Pending,0,0
4717,TXN-004717,20230502,703,198,6,10,7,-82.18,82.18,Expense,Completed,0,0
4718,TXN-004718,20220207,792,283,9,15,3,-311.83,311.83,Expense,Completed,0,0
4719,TXN-004719,20220327,721,147,1,20,7,-479.34,479.34,Expense,Pending,0,0
4720,TXN-004720,20240704,227,396,7,6,2,-217.15,217.15,Expense,Completed,0,0
4721,TXN-004721,20241229,560,66,16,15,1,-264.23,264.23,Expense,Pending,0,1
4722,TXN-004722,20230301,768,282,6,20,7,-26.62,26.62,Expense,Completed,0,0
4723,TXN-004723,20230220,238,438,8,6,6,-176.99,176.99,Expense,Completed,0,0
4724,TXN-004724,20221208,355,49,8,1,4,-343.25,343.25,Expense,Completed,0,0
4725,TXN-004725,20220814,717,306,4,5,1,-289.24,289.24,Expense,Completed,0,0
4726,TXN-004726,20230415,289,982,11,,7,82.77,82.77,Income,Failed,0,0
4727,TXN-004727,20240719,209,509,4,19,7,-293.67,293.67,Expense,Completed,0,0
4728,TXN-004728,20230929,680,401,5,5,1,-60.71,60.71,Expense,Completed,0,0
4729,TXN-004729,20231221,227,396,7,3,7,-260.23,260.23,Expense,Completed,0,0
4730,TXN-004730,20220804,379,426,4,6,4,-166.75,166.75,Expense,Completed,0,0
4731,TXN-004731,20231002,162,685,3,14,5,-370.27,370.27,Expense,Completed,0,1
4732,TXN-004732,20240219,251,578,14,,5,-774.25,774.25,Transfer,Completed,0,0
4733,TXN-004733,20241106,174,671,10,,1,11822.59,11822.59,Income,Completed,0,1
4734,TXN-004734,20220125,203,942,13,,6,4100.0,4100.0,Transfer,Completed,0,0
4735,TXN-004735,20230823,106,569,2,3,6,-2645.06,2645.06,Expense,Pending,0,1
4736,TXN-004736,20230702,73,7,17,18,1,-146.72,146.72,Expense,Completed,0,1
4737,TXN-004737,20220130,236,807,6,2,2,-138.89,138.89,Expense,Completed,1,0
4738,TXN-004738,20221102,475,702,10,,3,3937.46,3937.46,Income,Completed,0,1
4739,TXN-004739,20220320,567,197,4,2,6,-79.62,79.62,Expense,Pending,0,0
4740,TXN-004740,20230706,312,466,8,3,2,-60.94,60.94,Expense,Completed,0,0
4741,TXN-004741,20220720,185,714,5,18,5,-146.49,146.49,Expense,Completed,0,0
4742,TXN-004742,20230223,641,831,1,11,1,-150.87,150.87,Expense,Completed,0,0
4743,TXN-004743,20220908,390,994,13,,6,2608.67,2608.67,Transfer,Pending,1,0
4744,TXN-004744,20221204,698,346,7,8,3,-203.32,203.32,Expense,Completed,0,0
4745,TXN-004745,20221226,121,470,4,17,4,-441.43,441.43,Expense,Completed,0,0
4746,TXN-004746,20240809,523,45,15,9,5,-223.07,223.07,Expense,Completed,0,1
4747,TXN-004747,20221203,337,303,2,11,4,-2887.4,2887.4,Expense,Completed,0,1
4748,TXN-004748,20230910,196,441,4,15,7,-373.11,373.11,Expense,Completed,1,0
4749,TXN-004749,20221210,611,934,10,,5,9867.22,9867.22,Income,Completed,0,1
4750,TXN-004750,20231108,634,699,5,1,2,-47.23,47.23,Expense,Completed,0,0
4751,TXN-004751,20230311,492,76,7,19,7,-224.42,224.42,Expense,Completed,0,0
4752,TXN-004752,20240927,675,362,20,,5,9397.2,9397.2,Income,Pending,0,0
4753,TXN-004753,20230624,609,843,1,10,6,-88.33,88.33,Expense,Failed,0,0
4754,TXN-004754,20220207,489,647,14,,7,-2099.97,2099.97,Transfer,Completed,0,0
4755,TXN-004755,20241213,565,689,14,,1,-1273.79,1273.79,Transfer,Completed,0,0
4756,TXN-004756,20230418,315,348,5,11,7,-103.9,103.9,Expense,Pending,0,0
4757,TXN-004757,20241222,604,916,5,10,1,-106.04,106.04,Expense,Completed,0,0
4758,TXN-004758,20230727,262,492,10,,6,2500.84,2500.84,Income,Reversed,0,1
4759,TXN-004759,20230706,601,141,14,,1,-620.96,620.96,Transfer,Completed,0,0
4760,TXN-004760,20231202,149,959,2,14,5,-1495.84,1495.84,Expense,Completed,0,1
4761,TXN-004761,20240201,305,667,1,8,5,-485.93,485.93,Expense,Completed,0,0
4762,TXN-004762,20221025,590,338,12,,1,2157.44,2157.44,Income,Completed,0,0
4763,TXN-004763,20230519,442,776,5,6,4,-134.85,134.85,Expense,Completed,0,0
4764,TXN-004764,20240417,595,521,1,10,6,-133.08,133.08,Expense,Reversed,0,0
4765,TXN-004765,20231212,220,59,6,2,5,-97.97,97.97,Expense,Pending,0,0
4766,TXN-004766,20240403,37,444,8,13,2,-386.5,386.5,Expense,Completed,0,0
4767,TXN-004767,20230109,759,708,2,13,2,-1630.11,1630.11,Expense,Completed,0,1
4768,TXN-004768,20240904,621,573,1,15,1,-115.15,115.15,Expense,Completed,0,0
4769,TXN-004769,20240710,780,890,7,10,4,-389.95,389.95,Expense,Completed,0,0
4770,TXN-004770,20230610,651,60,17,11,5,-63.62,63.62,Expense,Completed,0,1
4771,TXN-004771,20220617,189,243,10,,7,5005.5,5005.5,Income,Completed,0,1
4772,TXN-004772,20241028,104,933,4,6,4,-132.54,132.54,Expense,Completed,0,0
4773,TXN-004773,20240319,91,752,7,17,2,-228.47,228.47,Expense,Completed,0,0
4774,TXN-004774,20230503,561,668,1,18,1,-235.31,235.31,Expense,Completed,0,0
4775,TXN-004775,20220703,761,351,2,17,1,-2415.29,2415.29,Expense,Completed,0,1
4776,TXN-004776,20220423,757,504,20,,5,6186.57,6186.57,Income,Completed,0,0
4777,TXN-004777,20240226,636,992,4,18,6,-194.8,194.8,Expense,Completed,0,0
4778,TXN-004778,20230629,102,489,3,19,6,-198.62,198.62,Expense,Completed,0,1
4779,TXN-004779,20220930,787,235,8,17,5,-335.29,335.29,Expense,Failed,1,0
4780,TXN-004780,20231005,508,816,19,20,6,-388.22,388.22,Expense,Completed,0,0
4781,TXN-004781,20231005,268,247,7,3,1,-319.53,319.53,Expense,Completed,0,0
4782,TXN-004782,20240602,401,820,4,11,6,-85.12,85.12,Expense,Completed,0,0
4783,TXN-004783,20241118,526,240,7,16,6,-381.21,381.21,Expense,Completed,0,0
4784,TXN-004784,20240516,637,706,6,20,7,-5.93,5.93,Expense,Completed,0,0
4785,TXN-004785,20231217,699,468,16,10,6,-235.85,235.85,Expense,Completed,0,1
4786,TXN-004786,20220117,461,918,1,4,5,-218.44,218.44,Expense,Completed,0,0
4787,TXN-004787,20220213,308,806,5,3,7,-111.61,111.61,Expense,Failed,0,0
4788,TXN-004788,20220527,721,147,15,7,6,-635.43,635.43,Expense,Completed,0,1
4789,TXN-004789,20241209,184,931,1,17,3,-101.59,101.59,Expense,Completed,0,0
4790,TXN-004790,20240416,419,38,10,,5,14960.84,14960.84,Income,Completed,0,1
4791,TXN-004791,20231109,733,121,1,19,2,-188.45,188.45,Expense,Completed,0,0
4792,TXN-004792,20230805,313,424,17,2,3,-96.46,96.46,Expense,Completed,0,1
4793,TXN-004793,20241018,220,10,17,8,3,-91.46,91.46,Expense,Completed,0,1
4794,TXN-004794,20220612,168,878,2,16,3,-2421.49,2421.49,Expense,Completed,0,1
4795,TXN-004795,20220319,667,571,7,4,3,-416.49,416.49,Expense,Completed,0,0
4796,TXN-004796,20241224,274,185,5,6,7,-36.67,36.67,Expense,Pending,0,0
4797,TXN-004797,20220928,430,261,7,9,2,-405.74,405.74,Expense,Completed,0,0
4798,TXN-004798,20220622,198,151,16,1,6,-41.41,41.41,Expense,Completed,0,1
4799,TXN-004799,20221222,431,106,4,19,3,-380.88,380.88,Expense,Completed,1,0
4800,TXN-004800,20230305,276,738,16,4,2,-106.11,106.11,Expense,Completed,0,1
4801,TXN-004801,20241226,708,150,16,1,2,-121.28,121.28,Expense,Pending,0,1
4802,TXN-004802,20230727,269,530,10,,2,3661.75,3661.75,Income,Completed,0,1
4803,TXN-004803,20220509,122,280,3,1,2,-53.21,53.21,Expense,Completed,0,1
4804,TXN-004804,20220305,487,207,10,,6,1688.11,1688.11,Income,Completed,0,1
4805,TXN-004805,20230608,411,548,5,10,3,-43.66,43.66,Expense,Completed,0,0
4806,TXN-004806,20241029,221,512,10,,5,14131.67,14131.67,Income,Completed,0,1
4807,TXN-004807,20221027,112,896,9,1,6,-259.71,259.71,Expense,Completed,0,0
4808,TXN-004808,20230708,389,327,7,5,7,-301.84,301.84,Expense,Completed,0,0
4809,TXN-004809,20241023,511,950,5,7,2,-6.73,6.73,Expense,Completed,0,0
4810,TXN-004810,20220813,597,995,1,4,6,-136.71,136.71,Expense,Failed,0,0
4811,TXN-004811,20220112,543,963,20,,6,9333.92,9333.92,Income,Pending,0,0
4812,TXN-004812,20220108,601,141,10,,1,7099.22,7099.22,Income,Completed,0,1
4813,TXN-004813,20240916,594,450,4,8,5,-92.28,92.28,Expense,Completed,0,0
4814,TXN-004814,20221201,567,197,10,,6,10150.41,10150.41,Income,Completed,0,1
4815,TXN-004815,20230708,637,706,13,,7,999.99,999.99,Transfer,Completed,0,0
4816,TXN-004816,20241208,264,514,3,1,4,-446.12,446.12,Expense,Completed,0,1
4817,TXN-004817,20230817,451,457,10,,6,4554.34,4554.34,Income,Completed,0,1
4818,TXN-004818,20241002,161,381,4,7,1,-226.9,226.9,Expense,Completed,0,0
4819,TXN-004819,20221117,639,315,10,,1,5044.93,5044.93,Income,Completed,0,1
4820,TXN-004820,20220831,567,946,10,,5,10688.51,10688.51,Income,Pending,0,1
4821,TXN-004821,20221115,499,905,7,9,4,-97.14,97.14,Expense,Completed,0,0
4822,TXN-004822,20230422,40,81,10,,7,6524.58,6524.58,Income,Completed,0,1
4823,TXN-004823,20230217,175,102,7,12,6,-347.52,347.52,Expense,Completed,0,0
4824,TXN-004824,20240915,360,879,6,9,7,-30.36,30.36,Expense,Completed,0,0
4825,TXN-004825,20220731,461,670,15,8,6,-1481.8,1481.8,Expense,Completed,0,1
4826,TXN-004826,20230911,649,433,5,10,2,-118.14,118.14,Expense,Completed,0,0
4827,TXN-004827,20230210,550,152,2,20,4,-2384.65,2384.65,Expense,Completed,0,1
4828,TXN-004828,20220430,677,661,3,6,4,-466.83,466.83,Expense,Completed,0,1
4829,TXN-004829,20220801,482,230,7,1,3,-178.62,178.62,Expense,Completed,1,0
4830,TXN-004830,20240719,543,963,1,8,3,-321.75,321.75,Expense,Completed,0,0
4831,TXN-004831,20240830,154,821,13,,6,2696.02,2696.02,Transfer,Completed,0,0
4832,TXN-004832,20230423,166,803,13,,6,1039.12,1039.12,Transfer,Completed,0,0
4833,TXN-004833,20220521,414,298,5,3,7,-91.34,91.34,Expense,Completed,0,0
4834,TXN-004834,20240820,411,94,1,7,5,-106.24,106.24,Expense,Completed,0,0
4835,TXN-004835,20230514,414,298,13,,4,3899.84,3899.84,Transfer,Completed,0,0
4836,TXN-004836,20220819,744,234,10,,3,4082.65,4082.65,Income,Completed,0,1
4837,TXN-004837,20220419,769,413,20,,5,8824.34,8824.34,Income,Reversed,0,0
4838,TXN-004838,20220901,570,796,19,19,2,-88.74,88.74,Expense,Completed,0,0
4839,TXN-004839,20220411,271,179,20,,5,8528.91,8528.91,Income,Completed,0,0
4840,TXN-004840,20241002,551,16,15,2,1,-1741.93,1741.93,Expense,Completed,0,1
4841,TXN-004841,20230810,613,669,10,,1,13058.16,13058.16,Income,Failed,0,1
4842,TXN-004842,20220511,416,724,7,4,6,-265.49,265.49,Expense,Completed,0,0
4843,TXN-004843,20220520,462,513,11,,7,415.99,415.99,Income,Completed,0,0
4844,TXN-004844,20231013,786,948,14,,3,-3277.55,3277.55,Transfer,Completed,0,0
4845,TXN-004845,20230114,496,740,5,16,5,-126.22,126.22,Expense,Completed,0,0
4846,TXN-004846,20240627,460,612,2,16,3,-999.79,999.79,Expense,Completed,0,1
4847,TXN-004847,20230415,266,265,5,16,5,-97.45,97.45,Expense,Completed,0,0
4848,TXN-004848,20240203,125,723,14,,4,-555.8,555.8,Transfer,Pending,0,0
4849,TXN-004849,20220805,711,221,4,2,6,-373.3,373.3,Expense,Completed,0,0
4850,TXN-004850,20241105,773,385,7,5,3,-276.95,276.95,Expense,Completed,0,0
4851,TXN-004851,20230721,340,913,3,2,6,-175.11,175.11,Expense,Completed,0,1
4852,TXN-004852,20220425,185,714,1,9,1,-122.88,122.88,Expense,Pending,0,0
4853,TXN-004853,20221230,499,352,20,,4,4709.35,4709.35,Income,Pending,0,0
4854,TXN-004854,20220103,711,221,3,13,3,-305.55,305.55,Expense,Completed,0,1
4855,TXN-004855,20220406,295,619,13,,3,4751.69,4751.69,Transfer,Completed,0,0
4856,TXN-004856,20230412,48,711,11,,1,240.04,240.04,Income,Completed,0,0
4857,TXN-004857,20220913,725,192,7,1,7,-84.83,84.83,Expense,Completed,0,0
4858,TXN-004858,20231013,674,32,10,,6,14444.9,14444.9,Income,Pending,0,1
4859,TXN-004859,20241216,340,432,13,,1,4490.5,4490.5,Transfer,Completed,0,0
4860,TXN-004860,20220726,561,24,11,,5,208.38,208.38,Income,Completed,0,0
4861,TXN-004861,20230827,320,330,10,,1,2709.61,2709.61,Income,Completed,0,1
4862,TXN-004862,20220901,125,723,3,8,5,-311.55,311.55,Expense,Failed,1,1
4863,TXN-004863,20230930,129,522,1,19,7,-266.69,266.69,Expense,Completed,0,0
4864,TXN-004864,20220815,211,543,10,,1,2673.36,2673.36,Income,Completed,0,1
4865,TXN-004865,20220706,447,302,20,,7,7869.79,7869.79,Income,Completed,0,0
4866,TXN-004866,20220802,598,356,4,8,3,-446.86,446.86,Expense,Completed,1,0
4867,TXN-004867,20230313,240,636,4,8,7,-486.16,486.16,Expense,Completed,0,0
4868,TXN-004868,20230412,730,427,6,17,5,-50.65,50.65,Expense,Completed,0,0
4869,TXN-004869,20231012,207,640,18,3,6,-2140.55,2140.55,Expense,Completed,0,0
4870,TXN-004870,20241023,648,257,8,4,6,-442.63,442.63,Expense,Completed,0,0
4871,TXN-004871,20231114,531,323,4,8,3,-349.92,349.92,Expense,Failed,0,0
4872,TXN-004872,20230429,410,695,12,,2,3716.99,3716.99,Income,Completed,0,0
4873,TXN-004873,20240427,725,192,7,4,5,-96.11,96.11,Expense,Completed,0,0
4874,TXN-004874,20221128,700,542,3,15,7,-43.9,43.9,Expense,Completed,0,1
4875,TXN-004875,20240206,706,481,15,2,6,-1062.93,1062.93,Expense,Completed,0,1
4876,TXN-004876,20221101,163,986,11,,4,438.65,438.65,Income,Completed,0,0
4877,TXN-004877,20240308,117,467,20,,6,8903.61,8903.61,Income,Completed,0,0
4878,TXN-004878,20220219,508,161,2,14,4,-2680.95,2680.95,Expense,Completed,0,1
4879,TXN-004879,20240223,789,193,3,16,6,-64.12,64.12,Expense,Completed,0,1
4880,TXN-004880,20240823,48,469,3,14,7,-207.67,207.67,Expense,Completed,0,1
4881,TXN-004881,20231211,318,40,1,11,1,-304.9,304.9,Expense,Completed,0,0
4882,TXN-004882,20240817,782,28,6,20,1,-143.2,143.2,Expense,Completed,0,0
4883,TXN-004883,20240407,333,911,4,2,2,-214.15,214.15,Expense,Completed,1,0
4884,TXN-004884,20220804,56,642,4,15,5,-319.67,319.67,Expense,Completed,0,0
4885,TXN-004885,20240615,11,876,1,8,7,-321.68,321.68,Expense,Completed,0,0
4886,TXN-004886,20220108,693,583,6,12,7,-34.59,34.59,Expense,Completed,0,0
4887,TXN-004887,20231022,675,858,2,12,3,-2658.32,2658.32,Expense,Completed,0,1
4888,TXN-004888,20230812,611,934,2,2,1,-1872.47,1872.47,Expense,Completed,0,1
4889,TXN-004889,20230109,352,795,2,16,4,-2747.35,2747.35,Expense,Completed,0,1
4890,TXN-004890,20220823,41,532,20,,2,1310.57,1310.57,Income,Completed,0,0
4891,TXN-004891,20230108,508,810,2,14,3,-1448.8,1448.8,Expense,Completed,0,1
4892,TXN-004892,20230313,435,653,14,,6,-2716.1,2716.1,Transfer,Completed,0,0
4893,TXN-004893,20231215,119,703,1,11,3,-187.67,187.67,Expense,Failed,0,0
4894,TXN-004894,20241214,279,838,1,17,7,-164.8,164.8,Expense,Completed,0,0
4895,TXN-004895,20240505,713,851,3,12,7,-261.05,261.05,Expense,Pending,0,1
4896,TXN-004896,20230913,110,159,3,3,6,-97.38,97.38,Expense,Completed,0,1
4897,TXN-004897,20230731,352,363,10,,1,13848.64,13848.64,Income,Completed,0,1
4898,TXN-004898,20231015,440,586,8,15,7,-197.23,197.23,Expense,Completed,0,0
4899,TXN-004899,20230106,425,534,5,3,6,-13.18,13.18,Expense,Completed,0,0
4900,TXN-004900,20241107,408,1000,4,19,1,-173.12,173.12,Expense,Completed,0,0
4901,TXN-004901,20230123,641,831,3,19,5,-222.55,222.55,Expense,Completed,0,1
4902,TXN-004902,20230831,566,297,16,10,2,-182.46,182.46,Expense,Completed,0,1
4903,TXN-004903,20230310,57,383,7,17,4,-315.68,315.68,Expense,Completed,0,0
4904,TXN-004904,20241108,280,100,15,2,1,-1847.58,1847.58,Expense,Completed,0,1
4905,TXN-004905,20241120,415,967,18,8,1,-2570.97,2570.97,Expense,Completed,0,0
4906,TXN-004906,20240907,269,176,5,12,7,-48.93,48.93,Expense,Reversed,0,0
4907,TXN-004907,20220124,162,685,20,,1,5160.63,5160.63,Income,Completed,0,0
4908,TXN-004908,20220531,652,885,7,14,7,-455.09,455.09,Expense,Reversed,0,0
4909,TXN-004909,20230109,100,30,1,5,2,-188.48,188.48,Expense,Completed,0,0
4910,TXN-004910,20230525,740,190,8,4,6,-346.05,346.05,Expense,Pending,0,0
4911,TXN-004911,20230730,427,520,2,10,5,-852.48,852.48,Expense,Completed,0,1
4912,TXN-004912,20231027,618,52,15,2,7,-1802.04,1802.04,Expense,Completed,0,1
4913,TXN-004913,20230613,545,829,14,,6,-4942.44,4942.44,Transfer,Completed,0,0
4914,TXN-004914,20230104,206,138,15,19,4,-1528.81,1528.81,Expense,Completed,0,1
4915,TXN-004915,20240904,663,326,9,19,6,-497.43,497.43,Expense,Completed,0,0
4916,TXN-004916,20231204,448,305,5,3,3,-78.78,78.78,Expense,Completed,0,0
4917,TXN-004917,20230227,569,915,1,1,1,-436.63,436.63,Expense,Pending,0,0
4918,TXN-004918,20241002,245,600,11,,1,357.43,357.43,Income,Completed,0,0
4919,TXN-004919,20230917,35,965,10,,1,12706.16,12706.16,Income,Completed,0,1
4920,TXN-004920,20221209,262,435,20,,3,9124.34,9124.34,Income,Reversed,0,0
4921,TXN-004921,20230227,126,84,19,18,4,-153.22,153.22,Expense,Reversed,0,0
4922,TXN-004922,20221226,19,516,12,,2,3367.92,3367.92,Income,Completed,0,0
4923,TXN-004923,20241216,10,749,2,14,6,-884.81,884.81,Expense,Completed,0,1
4924,TXN-004924,20230811,76,929,1,11,1,-493.34,493.34,Expense,Completed,0,0
4925,TXN-004925,20221019,800,403,1,19,5,-356.78,356.78,Expense,Completed,0,0
4926,TXN-004926,20240523,727,405,10,,3,12730.23,12730.23,Income,Pending,0,1
4927,TXN-004927,20240415,66,23,7,4,7,-299.45,299.45,Expense,Completed,0,0
4928,TXN-004928,20221204,795,835,4,1,5,-107.4,107.4,Expense,Completed,0,0
4929,TXN-004929,20220919,128,196,8,1,4,-459.72,459.72,Expense,Completed,1,0
4930,TXN-004930,20230319,15,631,2,1,1,-1247.7,1247.7,Expense,Completed,0,1
4931,TXN-004931,20240226,650,419,18,3,4,-2447.9,2447.9,Expense,Failed,0,0
4932,TXN-004932,20220723,561,668,4,10,5,-446.96,446.96,Expense,Completed,0,0
4933,TXN-004933,20221218,161,381,6,7,6,-30.14,30.14,Expense,Completed,0,0
4934,TXN-004934,20240919,682,158,17,15,2,-142.77,142.77,Expense,Completed,0,1
4935,TXN-004935,20220614,531,323,14,,4,-1168.45,1168.45,Transfer,Completed,0,0
4936,TXN-004936,20221017,249,502,1,9,5,-227.27,227.27,Expense,Completed,0,0
4937,TXN-004937,20221011,207,640,10,,3,3726.72,3726.72,Income,Completed,0,1
4938,TXN-004938,20240209,769,413,7,9,5,-332.43,332.43,Expense,Completed,0,0
4939,TXN-004939,20221123,674,32,2,20,3,-1468.53,1468.53,Expense,Completed,0,1
4940,TXN-004940,20220420,745,713,13,,1,3692.34,3692.34,Transfer,Completed,0,0
4941,TXN-004941,20221030,114,461,15,6,2,-1552.01,1552.01,Expense,Completed,0,1
4942,TXN-004942,20230110,90,618,14,,2,-2731.1,2731.1,Transfer,Completed,0,0
4943,TXN-004943,20241115,531,323,11,,2,180.7,180.7,Income,Completed,0,0
4944,TXN-004944,20240626,111,210,16,9,5,-59.07,59.07,Expense,Pending,1,1
4945,TXN-004945,20241017,245,439,3,16,5,-32.49,32.49,Expense,Completed,0,1
4946,TXN-004946,20220630,482,230,10,,1,3539.95,3539.95,Income,Completed,0,1
4947,TXN-004947,20240502,392,443,1,10,2,-306.94,306.94,Expense,Completed,0,0
4948,TXN-004948,20230804,283,211,8,20,3,-430.46,430.46,Expense,Completed,0,0
4949,TXN-004949,20231025,124,930,15,10,5,-1205.1,1205.1,Expense,Completed,0,1
4950,TXN-004950,20230311,389,737,14,,2,-4626.09,4626.09,Transfer,Completed,0,0
4951,TXN-004951,20220108,134,347,13,,3,4186.97,4186.97,Transfer,Completed,0,0
4952,TXN-004952,20220426,477,388,2,7,4,-1355.08,1355.08,Expense,Completed,0,1
4953,TXN-004953,20230426,510,551,16,7,1,-387.44,387.44,Expense,Completed,0,1
4954,TXN-004954,20241109,147,793,1,2,5,-302.84,302.84,Expense,Completed,0,0
4955,TXN-004955,20230207,530,391,6,19,2,-42.82,42.82,Expense,Completed,0,0
4956,TXN-004956,20240710,476,574,2,11,7,-1626.86,1626.86,Expense,Completed,0,1
4957,TXN-004957,20230807,51,755,5,18,4,-19.85,19.85,Expense,Completed,1,0
4958,TXN-004958,20220525,248,125,1,15,4,-133.86,133.86,Expense,Completed,0,0
4959,TXN-004959,20240411,716,731,2,7,6,-588.64,588.64,Expense,Failed,0,1
4960,TXN-004960,20221124,114,461,2,9,6,-2713.61,2713.61,Expense,Completed,0,1
4961,TXN-004961,20240905,468,85,3,1,2,-453.85,453.85,Expense,Completed,0,1
4962,TXN-004962,20220926,682,158,3,19,1,-463.24,463.24,Expense,Completed,0,1
4963,TXN-004963,20230318,2,4,4,2,1,-379.29,379.29,Expense,Completed,0,0
4964,TXN-004964,20221123,594,450,2,20,4,-585.3,585.3,Expense,Completed,0,1
4965,TXN-004965,20220919,288,812,10,,3,7167.92,7167.92,Income,Failed,0,1
4966,TXN-004966,20220519,590,313,18,14,7,-2313.01,2313.01,Expense,Completed,0,0
4967,TXN-004967,20220803,122,280,16,20,3,-53.9,53.9,Expense,Pending,0,1
4968,TXN-004968,20220120,590,313,3,7,1,-45.66,45.66,Expense,Completed,0,1
4969,TXN-004969,20230702,644,710,6,2,3,-84.0,84.0,Expense,Failed,0,0
4970,TXN-004970,20221011,416,724,1,3,6,-135.55,135.55,Expense,Completed,0,0
4971,TXN-004971,20240411,590,364,10,,4,13515.93,13515.93,Income,Completed,0,1
4972,TXN-004972,20241106,342,343,15,8,3,-1237.59,1237.59,Expense,Failed,1,1
4973,TXN-004973,20231010,56,928,8,18,3,-198.46,198.46,Expense,Completed,0,0
4974,TXN-004974,20221009,91,786,7,17,6,-492.45,492.45,Expense,Completed,0,0
4975,TXN-004975,20241221,340,36,7,8,3,-87.74,87.74,Expense,Failed,0,0
4976,TXN-004976,20230217,403,960,14,,5,-3457.53,3457.53,Transfer,Pending,0,0
4977,TXN-004977,20221202,324,926,15,19,5,-946.7,946.7,Expense,Completed,0,1
4978,TXN-004978,20221211,318,112,6,14,1,-55.53,55.53,Expense,Completed,0,0
4979,TXN-004979,20240804,715,452,3,18,7,-262.92,262.92,Expense,Completed,0,1
4980,TXN-004980,20230816,145,565,4,13,5,-172.77,172.77,Expense,Completed,0,0
4981,TXN-004981,20230606,460,487,10,,3,5554.71,5554.71,Income,Completed,0,1
4982,TXN-004982,20241203,217,376,17,15,1,-53.34,53.34,Expense,Completed,0,1
4983,TXN-004983,20241212,546,186,5,12,2,-36.46,36.46,Expense,Failed,0,0
4984,TXN-004984,20231114,640,335,1,11,2,-42.24,42.24,Expense,Pending,0,0
4985,TXN-004985,20240106,222,79,15,5,2,-611.66,611.66,Expense,Completed,0,1
4986,TXN-004986,20240712,486,252,13,,7,2371.07,2371.07,Transfer,Completed,0,0
4987,TXN-004987,20240704,387,219,4,14,5,-384.44,384.44,Expense,Completed,0,0
4988,TXN-004988,20230310,706,481,5,19,1,-102.98,102.98,Expense,Completed,0,0
4989,TXN-004989,20240305,560,901,10,,4,9389.72,9389.72,Income,Failed,0,1
4990,TXN-004990,20240424,6,387,8,1,1,-141.96,141.96,Expense,Completed,0,0
4991,TXN-004991,20220122,555,332,12,,3,976.17,976.17,Income,Completed,0,0
4992,TXN-004992,20230831,613,669,7,9,6,-22.27,22.27,Expense,Completed,0,0
4993,TXN-004993,20240612,145,577,8,4,4,-67.14,67.14,Expense,Completed,0,0
4994,TXN-004994,20240409,110,704,13,,1,3826.37,3826.37,Transfer,Completed,0,0
4995,TXN-004995,20230308,623,63,4,18,5,-83.49,83.49,Expense,Completed,0,0
4996,TXN-004996,20220623,79,39,2,17,5,-826.41,826.41,Expense,Failed,0,1
4997,TXN-004997,20231113,537,209,20,,5,7792.12,7792.12,Income,Completed,0,0
4998,TXN-004998,20220108,622,906,12,,3,4984.68,4984.68,Income,Completed,0,0
4999,TXN-004999,20231215,550,152,19,13,2,-262.65,262.65,Expense,Failed,0,0
5000,TXN-005000,20221012,44,652,1,5,3,-28.9,28.9,Expense,Failed,0,0
5001,TXN-005001,20230917,246,244,13,,1,4916.2,4916.2,Transfer,Completed,0,0
5002,TXN-005002,20240826,130,822,6,15,4,-32.85,32.85,Expense,Completed,0,0
5003,TXN-005003,20220602,269,304,2,13,1,-1937.68,1937.68,Expense,Completed,0,1
5004,TXN-005004,20240405,754,754,5,9,4,-88.18,88.18,Expense,Pending,0,0
5005,TXN-005005,20220610,399,764,4,4,6,-322.27,322.27,Expense,Completed,0,0
5006,TXN-005006,20220920,262,435,3,6,1,-23.16,23.16,Expense,Completed,0,1
5007,TXN-005007,20230731,14,408,7,3,1,-262.02,262.02,Expense,Completed,0,0
5008,TXN-005008,20230107,645,480,4,8,3,-38.7,38.7,Expense,Completed,0,0
5009,TXN-005009,20230524,222,79,18,5,1,-718.73,718.73,Expense,Completed,0,0
5010,TXN-005010,20220825,675,858,11,,2,27.17,27.17,Income,Pending,0,0
5011,TXN-005011,20230820,431,106,14,,6,-3942.02,3942.02,Transfer,Completed,0,0
5012,TXN-005012,20240115,730,427,12,,4,1276.47,1276.47,Income,Completed,0,0
5013,TXN-005013,20240721,206,113,7,20,6,-212.04,212.04,Expense,Completed,0,0
5014,TXN-005014,20220808,611,934,14,,2,-1702.91,1702.91,Transfer,Pending,0,0
5015,TXN-005015,20220404,462,215,2,3,5,-1417.56,1417.56,Expense,Completed,0,1
5016,TXN-005016,20220501,159,372,6,10,6,-107.54,107.54,Expense,Completed,0,0
5017,TXN-005017,20240310,555,840,19,18,6,-300.57,300.57,Expense,Completed,0,0
5018,TXN-005018,20230814,605,136,3,17,1,-403.96,403.96,Expense,Completed,0,1
5019,TXN-005019,20220521,315,348,14,,7,-1921.92,1921.92,Transfer,Completed,0,0
5020,TXN-005020,20220816,390,272,16,4,6,-413.15,413.15,Expense,Completed,0,1
5021,TXN-005021,20240703,766,301,7,19,1,-227.47,227.47,Expense,Completed,0,0
5022,TXN-005022,20220201,520,26,4,19,1,-123.43,123.43,Expense,Completed,0,0
5023,TXN-005023,20230126,795,835,1,4,2,-407.24,407.24,Expense,Completed,0,0
5024,TXN-005024,20230216,357,133,18,7,7,-2575.13,2575.13,Expense,Completed,0,0
5025,TXN-005025,20231004,675,245,1,20,3,-363.99,363.99,Expense,Completed,0,0
5026,TXN-005026,20241204,46,866,6,6,6,-31.66,31.66,Expense,Completed,0,0
5027,TXN-005027,20240905,508,810,17,4,4,-76.2,76.2,Expense,Completed,0,1
5028,TXN-005028,20220303,500,349,12,,6,3502.53,3502.53,Income,Completed,0,0
5029,TXN-005029,20230803,314,854,10,,5,12043.61,12043.61,Income,Completed,0,1
5030,TXN-005030,20220505,97,80,1,13,5,-408.86,408.86,Expense,Completed,0,0
5031,TXN-005031,20231129,460,487,11,,7,436.24,436.24,Income,Completed,0,0
5032,TXN-005032,20240709,350,213,4,15,4,-367.75,367.75,Expense,Failed,0,0
5033,TXN-005033,20240429,222,588,20,,4,5782.25,5782.25,Income,Completed,0,0
5034,TXN-005034,20231205,503,123,6,4,7,-68.63,68.63,Expense,Completed,0,0
5035,TXN-005035,20231222,84,791,6,6,1,-83.98,83.98,Expense,Completed,0,0
5036,TXN-005036,20220923,672,553,16,14,4,-445.47,445.47,Expense,Completed,0,1
5037,TXN-005037,20231029,441,881,10,,5,14284.18,14284.18,Income,Completed,1,1
5038,TXN-005038,20220513,318,40,10,,1,5867.51,5867.51,Income,Completed,0,1
5039,TXN-005039,20220327,35,965,13,,2,3953.05,3953.05,Transfer,Completed,0,0
5040,TXN-005040,20220303,477,388,5,4,6,-78.22,78.22,Expense,Completed,0,0
5041,TXN-005041,20240701,211,543,2,1,1,-2358.88,2358.88,Expense,Completed,0,1
5042,TXN-005042,20231108,767,316,10,,6,8258.91,8258.91,Income,Completed,0,1
5043,TXN-005043,20240330,31,955,7,13,7,-374.14,374.14,Expense,Completed,0,0
5044,TXN-005044,20231213,637,355,3,18,6,-294.2,294.2,Expense,Completed,0,1
5045,TXN-005045,20221125,623,63,7,15,4,-303.1,303.1,Expense,Completed,0,0
5046,TXN-005046,20231031,792,414,10,,6,3838.32,3838.32,Income,Completed,0,1
5047,TXN-005047,20220122,785,809,16,4,1,-220.05,220.05,Expense,Completed,0,1
5048,TXN-005048,20240311,355,884,10,,2,3442.79,3442.79,Income,Pending,0,1
5049,TXN-005049,20240210,287,324,5,6,4,-85.09,85.09,Expense,Completed,0,0
5050,TXN-005050,20241012,389,327,7,1,3,-155.6,155.6,Expense,Completed,0,0
5051,TXN-005051,20240317,667,571,10,,6,5379.37,5379.37,Income,Completed,0,1
5052,TXN-005052,20230624,51,429,1,11,3,-232.28,232.28,Expense,Completed,0,0
5053,TXN-005053,20220123,427,520,1,20,5,-109.31,109.31,Expense,Pending,0,0
5054,TXN-005054,20221025,425,534,1,15,3,-456.43,456.43,Expense,Pending,0,0
5055,TXN-005055,20230203,418,453,1,10,2,-134.49,134.49,Expense,Completed,0,0
5056,TXN-005056,20220314,438,55,2,7,2,-1117.17,1117.17,Expense,Completed,0,1
5057,TXN-005057,20230921,602,97,18,18,2,-356.57,356.57,Expense,Completed,0,0
5058,TXN-005058,20240201,569,915,20,,1,8885.15,8885.15,Income,Completed,0,0
5059,TXN-005059,20240405,155,462,1,9,7,-420.26,420.26,Expense,Completed,0,0
5060,TXN-005060,20230305,648,257,2,14,1,-2997.34,2997.34,Expense,Completed,0,1
5061,TXN-005061,20231101,331,118,1,1,2,-411.89,411.89,Expense,Completed,0,0
5062,TXN-005062,20240127,631,88,7,20,2,-209.42,209.42,Expense,Completed,0,0
5063,TXN-005063,20240331,141,877,6,10,7,-129.94,129.94,Expense,Completed,0,0
5064,TXN-005064,20230526,11,876,14,,3,-3487.9,3487.9,Transfer,Completed,0,0
5065,TXN-005065,20220407,453,445,2,8,5,-2203.52,2203.52,Expense,Completed,0,1
5066,TXN-005066,20240121,631,88,1,17,1,-498.68,498.68,Expense,Completed,0,0
5067,TXN-005067,20220911,550,152,13,,6,372.56,372.56,Transfer,Completed,0,0
5068,TXN-005068,20220916,482,230,4,11,2,-153.58,153.58,Expense,Completed,0,0
5069,TXN-005069,20240525,433,633,8,1,1,-369.03,369.03,Expense,Completed,0,0
5070,TXN-005070,20240606,200,33,2,2,4,-2008.7,2008.7,Expense,Pending,0,1
5071,TXN-005071,20241021,447,302,14,,4,-3568.77,3568.77,Transfer,Completed,0,0
5072,TXN-005072,20240119,279,772,1,2,6,-162.63,162.63,Expense,Completed,0,0
5073,TXN-005073,20230220,638,178,1,9,7,-363.75,363.75,Expense,Failed,0,0
5074,TXN-005074,20230808,440,586,1,1,5,-76.33,76.33,Expense,Completed,0,0
5075,TXN-005075,20220507,39,815,1,15,3,-70.26,70.26,Expense,Completed,0,0
5076,TXN-005076,20240125,207,446,8,13,4,-114.54,114.54,Expense,Completed,0,0
5077,TXN-005077,20240120,741,22,4,11,3,-301.9,301.9,Expense,Pending,0,0
5078,TXN-005078,20241024,185,714,4,6,1,-257.41,257.41,Expense,Completed,0,0
5079,TXN-005079,20220409,571,168,16,11,4,-278.7,278.7,Expense,Completed,0,1
5080,TXN-005080,20220221,629,87,13,,3,4617.61,4617.61,Transfer,Pending,0,0
5081,TXN-005081,20230122,75,250,7,2,7,-252.54,252.54,Expense,Pending,0,0
5082,TXN-005082,20220104,491,654,10,,7,12991.51,12991.51,Income,Pending,0,1
5083,TXN-005083,20230402,396,454,2,6,7,-564.69,564.69,Expense,Failed,0,1
5084,TXN-005084,20221031,685,289,2,5,4,-2292.3,2292.3,Expense,Completed,0,1
5085,TXN-005085,20230308,281,688,9,17,2,-242.28,242.28,Expense,Completed,0,0
5086,TXN-005086,20221112,100,30,4,3,2,-377.66,377.66,Expense,Completed,0,0
5087,TXN-005087,20240228,551,16,3,4,4,-36.68,36.68,Expense,Pending,0,1
5088,TXN-005088,20230620,541,256,10,,4,12255.58,12255.58,Income,Completed,0,1
5089,TXN-005089,20221117,318,112,13,,3,2662.24,2662.24,Transfer,Completed,0,0
5090,TXN-005090,20220528,10,749,1,9,7,-116.97,116.97,Expense,Completed,0,0
5091,TXN-005091,20240225,671,371,11,,4,489.62,489.62,Income,Pending,0,0
5092,TXN-005092,20220322,692,392,4,2,6,-327.8,327.8,Expense,Completed,0,0
5093,TXN-005093,20230722,795,835,1,1,3,-135.13,135.13,Expense,Completed,1,0
5094,TXN-005094,20240517,622,832,20,,3,5102.19,5102.19,Income,Completed,0,0
5095,TXN-005095,20231124,313,424,11,,6,93.44,93.44,Income,Completed,0,0
5096,TXN-005096,20230321,266,265,20,,7,6349.59,6349.59,Income,Reversed,0,0
5097,TXN-005097,20240411,324,510,11,,2,336.94,336.94,Income,Completed,0,0
5098,TXN-005098,20220908,612,782,13,,3,3599.51,3599.51,Transfer,Completed,1,0
5099,TXN-005099,20240117,14,408,20,,4,4446.48,4446.48,Income,Failed,0,0
5100,TXN-005100,20240503,232,666,3,9,1,-374.48,374.48,Expense,Completed,0,1
5101,TXN-005101,20230205,66,23,16,12,5,-83.82,83.82,Expense,Completed,0,1
5102,TXN-005102,20230209,269,530,15,1,5,-1224.18,1224.18,Expense,Completed,0,1
5103,TXN-005103,20230221,129,771,2,19,6,-1132.04,1132.04,Expense,Completed,0,1
5104,TXN-005104,20220916,546,456,10,,4,1549.13,1549.13,Income,Completed,0,1
5105,TXN-005105,20241118,211,860,14,,1,-3764.71,3764.71,Transfer,Completed,0,0
5106,TXN-005106,20230401,674,990,7,18,5,-379.14,379.14,Expense,Completed,0,0
5107,TXN-005107,20220303,279,154,4,1,2,-442.47,442.47,Expense,Completed,0,0
5108,TXN-005108,20240525,198,151,15,18,2,-740.64,740.64,Expense,Pending,0,1
5109,TXN-005109,20230804,611,934,4,9,2,-86.96,86.96,Expense,Completed,0,0
5110,TXN-005110,20221106,108,358,4,15,1,-333.55,333.55,Expense,Completed,0,0
5111,TXN-005111,20240830,51,429,3,10,1,-334.53,334.53,Expense,Completed,0,1
5112,TXN-005112,20220606,109,938,8,8,7,-193.25,193.25,Expense,Completed,0,0
5113,TXN-005113,20220526,252,538,3,2,3,-398.27,398.27,Expense,Pending,0,1
5114,TXN-005114,20241122,611,934,11,,1,138.1,138.1,Income,Completed,0,0
5115,TXN-005115,20240503,393,707,1,8,7,-399.73,399.73,Expense,Completed,0,0
5116,TXN-005116,20230109,61,608,16,13,2,-62.06,62.06,Expense,Completed,0,1
5117,TXN-005117,20240520,416,724,7,20,5,-82.34,82.34,Expense,Completed,0,0
5118,TXN-005118,20220428,666,779,10,,6,10649.58,10649.58,Income,Reversed,0,1
5119,TXN-005119,20240428,325,253,6,16,5,-39.73,39.73,Expense,Pending,0,0
5120,TXN-005120,20240110,395,169,10,,7,8531.73,8531.73,Income,Completed,0,1
5121,TXN-005121,20230427,751,409,13,,6,3424.81,3424.81,Transfer,Failed,0,0
5122,TXN-005122,20240909,138,218,13,,7,3887.0,3887.0,Transfer,Completed,0,0
5123,TXN-005123,20231008,674,490,7,1,6,-407.94,407.94,Expense,Completed,0,0
5124,TXN-005124,20240903,268,247,15,2,7,-706.6,706.6,Expense,Completed,0,1
5125,TXN-005125,20230530,621,573,15,14,6,-820.02,820.02,Expense,Completed,0,1
5126,TXN-005126,20220429,124,498,10,,4,4115.46,4115.46,Income,Completed,0,1
5127,TXN-005127,20220129,754,754,1,6,5,-233.63,233.63,Expense,Completed,0,0
5128,TXN-005128,20220815,240,636,2,9,7,-2921.35,2921.35,Expense,Completed,0,1
5129,TXN-005129,20221009,280,811,10,,7,11450.64,11450.64,Income,Completed,0,1
5130,TXN-005130,20240316,174,342,10,,7,11510.1,11510.1,Income,Completed,0,1
5131,TXN-005131,20220106,506,719,1,2,5,-286.23,286.23,Expense,Completed,0,0
5132,TXN-005132,20230930,316,428,18,16,4,-1772.87,1772.87,Expense,Completed,0,0
5133,TXN-005133,20230708,514,390,10,,1,11743.03,11743.03,Income,Failed,0,1
5134,TXN-005134,20230627,353,576,15,14,2,-1296.12,1296.12,Expense,Pending,0,1
5135,TXN-005135,20241010,266,265,3,8,3,-55.62,55.62,Expense,Pending,0,1
5136,TXN-005136,20231030,639,483,13,,3,665.25,665.25,Transfer,Pending,0,0
5137,TXN-005137,20231229,205,188,1,2,7,-310.91,310.91,Expense,Completed,0,0
5138,TXN-005138,20220125,444,160,3,10,5,-228.33,228.33,Expense,Completed,0,1
5139,TXN-005139,20230227,276,503,8,11,5,-82.83,82.83,Expense,Completed,0,0
5140,TXN-005140,20220428,673,277,8,16,3,-474.07,474.07,Expense,Completed,0,0
5141,TXN-005141,20220823,348,116,1,18,1,-208.87,208.87,Expense,Failed,0,0
5142,TXN-005142,20220528,745,713,1,5,4,-421.22,421.22,Expense,Completed,0,0
5143,TXN-005143,20220927,571,865,5,14,3,-140.16,140.16,Expense,Completed,0,0
5144,TXN-005144,20240305,674,990,16,15,5,-97.78,97.78,Expense,Completed,0,1
5145,TXN-005145,20240128,738,590,13,,3,2550.85,2550.85,Transfer,Completed,0,0
5146,TXN-005146,20221006,286,953,6,20,7,-5.98,5.98,Expense,Completed,0,0
5147,TXN-005147,20231110,634,699,2,19,2,-2782.56,2782.56,Expense,Completed,0,1
5148,TXN-005148,20240321,316,428,3,11,3,-227.21,227.21,Expense,Completed,0,1
5149,TXN-005149,20231028,489,647,1,6,5,-447.12,447.12,Expense,Completed,0,0
5150,TXN-005150,20240806,360,879,10,,6,6246.96,6246.96,Income,Completed,0,1
5151,TXN-005151,20240825,526,240,18,17,6,-1842.13,1842.13,Expense,Completed,0,0
5152,TXN-005152,20220612,85,760,10,,4,11455.17,11455.17,Income,Pending,0,1
5153,TXN-005153,20240516,720,696,10,,6,6663.59,6663.59,Income,Completed,0,1
5154,TXN-005154,20240820,613,669,16,8,5,-293.96,293.96,Expense,Completed,0,1
5155,TXN-005155,20230731,530,391,10,,3,12079.7,12079.7,Income,Completed,0,1
5156,TXN-005156,20221207,39,815,13,,1,1601.24,1601.24,Transfer,Pending,0,0
5157,TXN-005157,20220329,64,199,18,2,1,-1089.16,1089.16,Expense,Completed,0,0
5158,TXN-005158,20240305,410,135,1,10,2,-461.66,461.66,Expense,Completed,0,0
5159,TXN-005159,20230926,543,963,6,15,5,-123.71,123.71,Expense,Completed,0,0
5160,TXN-005160,20240904,198,29,3,9,3,-244.08,244.08,Expense,Failed,0,1
5161,TXN-005161,20231107,177,867,9,4,3,-199.65,199.65,Expense,Completed,0,0
5162,TXN-005162,20230228,498,208,7,20,2,-185.36,185.36,Expense,Pending,0,0
5163,TXN-005163,20230920,768,620,10,,1,2122.38,2122.38,Income,Completed,0,1
5164,TXN-005164,20240828,561,24,16,9,2,-151.92,151.92,Expense,Failed,0,1
5165,TXN-005165,20220425,484,664,6,15,2,-7.73,7.73,Expense,Completed,0,0
5166,TXN-005166,20230504,415,712,16,14,6,-415.24,415.24,Expense,Completed,0,1
5167,TXN-005167,20221020,637,899,18,20,6,-1624.75,1624.75,Expense,Completed,0,0
5168,TXN-005168,20230708,48,615,14,,7,-615.17,615.17,Transfer,Failed,0,0
5169,TXN-005169,20241202,208,78,9,15,1,-214.54,214.54,Expense,Completed,0,0
5170,TXN-005170,20230916,577,495,20,,7,2043.21,2043.21,Income,Completed,0,0
5171,TXN-005171,20230812,550,152,1,1,4,-394.94,394.94,Expense,Completed,0,0
5172,TXN-005172,20220304,11,872,14,,5,-2963.22,2963.22,Transfer,Completed,0,0
5173,TXN-005173,20221013,110,105,5,20,6,-88.86,88.86,Expense,Completed,0,0
5174,TXN-005174,20230311,439,861,2,18,3,-801.26,801.26,Expense,Completed,0,1
5175,TXN-005175,20220514,85,909,3,18,1,-394.12,394.12,Expense,Completed,0,1
5176,TXN-005176,20221114,402,961,12,,3,1838.98,1838.98,Income,Completed,0,0
5177,TXN-005177,20230221,787,417,15,3,4,-253.92,253.92,Expense,Pending,0,1
5178,TXN-005178,20240510,758,170,6,12,2,-22.15,22.15,Expense,Completed,0,0
5179,TXN-005179,20240725,357,683,14,,7,-2024.73,2024.73,Transfer,Reversed,0,0
5180,TXN-005180,20220105,651,60,18,9,1,-391.29,391.29,Expense,Completed,0,0
5181,TXN-005181,20220318,200,67,6,2,1,-67.56,67.56,Expense,Completed,0,0
5182,TXN-005182,20231206,480,814,17,18,2,-141.56,141.56,Expense,Pending,0,1
5183,TXN-005183,20240917,567,197,7,4,6,-336.03,336.03,Expense,Completed,0,0
5184,TXN-005184,20240205,288,594,10,,6,2751.03,2751.03,Income,Pending,1,1
5185,TXN-005185,20240314,48,469,4,13,1,-113.53,113.53,Expense,Failed,0,0
5186,TXN-005186,20220810,482,883,12,,6,4424.71,4424.71,Income,Completed,0,0
5187,TXN-005187,20240527,335,374,20,,3,5023.34,5023.34,Income,Completed,0,0
5188,TXN-005188,20230626,209,509,3,9,7,-411.8,411.8,Expense,Pending,0,1
5189,TXN-005189,20221102,708,146,3,20,2,-46.53,46.53,Expense,Completed,0,1
5190,TXN-005190,20220619,418,92,11,,1,328.33,328.33,Income,Completed,0,0
5191,TXN-005191,20230208,490,785,2,11,3,-510.85,510.85,Expense,Failed,0,1
5192,TXN-005192,20240315,20,412,10,,1,2205.46,2205.46,Income,Pending,0,1
5193,TXN-005193,20230113,555,840,11,,3,122.83,122.83,Income,Completed,0,0
5194,TXN-005194,20240510,415,712,10,,3,9590.88,9590.88,Income,Completed,0,1
5195,TXN-005195,20240524,651,60,7,16,3,-223.79,223.79,Expense,Completed,0,0
5196,TXN-005196,20221112,30,897,14,,3,-971.58,971.58,Transfer,Completed,0,0
5197,TXN-005197,20241214,310,142,6,4,5,-133.47,133.47,Expense,Pending,0,0
5198,TXN-005198,20220703,169,110,17,15,4,-135.45,135.45,Expense,Completed,0,1
5199,TXN-005199,20220415,469,226,13,,3,2022.64,2022.64,Transfer,Completed,0,0
5200,TXN-005200,20230718,567,197,12,,3,3737.15,3737.15,Income,Completed,0,0
5201,TXN-005201,20241026,38,847,1,8,6,-225.81,225.81,Expense,Completed,0,0
5202,TXN-005202,20230909,222,588,7,1,4,-53.12,53.12,Expense,Completed,0,0
5203,TXN-005203,20240928,449,709,1,16,1,-344.7,344.7,Expense,Completed,0,0
5204,TXN-005204,20220327,311,898,10,,7,3224.97,3224.97,Income,Completed,0,1
5205,TXN-005205,20230614,586,474,7,9,2,-371.71,371.71,Expense,Failed,0,0
5206,TXN-005206,20230522,477,388,11,,7,149.29,149.29,Income,Completed,0,0
5207,TXN-005207,20230930,308,806,17,7,4,-109.88,109.88,Expense,Pending,0,1
5208,TXN-005208,20240925,468,85,15,9,1,-1296.09,1296.09,Expense,Completed,0,1
5209,TXN-005209,20240419,487,540,15,12,5,-980.92,980.92,Expense,Completed,0,1
5210,TXN-005210,20230616,142,627,4,2,6,-88.52,88.52,Expense,Completed,1,0
5211,TXN-005211,20230406,593,937,11,,3,218.81,218.81,Income,Completed,0,0
5212,TXN-005212,20230914,379,426,2,6,6,-953.3,953.3,Expense,Pending,0,1
5213,TXN-005213,20241126,667,571,13,,1,4973.08,4973.08,Transfer,Pending,0,0
5214,TXN-005214,20240414,355,886,6,3,3,-63.12,63.12,Expense,Completed,0,0
5215,TXN-005215,20220910,511,950,14,,6,-4965.48,4965.48,Transfer,Completed,0,0
5216,TXN-005216,20220131,135,183,3,17,7,-71.39,71.39,Expense,Failed,0,1
5217,TXN-005217,20240622,793,2,1,1,5,-350.06,350.06,Expense,Reversed,0,0
5218,TXN-005218,20220113,73,7,3,18,5,-31.15,31.15,Expense,Completed,0,1
5219,TXN-005219,20230115,498,208,4,15,4,-237.09,237.09,Expense,Completed,0,0
5220,TXN-005220,20230724,108,358,4,19,6,-335.46,335.46,Expense,Pending,0,0
5221,TXN-005221,20240402,14,408,1,13,2,-153.8,153.8,Expense,Completed,0,0
5222,TXN-005222,20230702,460,487,7,15,4,-367.0,367.0,Expense,Completed,0,0
5223,TXN-005223,20240804,162,685,1,19,3,-116.16,116.16,Expense,Completed,0,0
5224,TXN-005224,20221202,671,371,7,12,7,-101.78,101.78,Expense,Completed,0,0
5225,TXN-005225,20230824,496,740,6,2,5,-14.28,14.28,Expense,Completed,0,0
5226,TXN-005226,20220422,62,744,2,19,1,-507.59,507.59,Expense,Failed,0,1
5227,TXN-005227,20220804,462,757,11,,2,282.5,282.5,Income,Completed,0,0
5228,TXN-005228,20230723,30,528,10,,6,13442.57,13442.57,Income,Completed,0,1
5229,TXN-005229,20240901,508,816,10,,4,6417.95,6417.95,Income,Completed,0,1
5230,TXN-005230,20241031,611,463,6,15,3,-84.18,84.18,Expense,Completed,0,0
5231,TXN-005231,20230819,290,421,1,7,1,-200.04,200.04,Expense,Completed,0,0
5232,TXN-005232,20240505,698,206,19,7,2,-81.92,81.92,Expense,Completed,0,0
5233,TXN-005233,20230815,397,632,7,10,2,-428.34,428.34,Expense,Failed,0,0
5234,TXN-005234,20220523,698,346,11,,7,326.38,326.38,Income,Completed,0,0
5235,TXN-005235,20240507,220,846,1,7,6,-291.19,291.19,Expense,Completed,0,0
5236,TXN-005236,20240419,577,908,13,,6,4674.67,4674.67,Transfer,Completed,0,0
5237,TXN-005237,20240822,733,99,17,13,3,-41.32,41.32,Expense,Failed,0,1
5238,TXN-005238,20230526,479,700,3,7,5,-193.29,193.29,Expense,Completed,0,1
5239,TXN-005239,20240925,318,112,10,,3,3120.53,3120.53,Income,Completed,0,1
5240,TXN-005240,20220718,414,298,9,16,6,-203.62,203.62,Expense,Reversed,0,0
5241,TXN-005241,20240305,759,691,9,2,7,-388.2,388.2,Expense,Completed,0,0
5242,TXN-005242,20241016,437,658,5,10,2,-84.48,84.48,Expense,Completed,0,0
5243,TXN-005243,20230328,283,211,5,16,1,-147.87,147.87,Expense,Completed,0,0
5244,TXN-005244,20220816,127,971,6,15,3,-68.18,68.18,Expense,Completed,0,0
5245,TXN-005245,20220405,220,276,15,19,1,-1518.15,1518.15,Expense,Completed,0,1
5246,TXN-005246,20230623,370,187,7,9,6,-162.74,162.74,Expense,Completed,0,0
5247,TXN-005247,20230526,39,815,10,,5,8153.86,8153.86,Income,Completed,0,1
5248,TXN-005248,20241121,786,74,8,16,4,-243.46,243.46,Expense,Completed,0,0
5249,TXN-005249,20220929,134,347,17,13,2,-146.34,146.34,Expense,Completed,0,1
5250,TXN-005250,20241226,791,686,5,7,7,-138.38,138.38,Expense,Reversed,0,0
5251,TXN-005251,20221227,281,611,5,12,1,-106.55,106.55,Expense,Completed,0,0
5252,TXN-005252,20230628,403,715,11,,5,366.1,366.1,Income,Completed,0,0
5253,TXN-005253,20220309,397,632,15,20,3,-239.26,239.26,Expense,Completed,0,1
5254,TXN-005254,20230224,129,522,18,5,3,-1588.8,1588.8,Expense,Completed,0,0
5255,TXN-005255,20220906,12,818,1,14,3,-244.51,244.51,Expense,Reversed,1,0
5256,TXN-005256,20230925,221,512,12,,5,1293.53,1293.53,Income,Pending,0,0
5257,TXN-005257,20240103,15,631,14,,6,-1427.98,1427.98,Transfer,Completed,0,0
5258,TXN-005258,20230511,168,878,10,,1,10286.75,10286.75,Income,Completed,0,1
5259,TXN-005259,20240401,376,205,16,15,1,-313.49,313.49,Expense,Completed,0,1
5260,TXN-005260,20231122,718,41,11,,7,393.32,393.32,Income,Completed,0,0
5261,TXN-005261,20230427,106,191,1,19,6,-297.04,297.04,Expense,Completed,0,0
5262,TXN-005262,20230307,84,791,2,13,7,-2022.71,2022.71,Expense,Completed,0,1
5263,TXN-005263,20221014,308,339,6,18,1,-137.24,137.24,Expense,Pending,0,0
5264,TXN-005264,20241115,748,14,1,16,6,-113.86,113.86,Expense,Completed,0,0
5265,TXN-005265,20241024,759,708,12,,3,1922.83,1922.83,Income,Completed,0,0
5266,TXN-005266,20230211,537,331,4,14,1,-22.85,22.85,Expense,Completed,0,0
5267,TXN-005267,20220904,403,715,2,8,7,-2122.65,2122.65,Expense,Completed,0,1
5268,TXN-005268,20230912,466,591,13,,6,4167.79,4167.79,Transfer,Failed,1,0
5269,TXN-005269,20241225,276,503,3,13,4,-206.27,206.27,Expense,Completed,0,1
5270,TXN-005270,20230409,227,396,1,8,4,-485.07,485.07,Expense,Completed,0,0
5271,TXN-005271,20230725,209,509,17,11,1,-125.41,125.41,Expense,Completed,0,1
5272,TXN-005272,20230910,633,560,12,,5,2119.07,2119.07,Income,Completed,0,0
5273,TXN-005273,20230521,124,498,1,20,4,-351.99,351.99,Expense,Completed,0,0
5274,TXN-005274,20220108,680,401,17,7,1,-53.33,53.33,Expense,Completed,0,1
5275,TXN-005275,20230705,276,503,5,14,2,-38.91,38.91,Expense,Completed,0,0
5276,TXN-005276,20231011,416,724,5,11,1,-110.95,110.95,Expense,Pending,0,0
5277,TXN-005277,20240517,523,45,2,12,4,-1796.68,1796.68,Expense,Pending,0,1
5278,TXN-005278,20231110,205,188,10,,5,13933.96,13933.96,Income,Completed,0,1
5279,TXN-005279,20230802,680,400,12,,7,1483.48,1483.48,Income,Completed,0,0
5280,TXN-005280,20240928,586,474,10,,3,8651.87,8651.87,Income,Completed,0,1
5281,TXN-005281,20220305,727,204,6,9,1,-103.07,103.07,Expense,Completed,0,0
5282,TXN-005282,20231010,473,479,5,7,1,-31.19,31.19,Expense,Completed,0,0
5283,TXN-005283,20231129,172,979,12,,4,1681.43,1681.43,Income,Pending,0,0
5284,TXN-005284,20220111,761,173,1,20,4,-160.66,160.66,Expense,Completed,0,0
5285,TXN-005285,20230513,78,547,4,6,2,-216.39,216.39,Expense,Completed,0,0
5286,TXN-005286,20230622,571,865,13,,2,4279.86,4279.86,Transfer,Pending,0,0
5287,TXN-005287,20230703,544,774,9,1,4,-494.97,494.97,Expense,Failed,0,0
5288,TXN-005288,20240727,64,478,1,19,4,-210.82,210.82,Expense,Failed,0,0
5289,TXN-005289,20230727,718,139,4,3,5,-108.09,108.09,Expense,Completed,0,0
5290,TXN-005290,20240308,588,566,4,8,3,-224.53,224.53,Expense,Completed,0,0
5291,TXN-005291,20230403,680,400,2,11,2,-967.68,967.68,Expense,Completed,0,1
5292,TXN-005292,20230321,660,902,4,14,6,-62.41,62.41,Expense,Pending,0,0
5293,TXN-005293,20230707,85,909,9,16,6,-22.41,22.41,Expense,Completed,0,0
5294,TXN-005294,20230209,357,683,8,13,5,-290.23,290.23,Expense,Failed,0,0
5295,TXN-005295,20241206,649,523,4,12,5,-27.8,27.8,Expense,Completed,0,0
5296,TXN-005296,20240621,567,370,6,13,5,-13.08,13.08,Expense,Completed,0,0
5297,TXN-005297,20240727,249,508,1,7,2,-214.62,214.62,Expense,Failed,0,0
5298,TXN-005298,20230619,207,446,5,10,6,-88.33,88.33,Expense,Completed,0,0
5299,TXN-005299,20221202,422,842,5,14,1,-29.14,29.14,Expense,Completed,0,0
5300,TXN-005300,20220919,147,793,7,4,7,-236.63,236.63,Expense,Completed,0,0
5301,TXN-005301,20241003,450,783,6,12,6,-56.46,56.46,Expense,Completed,0,0
5302,TXN-005302,20230818,198,29,14,,5,-2564.1,2564.1,Transfer,Completed,0,0
5303,TXN-005303,20240303,660,902,1,8,1,-350.68,350.68,Expense,Reversed,1,0
5304,TXN-005304,20220104,746,805,20,,2,5966.73,5966.73,Income,Completed,0,0
5305,TXN-005305,20220122,117,954,6,13,5,-99.96,99.96,Expense,Completed,0,0
5306,TXN-005306,20221023,153,71,4,8,2,-151.88,151.88,Expense,Completed,0,0
5307,TXN-005307,20240701,411,94,13,,7,671.99,671.99,Transfer,Completed,0,0
5308,TXN-005308,20230622,226,626,1,10,5,-48.21,48.21,Expense,Reversed,0,0
5309,TXN-005309,20240311,56,928,9,3,2,-217.66,217.66,Expense,Completed,0,0
5310,TXN-005310,20240726,44,652,9,1,2,-121.19,121.19,Expense,Completed,0,0
5311,TXN-005311,20230409,668,597,4,13,5,-335.78,335.78,Expense,Completed,0,0
5312,TXN-005312,20221119,79,39,12,,4,1473.12,1473.12,Income,Completed,0,0
5313,TXN-005313,20240423,281,611,1,15,6,-113.19,113.19,Expense,Completed,0,0
5314,TXN-005314,20240809,449,709,10,,5,5028.95,5028.95,Income,Completed,0,1
5315,TXN-005315,20240807,175,102,7,13,1,-284.87,284.87,Expense,Completed,0,0
5316,TXN-005316,20240404,543,963,2,12,4,-1563.78,1563.78,Expense,Completed,0,1
5317,TXN-005317,20221003,206,113,4,6,5,-412.55,412.55,Expense,Completed,0,0
5318,TXN-005318,20230207,480,296,14,,5,-3603.1,3603.1,Transfer,Completed,0,0
5319,TXN-005319,20230522,263,616,4,11,5,-107.23,107.23,Expense,Completed,0,0
5320,TXN-005320,20240704,500,349,4,5,4,-496.45,496.45,Expense,Completed,0,0
5321,TXN-005321,20240914,298,559,7,4,1,-326.56,326.56,Expense,Completed,0,0
5322,TXN-005322,20240809,352,765,2,19,4,-2622.4,2622.4,Expense,Completed,0,1
5323,TXN-005323,20241018,555,840,3,10,7,-469.6,469.6,Expense,Completed,0,1
5324,TXN-005324,20241203,766,167,15,17,4,-716.19,716.19,Expense,Completed,0,1
5325,TXN-005325,20240217,338,86,17,10,6,-135.26,135.26,Expense,Completed,0,1
5326,TXN-005326,20220217,608,968,2,13,1,-1467.59,1467.59,Expense,Completed,0,1
5327,TXN-005327,20240813,325,232,4,19,5,-191.88,191.88,Expense,Completed,0,0
5328,TXN-005328,20230709,733,536,1,3,5,-107.29,107.29,Expense,Completed,0,0
5329,TXN-005329,20220808,389,737,16,3,6,-470.19,470.19,Expense,Completed,0,1
5330,TXN-005330,20241019,632,531,4,12,4,-37.25,37.25,Expense,Completed,0,0
5331,TXN-005331,20240418,266,265,1,14,6,-181.13,181.13,Expense,Completed,0,0
5332,TXN-005332,20230412,176,111,1,11,1,-140.43,140.43,Expense,Completed,0,0
5333,TXN-005333,20240813,207,640,2,3,2,-1884.93,1884.93,Expense,Completed,0,1
5334,TXN-005334,20240402,439,545,7,4,5,-466.25,466.25,Expense,Completed,0,0
5335,TXN-005335,20241001,445,184,1,10,6,-31.67,31.67,Expense,Completed,0,0
5336,TXN-005336,20220518,324,345,15,6,5,-972.87,972.87,Expense,Completed,1,1
5337,TXN-005337,20231213,638,31,7,1,4,-49.21,49.21,Expense,Completed,0,0
5338,TXN-005338,20240714,275,132,20,,7,6176.81,6176.81,Income,Completed,0,0
5339,TXN-005339,20240606,387,219,10,,1,8964.29,8964.29,Income,Completed,1,1
5340,TXN-005340,20230918,388,801,12,,4,231.22,231.22,Income,Completed,0,0
5341,TXN-005341,20220303,637,706,10,,1,5693.97,5693.97,Income,Pending,0,1
5342,TXN-005342,20220529,389,941,14,,5,-1066.91,1066.91,Transfer,Reversed,0,0
5343,TXN-005343,20240730,454,220,17,4,3,-60.65,60.65,Expense,Completed,1,1
5344,TXN-005344,20220308,652,398,3,16,1,-355.05,355.05,Expense,Completed,0,1
5345,TXN-005345,20230416,448,768,14,,7,-773.42,773.42,Transfer,Reversed,0,0
5346,TXN-005346,20240525,637,355,8,17,4,-83.56,83.56,Expense,Completed,0,0
5347,TXN-005347,20220204,153,71,14,,1,-279.09,279.09,Transfer,Completed,0,0
5348,TXN-005348,20230627,777,440,1,12,6,-184.77,184.77,Expense,Failed,0,0
5349,TXN-005349,20220119,102,321,8,12,3,-133.78,133.78,Expense,Completed,0,0
5350,TXN-005350,20240829,18,515,4,2,6,-262.55,262.55,Expense,Completed,0,0
5351,TXN-005351,20241031,636,992,4,10,3,-312.81,312.81,Expense,Completed,0,0
5352,TXN-005352,20231105,650,419,7,17,7,-136.05,136.05,Expense,Completed,0,0
5353,TXN-005353,20230904,637,355,10,,4,2417.6,2417.6,Income,Completed,0,1
5354,TXN-005354,20230521,246,656,2,6,3,-921.86,921.86,Expense,Completed,0,1
5355,TXN-005355,20230917,196,441,6,8,1,-117.08,117.08,Expense,Completed,0,0
5356,TXN-005356,20240229,313,424,11,,7,202.17,202.17,Income,Completed,1,0
5357,TXN-005357,20230822,505,307,11,,6,118.31,118.31,Income,Completed,0,0
5358,TXN-005358,20231114,770,320,4,5,7,-158.85,158.85,Expense,Completed,0,0
5359,TXN-005359,20240329,554,224,3,13,2,-346.81,346.81,Expense,Completed,0,1
5360,TXN-005360,20220208,249,502,11,,7,459.9,459.9,Income,Pending,1,0
5361,TXN-005361,20240409,385,758,8,14,2,-164.17,164.17,Expense,Completed,0,0
5362,TXN-005362,20220114,121,470,6,17,5,-133.47,133.47,Expense,Completed,0,0
5363,TXN-005363,20220707,392,443,1,2,6,-383.11,383.11,Expense,Completed,0,0
5364,TXN-005364,20230418,137,134,7,14,7,-153.8,153.8,Expense,Completed,0,0
5365,TXN-005365,20240424,222,79,5,14,5,-116.07,116.07,Expense,Completed,0,0
5366,TXN-005366,20240422,678,769,8,19,5,-486.02,486.02,Expense,Completed,0,0
5367,TXN-005367,20240803,268,459,14,,7,-4037.22,4037.22,Transfer,Pending,0,0
5368,TXN-005368,20221221,138,218,13,,7,2102.65,2102.65,Transfer,Pending,0,0
5369,TXN-005369,20220108,137,165,18,6,1,-2965.2,2965.2,Expense,Completed,0,0
5370,TXN-005370,20220621,250,177,5,7,4,-133.38,133.38,Expense,Completed,0,0
5371,TXN-005371,20220223,179,799,16,16,7,-104.56,104.56,Expense,Completed,1,1
5372,TXN-005372,20220922,408,1000,7,2,4,-387.7,387.7,Expense,Completed,0,0
5373,TXN-005373,20230809,371,436,4,14,5,-32.76,32.76,Expense,Completed,0,0
5374,TXN-005374,20240413,382,802,10,,2,11986.2,11986.2,Income,Completed,0,1
5375,TXN-005375,20230603,7,603,13,,5,3032.93,3032.93,Transfer,Completed,0,0
5376,TXN-005376,20240910,321,497,2,5,7,-2425.29,2425.29,Expense,Completed,0,1
5377,TXN-005377,20240410,604,910,5,15,7,-128.44,128.44,Expense,Pending,0,0
5378,TXN-005378,20221201,733,121,13,,3,2813.66,2813.66,Transfer,Completed,0,0
5379,TXN-005379,20220701,430,862,4,5,7,-245.13,245.13,Expense,Pending,0,0
5380,TXN-005380,20220920,38,847,15,9,6,-1138.75,1138.75,Expense,Completed,0,1
5381,TXN-005381,20220503,487,207,19,18,2,-302.41,302.41,Expense,Completed,0,0
5382,TXN-005382,20220518,91,873,14,,4,-2718.48,2718.48,Transfer,Completed,0,0
5383,TXN-005383,20230305,626,663,2,17,2,-2748.27,2748.27,Expense,Completed,0,1
5384,TXN-005384,20230128,217,376,4,16,4,-138.98,138.98,Expense,Completed,0,0
5385,TXN-005385,20231206,622,906,1,9,1,-330.66,330.66,Expense,Pending,0,0
5386,TXN-005386,20240116,484,664,16,8,1,-184.51,184.51,Expense,Completed,0,1
5387,TXN-005387,20231016,149,959,20,,5,2615.05,2615.05,Income,Completed,0,0
5388,TXN-005388,20220101,298,299,2,7,4,-2615.85,2615.85,Expense,Completed,1,1
5389,TXN-005389,20230515,328,334,1,13,6,-385.8,385.8,Expense,Completed,0,0
5390,TXN-005390,20231230,611,934,8,18,1,-265.83,265.83,Expense,Completed,0,0
5391,TXN-005391,20230605,174,268,4,11,7,-396.56,396.56,Expense,Completed,0,0
5392,TXN-005392,20240829,212,659,11,,4,361.58,361.58,Income,Completed,0,0
5393,TXN-005393,20241112,600,741,3,18,3,-132.14,132.14,Expense,Completed,0,1
5394,TXN-005394,20231022,7,377,6,8,1,-52.02,52.02,Expense,Completed,0,0
5395,TXN-005395,20231028,277,623,11,,5,339.88,339.88,Income,Pending,0,0
5396,TXN-005396,20220720,595,521,20,,1,1722.84,1722.84,Income,Pending,1,0
5397,TXN-005397,20221016,109,572,13,,4,3754.31,3754.31,Transfer,Completed,0,0
5398,TXN-005398,20220427,605,136,7,10,1,-441.22,441.22,Expense,Completed,0,0
5399,TXN-005399,20230401,212,659,15,6,7,-1192.96,1192.96,Expense,Completed,0,1
5400,TXN-005400,20230421,109,938,19,4,1,-383.08,383.08,Expense,Completed,0,0
5401,TXN-005401,20240130,315,348,12,,2,3122.39,3122.39,Income,Completed,0,0
5402,TXN-005402,20240620,250,488,10,,4,11550.9,11550.9,Income,Completed,0,1
5403,TXN-005403,20230828,786,74,3,18,6,-174.11,174.11,Expense,Reversed,0,1
5404,TXN-005404,20220228,785,518,16,4,3,-287.23,287.23,Expense,Completed,0,1
5405,TXN-005405,20230910,439,545,6,7,2,-92.86,92.86,Expense,Completed,0,0
5406,TXN-005406,20240415,132,753,1,11,5,-107.8,107.8,Expense,Completed,0,0
5407,TXN-005407,20240309,641,831,3,17,7,-40.63,40.63,Expense,Completed,0,1
5408,TXN-005408,20230521,545,775,1,12,7,-119.96,119.96,Expense,Completed,0,0
5409,TXN-005409,20220907,703,482,2,4,1,-1882.49,1882.49,Expense,Completed,0,1
5410,TXN-005410,20230609,33,813,7,6,7,-121.19,121.19,Expense,Reversed,0,0
5411,TXN-005411,20220314,276,503,7,1,4,-227.66,227.66,Expense,Completed,0,0
5412,TXN-005412,20230425,601,141,1,14,4,-69.51,69.51,Expense,Completed,1,0
5413,TXN-005413,20240508,48,615,6,15,1,-63.15,63.15,Expense,Completed,0,0
5414,TXN-005414,20230810,198,29,5,13,6,-109.15,109.15,Expense,Completed,0,0
5415,TXN-005415,20240902,629,87,11,,5,109.15,109.15,Income,Completed,0,0
5416,TXN-005416,20220320,645,480,1,10,4,-453.01,453.01,Expense,Completed,0,0
5417,TXN-005417,20220817,440,945,4,13,5,-422.5,422.5,Expense,Completed,0,0
5418,TXN-005418,20230714,527,975,19,20,7,-138.84,138.84,Expense,Completed,0,0
5419,TXN-005419,20240814,569,72,3,16,1,-166.0,166.0,Expense,Completed,0,1
5420,TXN-005420,20240805,270,607,10,,4,7513.95,7513.95,Income,Completed,0,1
5421,TXN-005421,20240309,410,135,7,2,4,-181.66,181.66,Expense,Completed,0,0
5422,TXN-005422,20231225,511,108,3,1,5,-87.06,87.06,Expense,Completed,0,1
5423,TXN-005423,20230222,205,156,4,13,2,-123.13,123.13,Expense,Completed,0,0
5424,TXN-005424,20240824,747,988,1,2,7,-166.78,166.78,Expense,Pending,0,0
5425,TXN-005425,20230914,161,579,2,18,5,-2235.67,2235.67,Expense,Completed,0,1
5426,TXN-005426,20230521,73,7,5,13,7,-126.7,126.7,Expense,Completed,0,0
5427,TXN-005427,20221028,357,133,11,,5,227.63,227.63,Income,Completed,0,0
5428,TXN-005428,20231122,212,19,4,8,1,-385.88,385.88,Expense,Completed,0,0
5429,TXN-005429,20220806,486,252,5,2,7,-82.37,82.37,Expense,Completed,0,0
5430,TXN-005430,20221013,649,433,2,9,4,-2786.72,2786.72,Expense,Completed,0,1
5431,TXN-005431,20240614,50,808,18,9,5,-2450.13,2450.13,Expense,Completed,0,0
5432,TXN-005432,20220626,172,979,18,6,7,-2190.38,2190.38,Expense,Completed,0,0
5433,TXN-005433,20220716,644,344,10,,2,10007.27,10007.27,Income,Failed,0,1
5434,TXN-005434,20220524,231,275,13,,7,1867.06,1867.06,Transfer,Pending,0,0
5435,TXN-005435,20240811,490,494,7,4,5,-197.31,197.31,Expense,Completed,0,0
5436,TXN-005436,20220829,41,532,4,3,3,-245.79,245.79,Expense,Completed,0,0
5437,TXN-005437,20240408,357,133,12,,1,2307.58,2307.58,Income,Completed,0,0
5438,TXN-005438,20220907,212,659,20,,4,644.3,644.3,Income,Completed,0,0
5439,TXN-005439,20221008,471,554,3,20,3,-140.39,140.39,Expense,Completed,0,1
5440,TXN-005440,20230326,474,698,4,12,1,-42.56,42.56,Expense,Completed,0,0
5441,TXN-005441,20240716,700,673,7,4,5,-112.59,112.59,Expense,Completed,0,0
5442,TXN-005442,20240306,332,756,1,7,1,-291.62,291.62,Expense,Completed,0,0
5443,TXN-005443,20231228,419,722,3,4,5,-44.77,44.77,Expense,Completed,0,1
5444,TXN-005444,20231101,388,801,9,6,6,-29.52,29.52,Expense,Completed,0,0
5445,TXN-005445,20230411,486,252,14,,2,-3005.09,3005.09,Transfer,Completed,0,0
5446,TXN-005446,20230508,490,494,10,,1,4802.01,4802.01,Income,Completed,0,1
5447,TXN-005447,20231211,129,692,10,,7,7565.4,7565.4,Income,Failed,0,1
5448,TXN-005448,20221130,129,522,4,19,5,-100.53,100.53,Expense,Pending,0,0
5449,TXN-005449,20220517,276,503,7,18,5,-379.77,379.77,Expense,Completed,0,0
5450,TXN-005450,20231130,114,434,12,,6,1550.5,1550.5,Income,Completed,0,0
5451,TXN-005451,20220728,680,400,4,14,7,-19.35,19.35,Expense,Failed,0,0
5452,TXN-005452,20230720,217,972,13,,6,929.02,929.02,Transfer,Completed,0,0
5453,TXN-005453,20240921,405,570,3,2,7,-87.74,87.74,Expense,Completed,0,1
5454,TXN-005454,20230520,145,577,10,,1,13391.31,13391.31,Income,Pending,0,1
5455,TXN-005455,20220906,371,436,11,,3,379.15,379.15,Income,Completed,1,0
5456,TXN-005456,20241224,591,259,7,8,7,-188.78,188.78,Expense,Completed,0,0
5457,TXN-005457,20230427,340,432,10,,3,10543.67,10543.67,Income,Completed,0,1
5458,TXN-005458,20230531,111,210,5,20,3,-86.35,86.35,Expense,Completed,0,0
5459,TXN-005459,20220331,596,448,14,,2,-2925.47,2925.47,Transfer,Completed,0,0
5460,TXN-005460,20220308,675,149,8,13,6,-284.48,284.48,Expense,Completed,0,0
5461,TXN-005461,20240314,264,514,17,10,7,-32.63,32.63,Expense,Completed,0,1
5462,TXN-005462,20241022,238,438,19,17,2,-468.83,468.83,Expense,Reversed,0,0
5463,TXN-005463,20220918,533,674,15,15,5,-580.69,580.69,Expense,Completed,0,1
5464,TXN-005464,20231210,162,685,7,14,2,-253.35,253.35,Expense,Completed,0,0
5465,TXN-005465,20220801,132,753,10,,2,11678.84,11678.84,Income,Completed,0,1
5466,TXN-005466,20221018,305,667,3,11,2,-413.78,413.78,Expense,Completed,0,1
5467,TXN-005467,20240703,244,21,13,,4,1615.95,1615.95,Transfer,Failed,0,0
5468,TXN-005468,20220525,382,925,8,8,6,-245.27,245.27,Expense,Completed,0,0
5469,TXN-005469,20230429,361,828,13,,4,2526.19,2526.19,Transfer,Completed,0,0
5470,TXN-005470,20221127,382,802,3,7,7,-36.04,36.04,Expense,Completed,0,1
5471,TXN-005471,20231107,341,98,6,7,6,-111.46,111.46,Expense,Failed,0,0
5472,TXN-005472,20240622,786,74,7,8,6,-329.04,329.04,Expense,Failed,1,0
5473,TXN-005473,20230828,87,294,7,5,2,-102.32,102.32,Expense,Failed,0,0
5474,TXN-005474,20220807,585,525,4,14,5,-342.16,342.16,Expense,Completed,0,0
5475,TXN-005475,20220826,431,106,5,11,6,-86.76,86.76,Expense,Failed,0,0
5476,TXN-005476,20220813,80,366,7,18,4,-203.44,203.44,Expense,Reversed,0,0
5477,TXN-005477,20230201,137,134,3,8,5,-257.69,257.69,Expense,Pending,0,1
5478,TXN-005478,20230918,652,398,17,16,1,-18.28,18.28,Expense,Completed,0,1
5479,TXN-005479,20240118,744,833,14,,5,-2667.22,2667.22,Transfer,Completed,1,0
5480,TXN-005480,20220503,398,580,12,,1,1642.5,1642.5,Income,Failed,0,0
5481,TXN-005481,20240118,62,561,4,3,6,-406.06,406.06,Expense,Pending,0,0
5482,TXN-005482,20220916,174,268,4,6,6,-90.03,90.03,Expense,Pending,0,0
5483,TXN-005483,20241122,671,371,10,,6,10080.79,10080.79,Income,Failed,0,1
5484,TXN-005484,20240507,544,378,13,,1,3160.06,3160.06,Transfer,Completed,0,0
5485,TXN-005485,20220409,703,198,12,,4,1428.71,1428.71,Income,Completed,0,0
5486,TXN-005486,20230704,313,369,18,7,4,-1147.38,1147.38,Expense,Pending,0,0
5487,TXN-005487,20240827,35,965,1,6,1,-432.82,432.82,Expense,Failed,0,0
5488,TXN-005488,20220425,180,834,3,11,6,-254.07,254.07,Expense,Completed,0,1
5489,TXN-005489,20220712,442,148,12,,7,1415.21,1415.21,Income,Completed,0,0
5490,TXN-005490,20240901,276,738,3,2,1,-136.49,136.49,Expense,Completed,0,1
5491,TXN-005491,20221010,174,671,9,9,6,-389.71,389.71,Expense,Completed,0,0
5492,TXN-005492,20220508,318,40,7,2,4,-428.01,428.01,Expense,Failed,0,0
5493,TXN-005493,20241210,600,544,5,14,3,-130.33,130.33,Expense,Failed,0,0
5494,TXN-005494,20240831,246,244,8,1,1,-476.56,476.56,Expense,Completed,0,0
5495,TXN-005495,20221122,472,212,4,14,7,-13.13,13.13,Expense,Completed,1,0
5496,TXN-005496,20220804,321,497,14,,3,-4361.41,4361.41,Transfer,Completed,0,0
5497,TXN-005497,20221126,175,102,13,,3,2410.35,2410.35,Transfer,Completed,0,0
5498,TXN-005498,20240324,395,203,10,,2,10335.24,10335.24,Income,Completed,0,1
5499,TXN-005499,20220116,270,563,1,12,1,-229.14,229.14,Expense,Completed,0,0
5500,TXN-005500,20241218,192,920,10,,1,6308.59,6308.59,Income,Completed,0,1
5501,TXN-005501,20240711,430,261,13,,4,1545.24,1545.24,Transfer,Completed,0,0
5502,TXN-005502,20221108,290,605,16,6,2,-301.58,301.58,Expense,Completed,0,1
5503,TXN-005503,20220220,314,202,12,,6,1671.53,1671.53,Income,Completed,1,0
5504,TXN-005504,20230501,501,317,4,17,4,-496.08,496.08,Expense,Completed,0,0
5505,TXN-005505,20230326,290,605,1,13,2,-371.36,371.36,Expense,Completed,0,0
5506,TXN-005506,20220418,604,910,1,13,2,-436.17,436.17,Expense,Completed,0,0
5507,TXN-005507,20240801,425,534,13,,2,3936.37,3936.37,Transfer,Completed,0,0
5508,TXN-005508,20230913,335,374,13,,6,4815.51,4815.51,Transfer,Completed,0,0
5509,TXN-005509,20221221,28,64,20,,7,7494.48,7494.48,Income,Completed,0,0
5510,TXN-005510,20240308,203,942,6,5,1,-73.76,73.76,Expense,Failed,0,0
5511,TXN-005511,20230606,44,231,11,,5,431.11,431.11,Income,Pending,0,0
5512,TXN-005512,20221014,213,407,8,20,5,-379.68,379.68,Expense,Pending,0,0
5513,TXN-005513,20240623,285,923,1,17,5,-28.11,28.11,Expense,Completed,0,0
5514,TXN-005514,20240522,411,94,5,16,4,-108.69,108.69,Expense,Failed,0,0
5515,TXN-005515,20220611,220,846,15,6,6,-1306.06,1306.06,Expense,Reversed,0,1
5516,TXN-005516,20220807,764,189,18,7,5,-2853.28,2853.28,Expense,Completed,0,0
5517,TXN-005517,20221202,323,175,4,19,3,-22.38,22.38,Expense,Completed,0,0
5518,TXN-005518,20231013,422,12,3,10,5,-215.74,215.74,Expense,Completed,0,1
5519,TXN-005519,20230609,449,709,5,16,3,-59.48,59.48,Expense,Completed,0,0
5520,TXN-005520,20240823,355,420,10,,5,12533.81,12533.81,Income,Reversed,0,1
5521,TXN-005521,20241212,240,636,20,,3,4428.79,4428.79,Income,Completed,0,0
5522,TXN-005522,20230905,663,326,10,,4,6763.43,6763.43,Income,Completed,0,1
5523,TXN-005523,20241114,791,686,1,3,4,-426.48,426.48,Expense,Pending,0,0
5524,TXN-005524,20220825,426,924,12,,6,4104.29,4104.29,Income,Pending,0,0
5525,TXN-005525,20231123,484,664,20,,2,9676.64,9676.64,Income,Pending,0,0
5526,TXN-005526,20230529,368,684,20,,5,6813.38,6813.38,Income,Completed,1,0
5527,TXN-005527,20220418,163,986,16,20,7,-40.48,40.48,Expense,Completed,1,1
5528,TXN-005528,20240222,766,301,2,6,2,-1000.24,1000.24,Expense,Completed,1,1
5529,TXN-005529,20230908,637,899,15,1,1,-930.58,930.58,Expense,Reversed,0,1
5530,TXN-005530,20230106,505,307,4,1,1,-389.09,389.09,Expense,Failed,0,0
5531,TXN-005531,20240218,333,730,11,,1,193.43,193.43,Income,Completed,0,0
5532,TXN-005532,20241011,387,219,7,16,3,-313.7,313.7,Expense,Completed,0,0
5533,TXN-005533,20240518,777,62,1,3,5,-189.67,189.67,Expense,Pending,0,0
5534,TXN-005534,20221104,427,665,4,14,4,-31.82,31.82,Expense,Completed,0,0
5535,TXN-005535,20220515,481,120,12,,4,2538.65,2538.65,Income,Pending,0,0
5536,TXN-005536,20231230,708,150,13,,2,547.01,547.01,Transfer,Completed,0,0
5537,TXN-005537,20241109,471,554,20,,3,9955.42,9955.42,Income,Completed,0,0
5538,TXN-005538,20220103,577,908,1,19,5,-489.16,489.16,Expense,Completed,0,0
5539,TXN-005539,20240310,13,104,3,2,2,-348.42,348.42,Expense,Completed,0,1
5540,TXN-005540,20230309,35,893,1,17,4,-459.76,459.76,Expense,Completed,0,0
5541,TXN-005541,20230905,506,719,7,19,2,-387.91,387.91,Expense,Completed,0,0
5542,TXN-005542,20240306,492,51,1,14,4,-186.33,186.33,Expense,Completed,0,0
5543,TXN-005543,20221025,262,492,7,9,7,-81.58,81.58,Expense,Completed,0,0
5544,TXN-005544,20240607,209,983,6,3,7,-114.03,114.03,Expense,Completed,0,0
5545,TXN-005545,20240724,633,560,4,5,4,-186.36,186.36,Expense,Completed,0,0
5546,TXN-005546,20230530,416,724,4,4,1,-308.86,308.86,Expense,Completed,0,0
5547,TXN-005547,20230125,662,223,19,2,4,-28.67,28.67,Expense,Completed,0,0
5548,TXN-005548,20231128,661,751,17,19,1,-14.03,14.03,Expense,Completed,0,1
5549,TXN-005549,20240308,310,353,3,10,5,-397.6,397.6,Expense,Completed,0,1
5550,TXN-005550,20220502,780,890,1,6,1,-481.74,481.74,Expense,Completed,0,0
5551,TXN-005551,20240805,250,488,10,,5,12715.13,12715.13,Income,Completed,0,1
5552,TXN-005552,20221125,415,967,3,4,1,-248.65,248.65,Expense,Completed,0,1
5553,TXN-005553,20240404,124,498,3,18,4,-198.68,198.68,Expense,Completed,0,1
5554,TXN-005554,20230204,28,64,15,18,5,-712.06,712.06,Expense,Completed,1,1
5555,TXN-005555,20221009,708,146,13,,4,619.92,619.92,Transfer,Completed,0,0
5556,TXN-005556,20230607,653,50,12,,6,3683.44,3683.44,Income,Reversed,0,0
5557,TXN-005557,20220214,406,609,8,5,2,-159.2,159.2,Expense,Completed,0,0
5558,TXN-005558,20230218,519,943,13,,4,1623.31,1623.31,Transfer,Completed,0,0
5559,TXN-005559,20230618,407,83,2,16,4,-2143.93,2143.93,Expense,Failed,0,1
5560,TXN-005560,20220817,118,25,5,5,6,-15.11,15.11,Expense,Completed,0,0
5561,TXN-005561,20230826,333,730,7,7,4,-415.99,415.99,Expense,Completed,0,0
5562,TXN-005562,20220128,487,540,13,,7,4967.96,4967.96,Transfer,Completed,0,0
5563,TXN-005563,20230816,674,32,4,17,4,-306.6,306.6,Expense,Completed,0,0
5564,TXN-005564,20220603,760,13,6,20,4,-124.3,124.3,Expense,Completed,0,0
5565,TXN-005565,20240701,516,155,20,,7,8424.55,8424.55,Income,Completed,0,0
5566,TXN-005566,20221218,613,669,1,5,5,-150.07,150.07,Expense,Completed,0,0
5567,TXN-005567,20220107,297,562,3,12,5,-215.26,215.26,Expense,Completed,0,1
5568,TXN-005568,20220328,453,129,5,10,2,-91.63,91.63,Expense,Completed,0,0
5569,TXN-005569,20220616,401,820,5,4,2,-101.34,101.34,Expense,Completed,0,0
5570,TXN-005570,20220801,141,993,6,9,4,-64.2,64.2,Expense,Completed,0,0
5571,TXN-005571,20230213,797,634,2,7,3,-715.7,715.7,Expense,Completed,1,1
5572,TXN-005572,20240519,363,6,16,16,5,-434.57,434.57,Expense,Completed,1,1
5573,TXN-005573,20240807,426,973,3,1,4,-480.12,480.12,Expense,Completed,0,1
5574,TXN-005574,20221109,645,480,7,12,1,-390.28,390.28,Expense,Completed,0,0
5575,TXN-005575,20230412,574,638,1,9,6,-391.58,391.58,Expense,Completed,0,0
5576,TXN-005576,20220416,408,260,2,1,1,-1197.47,1197.47,Expense,Completed,0,1
5577,TXN-005577,20230817,587,238,12,,4,2067.02,2067.02,Income,Completed,0,0
5578,TXN-005578,20241107,40,81,2,19,6,-2525.63,2525.63,Expense,Completed,0,1
5579,TXN-005579,20240407,325,329,1,5,7,-275.75,275.75,Expense,Completed,0,0
5580,TXN-005580,20220413,425,550,4,7,6,-356.94,356.94,Expense,Completed,0,0
5581,TXN-005581,20240106,590,313,17,4,5,-126.46,126.46,Expense,Completed,0,1
5582,TXN-005582,20240918,546,186,7,5,1,-85.66,85.66,Expense,Completed,0,0
5583,TXN-005583,20220313,145,402,5,15,1,-102.9,102.9,Expense,Completed,0,0
5584,TXN-005584,20240117,725,192,17,14,5,-25.07,25.07,Expense,Completed,0,1
5585,TXN-005585,20221221,245,439,2,4,7,-2407.11,2407.11,Expense,Completed,0,1
5586,TXN-005586,20231031,706,481,4,20,3,-259.16,259.16,Expense,Completed,0,0
5587,TXN-005587,20221122,717,306,10,,2,5315.81,5315.81,Income,Completed,0,1
5588,TXN-005588,20230822,674,32,3,9,1,-90.1,90.1,Expense,Completed,0,1
5589,TXN-005589,20220803,548,350,14,,7,-3123.8,3123.8,Transfer,Completed,0,0
5590,TXN-005590,20230819,48,615,10,,7,9101.03,9101.03,Income,Completed,0,1
5591,TXN-005591,20241026,519,943,3,7,3,-75.14,75.14,Expense,Completed,0,1
5592,TXN-005592,20241005,545,829,4,9,5,-494.83,494.83,Expense,Reversed,0,0
5593,TXN-005593,20221116,7,377,18,2,1,-2466.49,2466.49,Expense,Completed,0,0
5594,TXN-005594,20231103,48,469,11,,5,30.9,30.9,Income,Completed,0,0
5595,TXN-005595,20220425,649,433,13,,1,2899.54,2899.54,Transfer,Completed,0,0
5596,TXN-005596,20230807,783,491,18,4,7,-732.64,732.64,Expense,Completed,0,0
5597,TXN-005597,20230506,498,208,2,2,7,-1319.15,1319.15,Expense,Completed,0,1
5598,TXN-005598,20230404,35,893,16,8,6,-202.42,202.42,Expense,Completed,0,1
5599,TXN-005599,20221021,787,235,3,5,2,-483.0,483.0,Expense,Completed,0,1
5600,TXN-005600,20240428,658,735,1,8,2,-178.36,178.36,Expense,Completed,0,0
5601,TXN-005601,20220715,161,381,10,,3,2485.88,2485.88,Income,Completed,0,1
5602,TXN-005602,20221107,798,293,4,6,4,-153.64,153.64,Expense,Failed,0,0
5603,TXN-005603,20240809,570,728,2,15,5,-2053.6,2053.6,Expense,Completed,0,1
5604,TXN-005604,20240620,128,595,12,,2,2345.43,2345.43,Income,Completed,0,0
5605,TXN-005605,20230127,227,396,11,,5,78.3,78.3,Income,Pending,1,0
5606,TXN-005606,20240818,703,482,6,3,5,-124.83,124.83,Expense,Completed,0,0
5607,TXN-005607,20240126,180,328,3,6,5,-258.37,258.37,Expense,Completed,0,1
5608,TXN-005608,20230209,40,81,12,,5,1232.68,1232.68,Income,Completed,0,0
5609,TXN-005609,20230910,143,789,15,10,5,-1007.1,1007.1,Expense,Completed,0,1
5610,TXN-005610,20220505,196,441,8,5,1,-80.16,80.16,Expense,Completed,0,0
5611,TXN-005611,20221014,636,992,4,4,6,-102.49,102.49,Expense,Failed,0,0
5612,TXN-005612,20221202,206,325,15,9,6,-209.18,209.18,Expense,Completed,0,1
5613,TXN-005613,20220519,304,411,9,5,1,-493.96,493.96,Expense,Completed,0,0
5614,TXN-005614,20230505,340,913,4,1,6,-498.29,498.29,Expense,Completed,0,0
5615,TXN-005615,20220827,427,520,16,18,2,-366.07,366.07,Expense,Completed,0,1
5616,TXN-005616,20221109,761,173,7,3,3,-117.66,117.66,Expense,Completed,0,0
5617,TXN-005617,20240225,484,780,5,15,7,-60.26,60.26,Expense,Reversed,1,0
5618,TXN-005618,20231115,231,201,12,,2,4406.84,4406.84,Income,Completed,0,0
5619,TXN-005619,20230822,104,933,11,,2,356.15,356.15,Income,Completed,0,0
5620,TXN-005620,20241105,236,807,15,4,5,-1399.45,1399.45,Expense,Completed,0,1
5621,TXN-005621,20220202,126,84,3,17,5,-40.18,40.18,Expense,Completed,0,1
5622,TXN-005622,20231031,448,305,4,11,4,-27.75,27.75,Expense,Completed,0,0
5623,TXN-005623,20231129,707,732,10,,5,8594.33,8594.33,Income,Completed,0,1
5624,TXN-005624,20220604,129,522,4,10,1,-444.29,444.29,Expense,Completed,0,0
5625,TXN-005625,20221015,198,151,1,16,4,-73.68,73.68,Expense,Completed,0,0
5626,TXN-005626,20220808,516,216,4,12,3,-181.47,181.47,Expense,Pending,0,0
5627,TXN-005627,20220428,318,40,5,7,4,-83.99,83.99,Expense,Completed,0,0
5628,TXN-005628,20241101,197,907,14,,3,-871.55,871.55,Transfer,Completed,0,0
5629,TXN-005629,20241025,159,761,16,18,2,-87.5,87.5,Expense,Completed,0,1
5630,TXN-005630,20240320,179,799,12,,3,4539.8,4539.8,Income,Completed,0,0
5631,TXN-005631,20221115,648,257,12,,2,2242.44,2242.44,Income,Failed,0,0
5632,TXN-005632,20220716,16,875,12,,5,2606.47,2606.47,Income,Completed,1,0
5633,TXN-005633,20220613,110,105,4,1,2,-464.68,464.68,Expense,Failed,1,0
5634,TXN-005634,20230624,685,289,10,,6,14428.03,14428.03,Income,Pending,0,1
5635,TXN-005635,20220514,208,78,5,19,4,-36.44,36.44,Expense,Completed,0,0
5636,TXN-005636,20241213,64,729,10,,1,6513.76,6513.76,Income,Completed,0,1
5637,TXN-005637,20231101,382,925,4,4,6,-321.9,321.9,Expense,Completed,0,0
5638,TXN-005638,20240105,135,183,11,,6,345.68,345.68,Income,Reversed,0,0
5639,TXN-005639,20220316,419,477,1,10,4,-315.71,315.71,Expense,Completed,0,0
5640,TXN-005640,20230911,102,321,5,17,1,-6.75,6.75,Expense,Pending,0,0
5641,TXN-005641,20231028,213,407,2,11,2,-1208.26,1208.26,Expense,Completed,1,1
5642,TXN-005642,20230205,335,374,15,19,1,-1420.33,1420.33,Expense,Completed,0,1
5643,TXN-005643,20230910,305,985,7,8,1,-76.52,76.52,Expense,Failed,0,0
5644,TXN-005644,20241208,325,329,15,17,6,-851.2,851.2,Expense,Completed,0,1
5645,TXN-005645,20220308,325,253,20,,5,8289.84,8289.84,Income,Completed,0,0
5646,TXN-005646,20231202,461,918,2,11,4,-1816.81,1816.81,Expense,Completed,0,1
5647,TXN-005647,20220316,313,369,1,11,1,-199.84,199.84,Expense,Reversed,0,0
5648,TXN-005648,20230920,121,470,2,15,2,-587.76,587.76,Expense,Pending,0,1
5649,TXN-005649,20240810,786,948,6,7,3,-148.51,148.51,Expense,Completed,0,0
5650,TXN-005650,20230121,39,815,6,2,2,-37.46,37.46,Expense,Completed,0,0
5651,TXN-005651,20230118,20,630,13,,1,2259.48,2259.48,Transfer,Completed,0,0
5652,TXN-005652,20230902,209,509,3,3,6,-51.85,51.85,Expense,Completed,0,1
5653,TXN-005653,20221213,341,98,4,13,3,-354.39,354.39,Expense,Completed,1,0
5654,TXN-005654,20240409,751,951,10,,2,13976.85,13976.85,Income,Completed,0,1
5655,TXN-005655,20230425,537,209,2,16,5,-1446.0,1446.0,Expense,Completed,0,1
5656,TXN-005656,20221009,379,426,1,13,1,-321.98,321.98,Expense,Completed,1,0
5657,TXN-005657,20241009,48,615,13,,3,1408.78,1408.78,Transfer,Completed,0,0
5658,TXN-005658,20241213,701,227,18,16,7,-743.26,743.26,Expense,Completed,0,0
5659,TXN-005659,20220827,577,908,15,13,3,-1086.24,1086.24,Expense,Pending,0,1
5660,TXN-005660,20241027,358,966,10,,6,4234.6,4234.6,Income,Pending,0,1
5661,TXN-005661,20230527,114,461,4,18,1,-403.91,403.91,Expense,Completed,0,0
5662,TXN-005662,20220819,433,633,1,6,6,-302.23,302.23,Expense,Completed,0,0
5663,TXN-005663,20241022,759,691,11,,1,216.19,216.19,Income,Failed,0,0
5664,TXN-005664,20240514,214,556,3,5,4,-51.7,51.7,Expense,Completed,0,1
5665,TXN-005665,20220909,427,520,8,20,7,-194.55,194.55,Expense,Completed,0,0
5666,TXN-005666,20230215,491,47,19,17,6,-225.84,225.84,Expense,Completed,0,0
5667,TXN-005667,20220416,316,428,2,1,3,-2532.23,2532.23,Expense,Completed,0,1
5668,TXN-005668,20220325,680,274,16,5,4,-436.83,436.83,Expense,Completed,0,1
5669,TXN-005669,20240421,674,32,11,,5,242.89,242.89,Income,Completed,0,0
5670,TXN-005670,20230317,361,425,3,15,4,-369.48,369.48,Expense,Completed,0,1
5671,TXN-005671,20240823,369,386,6,20,1,-27.73,27.73,Expense,Completed,0,0
5672,TXN-005672,20221001,176,766,7,4,3,-453.55,453.55,Expense,Completed,1,0
5673,TXN-005673,20221011,276,738,6,13,7,-38.27,38.27,Expense,Completed,0,0
5674,TXN-005674,20230220,141,993,3,4,4,-189.5,189.5,Expense,Completed,0,1
5675,TXN-005675,20230523,390,994,13,,2,3823.19,3823.19,Transfer,Completed,0,0
5676,TXN-005676,20240406,548,350,14,,4,-3637.11,3637.11,Transfer,Completed,0,0
5677,TXN-005677,20240517,33,813,13,,7,562.73,562.73,Transfer,Completed,0,0
5678,TXN-005678,20230901,149,959,3,3,3,-97.03,97.03,Expense,Pending,0,1
5679,TXN-005679,20220119,184,931,6,16,4,-123.83,123.83,Expense,Pending,0,0
5680,TXN-005680,20231129,703,198,4,10,4,-142.6,142.6,Expense,Completed,1,0
5681,TXN-005681,20220410,604,916,1,17,2,-393.65,393.65,Expense,Completed,0,0
5682,TXN-005682,20240808,422,172,10,,4,13376.48,13376.48,Income,Pending,0,1
5683,TXN-005683,20231112,353,271,8,15,6,-317.74,317.74,Expense,Completed,0,0
5684,TXN-005684,20241211,569,915,2,7,7,-1260.94,1260.94,Expense,Completed,0,1
5685,TXN-005685,20240511,525,15,10,,7,13486.92,13486.92,Income,Completed,0,1
5686,TXN-005686,20220429,482,230,11,,3,16.32,16.32,Income,Completed,1,0
5687,TXN-005687,20220330,212,19,6,17,6,-34.07,34.07,Expense,Failed,0,0
5688,TXN-005688,20230316,151,251,1,19,3,-473.77,473.77,Expense,Completed,0,0
5689,TXN-005689,20241127,276,738,17,7,3,-8.55,8.55,Expense,Completed,0,1
5690,TXN-005690,20241106,312,466,15,1,5,-1702.69,1702.69,Expense,Completed,0,1
5691,TXN-005691,20220907,751,852,4,18,4,-372.85,372.85,Expense,Completed,0,0
5692,TXN-005692,20241110,658,643,17,12,5,-119.6,119.6,Expense,Completed,1,1
5693,TXN-005693,20220909,707,484,17,13,2,-28.71,28.71,Expense,Completed,0,1
5694,TXN-005694,20240712,141,877,17,2,4,-69.45,69.45,Expense,Reversed,0,1
5695,TXN-005695,20240929,602,97,4,11,3,-95.88,95.88,Expense,Completed,0,0
5696,TXN-005696,20220427,700,542,19,3,6,-290.46,290.46,Expense,Completed,0,0
5697,TXN-005697,20240502,230,887,7,5,6,-201.63,201.63,Expense,Pending,0,0
5698,TXN-005698,20230104,221,1,13,,2,4593.84,4593.84,Transfer,Completed,0,0
5699,TXN-005699,20241002,446,35,20,,1,5627.56,5627.56,Income,Completed,0,0
5700,TXN-005700,20231022,297,562,7,20,1,-374.87,374.87,Expense,Completed,0,0
5701,TXN-005701,20220509,590,364,16,12,6,-426.61,426.61,Expense,Failed,0,1
5702,TXN-005702,20230619,638,31,3,16,1,-486.5,486.5,Expense,Completed,0,1
5703,TXN-005703,20240128,508,816,2,14,4,-2653.13,2653.13,Expense,Completed,0,1
5704,TXN-005704,20240906,753,507,5,15,2,-107.02,107.02,Expense,Completed,0,0
5705,TXN-005705,20220909,281,688,19,11,2,-169.48,169.48,Expense,Completed,0,0
5706,TXN-005706,20241023,236,807,3,11,5,-162.93,162.93,Expense,Completed,0,1
5707,TXN-005707,20220704,405,947,3,14,6,-170.38,170.38,Expense,Pending,0,1
5708,TXN-005708,20231123,635,952,9,19,1,-424.67,424.67,Expense,Pending,0,0
5709,TXN-005709,20230820,713,851,2,13,7,-2173.02,2173.02,Expense,Completed,0,1
5710,TXN-005710,20220921,425,550,11,,7,12.65,12.65,Income,Reversed,0,0
5711,TXN-005711,20221024,633,308,19,11,6,-347.31,347.31,Expense,Completed,0,0
5712,TXN-005712,20231207,718,641,10,,7,8341.13,8341.13,Income,Reversed,0,1
5713,TXN-005713,20220624,462,513,8,13,4,-71.27,71.27,Expense,Completed,0,0
5714,TXN-005714,20240325,660,902,20,,1,5255.72,5255.72,Income,Completed,0,0
5715,TXN-005715,20230619,178,613,4,19,4,-287.73,287.73,Expense,Failed,0,0
5716,TXN-005716,20230315,775,5,20,,2,9432.19,9432.19,Income,Completed,0,0
5717,TXN-005717,20240322,546,456,15,20,3,-1526.63,1526.63,Expense,Pending,0,1
5718,TXN-005718,20220610,410,476,20,,7,2756.42,2756.42,Income,Pending,0,0
5719,TXN-005719,20230923,774,389,15,6,7,-1348.92,1348.92,Expense,Completed,0,1
5720,TXN-005720,20230719,287,324,2,9,7,-2863.51,2863.51,Expense,Completed,0,1
5721,TXN-005721,20220918,674,32,1,20,7,-68.69,68.69,Expense,Pending,0,0
5722,TXN-005722,20240523,150,701,4,10,2,-24.24,24.24,Expense,Completed,0,0
5723,TXN-005723,20220704,290,596,10,,1,4949.59,4949.59,Income,Pending,0,1
5724,TXN-005724,20241023,328,334,1,13,7,-446.49,446.49,Expense,Completed,0,0
5725,TXN-005725,20230225,541,256,12,,3,485.7,485.7,Income,Completed,0,0
5726,TXN-005726,20230106,564,119,13,,2,1996.18,1996.18,Transfer,Failed,0,0
5727,TXN-005727,20230929,752,845,7,3,3,-339.8,339.8,Expense,Completed,1,0
5728,TXN-005728,20230810,357,133,7,5,6,-130.84,130.84,Expense,Completed,0,0
5729,TXN-005729,20220831,400,549,2,3,2,-2401.7,2401.7,Expense,Failed,1,1
5730,TXN-005730,20230913,526,240,17,3,7,-138.73,138.73,Expense,Completed,0,1
5731,TXN-005731,20220317,745,713,7,4,3,-294.01,294.01,Expense,Reversed,0,0
5732,TXN-005732,20240125,707,732,2,12,6,-1818.42,1818.42,Expense,Completed,0,1
5733,TXN-005733,20230105,41,393,1,11,2,-399.75,399.75,Expense,Completed,0,0
5734,TXN-005734,20230228,310,142,18,11,4,-2896.57,2896.57,Expense,Completed,0,0
5735,TXN-005735,20240808,701,91,14,,6,-364.64,364.64,Transfer,Completed,0,0
5736,TXN-005736,20220831,268,247,6,8,5,-10.76,10.76,Expense,Failed,0,0
5737,TXN-005737,20240521,672,553,3,4,7,-80.34,80.34,Expense,Completed,0,1
5738,TXN-005738,20240512,516,216,3,3,5,-16.84,16.84,Expense,Completed,0,1
5739,TXN-005739,20241222,314,854,10,,4,5173.02,5173.02,Income,Completed,1,1
5740,TXN-005740,20241204,227,599,11,,2,327.93,327.93,Income,Completed,0,0
5741,TXN-005741,20220509,348,116,2,6,6,-960.59,960.59,Expense,Failed,0,1
5742,TXN-005742,20240427,308,442,14,,4,-3545.95,3545.95,Transfer,Completed,0,0
5743,TXN-005743,20220719,60,295,12,,6,4508.65,4508.65,Income,Completed,0,0
5744,TXN-005744,20220716,401,820,7,3,3,-120.87,120.87,Expense,Failed,0,0
5745,TXN-005745,20240503,701,91,11,,5,398.28,398.28,Income,Completed,1,0
5746,TXN-005746,20230806,447,472,15,6,1,-1399.13,1399.13,Expense,Completed,0,1
5747,TXN-005747,20220531,490,494,5,15,5,-97.9,97.9,Expense,Completed,0,0
5748,TXN-005748,20231226,216,236,13,,2,2042.43,2042.43,Transfer,Completed,0,0
5749,TXN-005749,20230608,111,210,12,,7,4127.25,4127.25,Income,Completed,0,0
5750,TXN-005750,20240526,717,868,3,16,6,-227.88,227.88,Expense,Completed,0,1
5751,TXN-005751,20221021,135,379,10,,4,3410.56,3410.56,Income,Completed,0,1
5752,TXN-005752,20231011,717,944,13,,6,2287.08,2287.08,Transfer,Failed,0,0
5753,TXN-005753,20240329,435,273,15,14,5,-1890.48,1890.48,Expense,Completed,0,1
5754,TXN-005754,20241008,759,691,15,1,6,-1115.3,1115.3,Expense,Completed,0,1
5755,TXN-005755,20220204,282,166,1,5,2,-105.21,105.21,Expense,Completed,0,0
5756,TXN-005756,20230805,322,690,18,6,1,-1363.78,1363.78,Expense,Pending,0,0
5757,TXN-005757,20231117,700,673,6,7,3,-28.27,28.27,Expense,Completed,0,0
5758,TXN-005758,20241103,564,119,4,2,3,-155.85,155.85,Expense,Completed,0,0
5759,TXN-005759,20230629,141,318,4,16,4,-174.06,174.06,Expense,Completed,0,0
5760,TXN-005760,20230720,634,727,5,16,5,-16.85,16.85,Expense,Completed,0,0
5761,TXN-005761,20241002,232,666,7,3,5,-41.88,41.88,Expense,Completed,0,0
5762,TXN-005762,20241009,424,697,4,1,2,-62.61,62.61,Expense,Reversed,0,0
5763,TXN-005763,20220225,161,579,18,2,4,-2447.6,2447.6,Expense,Completed,0,0
5764,TXN-005764,20241019,545,291,11,,1,303.68,303.68,Income,Completed,0,0
5765,TXN-005765,20230324,658,643,10,,6,9774.39,9774.39,Income,Completed,0,1
5766,TXN-005766,20240408,280,811,15,14,2,-851.95,851.95,Expense,Completed,0,1
5767,TXN-005767,20230628,357,683,6,16,6,-49.84,49.84,Expense,Completed,0,0
5768,TXN-005768,20240703,514,286,8,18,4,-110.29,110.29,Expense,Completed,0,0
5769,TXN-005769,20230609,314,743,17,7,6,-26.29,26.29,Expense,Pending,0,1
5770,TXN-005770,20240813,475,702,5,5,1,-15.25,15.25,Expense,Completed,0,0
5771,TXN-005771,20231110,608,968,19,4,3,-283.2,283.2,Expense,Completed,0,0
5772,TXN-005772,20220121,305,985,14,,5,-2131.27,2131.27,Transfer,Failed,0,0
5773,TXN-005773,20230427,271,179,18,2,3,-1010.61,1010.61,Expense,Completed,0,0
5774,TXN-005774,20221113,262,435,1,16,1,-44.28,44.28,Expense,Completed,0,0
5775,TXN-005775,20220403,308,442,5,15,6,-136.52,136.52,Expense,Completed,0,0
5776,TXN-005776,20240310,10,749,7,11,1,-188.1,188.1,Expense,Pending,0,0
5777,TXN-005777,20220820,282,166,7,6,4,-230.8,230.8,Expense,Completed,0,0
5778,TXN-005778,20230330,290,605,5,1,2,-109.42,109.42,Expense,Failed,0,0
5779,TXN-005779,20221101,16,980,8,15,7,-267.69,267.69,Expense,Completed,0,0
5780,TXN-005780,20240729,564,895,7,14,3,-131.23,131.23,Expense,Completed,0,0
5781,TXN-005781,20241011,192,920,11,,4,29.53,29.53,Income,Completed,0,0
5782,TXN-005782,20230526,333,911,12,,4,4787.45,4787.45,Income,Completed,0,0
5783,TXN-005783,20221105,162,685,20,,3,3067.03,3067.03,Income,Completed,0,0
5784,TXN-005784,20220224,660,902,14,,2,-1966.14,1966.14,Transfer,Completed,0,0
5785,TXN-005785,20230721,66,430,10,,5,6127.45,6127.45,Income,Completed,0,1
5786,TXN-005786,20230720,502,585,10,,6,7689.77,7689.77,Income,Completed,0,1
5787,TXN-005787,20240814,331,118,1,4,2,-429.34,429.34,Expense,Completed,0,0
5788,TXN-005788,20231112,306,181,14,,4,-569.87,569.87,Transfer,Completed,0,0
5789,TXN-005789,20230415,522,126,4,15,3,-422.81,422.81,Expense,Completed,0,0
5790,TXN-005790,20230116,322,690,7,14,3,-420.33,420.33,Expense,Completed,0,0
5791,TXN-005791,20240430,461,870,5,12,5,-133.24,133.24,Expense,Completed,0,0
5792,TXN-005792,20230727,519,423,5,14,1,-88.44,88.44,Expense,Completed,0,0
5793,TXN-005793,20240901,701,91,13,,1,2159.15,2159.15,Transfer,Completed,0,0
5794,TXN-005794,20220831,353,576,13,,6,1316.02,1316.02,Transfer,Completed,0,0
5795,TXN-005795,20230712,492,76,7,4,4,-139.46,139.46,Expense,Completed,0,0
5796,TXN-005796,20230813,402,961,16,19,7,-66.88,66.88,Expense,Pending,0,1
5797,TXN-005797,20230908,700,673,10,,1,3289.9,3289.9,Income,Completed,0,1
5798,TXN-005798,20241005,601,141,8,8,3,-191.55,191.55,Expense,Completed,0,0
5799,TXN-005799,20241117,238,438,10,,4,3871.75,3871.75,Income,Completed,0,1
5800,TXN-005800,20231010,519,655,2,7,2,-1222.8,1222.8,Expense,Completed,0,1
5801,TXN-005801,20240807,622,906,18,9,1,-1951.27,1951.27,Expense,Completed,0,0
5802,TXN-005802,20231216,415,967,17,4,4,-145.1,145.1,Expense,Completed,0,1
5803,TXN-005803,20240115,119,703,10,,3,9936.59,9936.59,Income,Completed,0,1
5804,TXN-005804,20220523,221,956,1,14,2,-169.81,169.81,Expense,Completed,0,0
5805,TXN-005805,20240816,33,762,3,10,3,-179.21,179.21,Expense,Completed,0,1
5806,TXN-005806,20221227,353,576,5,16,7,-111.68,111.68,Expense,Completed,0,0
5807,TXN-005807,20240113,231,201,1,20,4,-146.13,146.13,Expense,Completed,0,0
5808,TXN-005808,20231028,774,389,3,5,5,-149.26,149.26,Expense,Completed,0,1
5809,TXN-005809,20240627,555,332,1,9,4,-69.67,69.67,Expense,Completed,0,0
5810,TXN-005810,20230509,707,484,7,19,7,-356.27,356.27,Expense,Failed,0,0
5811,TXN-005811,20230811,684,826,12,,7,940.15,940.15,Income,Completed,0,0
5812,TXN-005812,20220309,713,851,16,16,7,-39.18,39.18,Expense,Completed,0,1
5813,TXN-005813,20230505,298,82,13,,7,3428.24,3428.24,Transfer,Completed,0,0
5814,TXN-005814,20230216,564,895,4,16,5,-367.48,367.48,Expense,Completed,0,0
5815,TXN-005815,20230312,480,989,1,16,4,-188.46,188.46,Expense,Completed,0,0
5816,TXN-005816,20231228,236,807,20,,3,5642.46,5642.46,Income,Completed,0,0
5817,TXN-005817,20220128,227,396,7,8,7,-371.96,371.96,Expense,Completed,0,0
5818,TXN-005818,20220503,313,424,2,18,5,-2759.48,2759.48,Expense,Completed,0,1
5819,TXN-005819,20220129,21,287,8,3,1,-409.2,409.2,Expense,Completed,0,0
5820,TXN-005820,20220528,168,255,7,19,2,-218.09,218.09,Expense,Completed,0,0
5821,TXN-005821,20220714,662,223,19,8,1,-282.61,282.61,Expense,Completed,0,0
5822,TXN-005822,20220813,403,715,17,4,3,-39.97,39.97,Expense,Completed,0,1
5823,TXN-005823,20220606,324,926,19,2,3,-196.57,196.57,Expense,Completed,0,0
5824,TXN-005824,20240930,232,666,2,15,2,-1483.04,1483.04,Expense,Completed,0,1
5825,TXN-005825,20240302,701,91,3,19,6,-156.0,156.0,Expense,Completed,0,1
5826,TXN-005826,20220508,430,261,14,,3,-2990.19,2990.19,Transfer,Completed,0,0
5827,TXN-005827,20231001,19,516,15,7,6,-1519.84,1519.84,Expense,Completed,0,1
5828,TXN-005828,20230529,291,174,1,9,5,-206.97,206.97,Expense,Completed,0,0
5829,TXN-005829,20230131,265,936,10,,2,4214.75,4214.75,Income,Failed,0,1
5830,TXN-005830,20220820,775,5,1,16,5,-346.57,346.57,Expense,Completed,0,0
5831,TXN-005831,20230707,675,858,20,,4,7533.69,7533.69,Income,Completed,0,0
5832,TXN-005832,20220809,544,774,3,19,7,-427.75,427.75,Expense,Pending,0,1
5833,TXN-005833,20221106,174,587,5,13,4,-119.25,119.25,Expense,Pending,0,0
5834,TXN-005834,20231212,554,224,4,1,1,-78.2,78.2,Expense,Completed,0,0
5835,TXN-005835,20230921,21,287,6,18,3,-14.6,14.6,Expense,Completed,0,0
5836,TXN-005836,20230808,377,68,10,,1,6517.22,6517.22,Income,Completed,0,1
5837,TXN-005837,20220702,312,361,2,17,2,-2955.17,2955.17,Expense,Completed,0,1
5838,TXN-005838,20230724,11,876,5,13,6,-125.3,125.3,Expense,Completed,0,0
5839,TXN-005839,20241014,422,12,5,5,2,-101.98,101.98,Expense,Completed,0,0
5840,TXN-005840,20231029,675,858,10,,6,5391.9,5391.9,Income,Completed,0,1
5841,TXN-005841,20220603,395,89,5,10,6,-147.39,147.39,Expense,Pending,0,0
5842,TXN-005842,20240729,422,842,1,5,7,-149.08,149.08,Expense,Pending,0,0
5843,TXN-005843,20230120,298,82,7,2,7,-432.27,432.27,Expense,Completed,0,0
5844,TXN-005844,20240728,615,939,13,,5,1782.32,1782.32,Transfer,Completed,0,0
5845,TXN-005845,20240711,675,245,20,,3,6488.23,6488.23,Income,Completed,0,0
5846,TXN-005846,20221214,668,597,3,9,7,-228.81,228.81,Expense,Completed,0,1
5847,TXN-005847,20240702,270,222,8,17,4,-441.31,441.31,Expense,Completed,0,0
5848,TXN-005848,20220924,798,984,6,16,5,-120.89,120.89,Expense,Completed,0,0
5849,TXN-005849,20241220,20,412,11,,1,457.67,457.67,Income,Completed,0,0
5850,TXN-005850,20221109,366,797,3,10,2,-241.78,241.78,Expense,Pending,0,1
5851,TXN-005851,20240904,64,729,1,8,5,-59.89,59.89,Expense,Completed,0,0
5852,TXN-005852,20240915,684,826,13,,5,3008.3,3008.3,Transfer,Completed,0,0
5853,TXN-005853,20220625,387,219,10,,2,4216.27,4216.27,Income,Completed,0,1
5854,TXN-005854,20241113,209,983,1,20,5,-122.33,122.33,Expense,Completed,0,0
5855,TXN-005855,20220708,48,711,10,,1,6855.89,6855.89,Income,Completed,0,1
5856,TXN-005856,20241019,718,139,17,20,7,-100.99,100.99,Expense,Completed,0,1
5857,TXN-005857,20241011,216,236,9,11,3,-497.04,497.04,Expense,Completed,0,0
5858,TXN-005858,20240604,609,354,3,4,3,-193.49,193.49,Expense,Completed,0,1
5859,TXN-005859,20221001,281,688,8,15,1,-300.92,300.92,Expense,Failed,0,0
5860,TXN-005860,20231210,135,183,5,20,2,-74.68,74.68,Expense,Completed,0,0
5861,TXN-005861,20230807,384,449,7,18,5,-200.21,200.21,Expense,Pending,0,0
5862,TXN-005862,20220104,270,759,10,,6,3711.6,3711.6,Income,Completed,1,1
5863,TXN-005863,20230331,577,495,3,12,5,-168.13,168.13,Expense,Completed,0,1
5864,TXN-005864,20231130,147,793,12,,4,2049.11,2049.11,Income,Pending,0,0
5865,TXN-005865,20230822,220,10,4,1,1,-433.93,433.93,Expense,Completed,0,0
5866,TXN-005866,20220326,689,397,20,,1,6460.35,6460.35,Income,Completed,0,0
5867,TXN-005867,20221117,308,194,1,5,4,-405.06,405.06,Expense,Completed,0,0
5868,TXN-005868,20240327,377,68,3,8,3,-417.33,417.33,Expense,Completed,0,1
5869,TXN-005869,20220331,358,966,4,19,7,-135.26,135.26,Expense,Completed,0,0
5870,TXN-005870,20220108,795,835,15,2,7,-383.21,383.21,Expense,Completed,0,1
5871,TXN-005871,20240621,516,155,3,4,5,-73.73,73.73,Expense,Pending,0,1
5872,TXN-005872,20230929,355,886,7,8,7,-172.97,172.97,Expense,Failed,0,0
5873,TXN-005873,20231029,403,880,17,15,5,-115.22,115.22,Expense,Completed,0,1
5874,TXN-005874,20220925,508,816,3,11,7,-47.9,47.9,Expense,Completed,0,1
5875,TXN-005875,20220420,793,2,9,15,2,-47.63,47.63,Expense,Completed,0,0
5876,TXN-005876,20240222,411,548,4,1,3,-193.86,193.86,Expense,Completed,0,0
5877,TXN-005877,20230217,359,750,10,,6,13277.39,13277.39,Income,Completed,0,1
5878,TXN-005878,20221025,176,109,15,10,7,-1925.87,1925.87,Expense,Completed,0,1
5879,TXN-005879,20230919,91,786,4,18,1,-206.4,206.4,Expense,Completed,0,0
5880,TXN-005880,20230826,35,893,7,3,2,-384.42,384.42,Expense,Completed,0,0
5881,TXN-005881,20230810,707,27,16,19,5,-355.11,355.11,Expense,Completed,0,1
5882,TXN-005882,20221003,689,397,16,20,7,-343.15,343.15,Expense,Completed,0,1
5883,TXN-005883,20240609,566,297,13,,2,1758.0,1758.0,Transfer,Completed,0,0
5884,TXN-005884,20230417,653,50,6,15,3,-147.54,147.54,Expense,Completed,0,0
5885,TXN-005885,20220325,727,204,3,2,4,-465.79,465.79,Expense,Completed,0,1
5886,TXN-005886,20231212,697,447,16,5,2,-287.72,287.72,Expense,Completed,0,1
5887,TXN-005887,20220220,425,534,16,6,1,-29.69,29.69,Expense,Completed,0,1
5888,TXN-005888,20220814,97,997,7,13,6,-264.51,264.51,Expense,Completed,0,0
5889,TXN-005889,20231203,7,603,19,18,6,-202.91,202.91,Expense,Completed,0,0
5890,TXN-005890,20220609,82,869,16,13,1,-190.58,190.58,Expense,Completed,0,1
5891,TXN-005891,20231129,332,756,3,2,5,-217.26,217.26,Expense,Pending,0,1
5892,TXN-005892,20230204,413,131,1,6,5,-482.98,482.98,Expense,Completed,0,0
5893,TXN-005893,20230820,360,879,15,20,6,-1620.97,1620.97,Expense,Completed,0,1
5894,TXN-005894,20230723,639,483,15,20,2,-1063.44,1063.44,Expense,Failed,0,1
5895,TXN-005895,20220411,666,246,11,,2,398.56,398.56,Income,Pending,0,0
5896,TXN-005896,20240131,206,325,3,19,2,-309.46,309.46,Expense,Completed,0,1
5897,TXN-005897,20220427,206,325,10,,1,14481.9,14481.9,Income,Completed,0,1
5898,TXN-005898,20240717,92,678,16,2,2,-218.35,218.35,Expense,Pending,0,1
5899,TXN-005899,20241024,608,968,10,,1,11315.47,11315.47,Income,Completed,0,1
5900,TXN-005900,20231202,220,846,1,4,4,-127.81,127.81,Expense,Pending,0,0
5901,TXN-005901,20220209,276,503,10,,1,10734.77,10734.77,Income,Completed,0,1
5902,TXN-005902,20231110,263,616,7,13,6,-141.34,141.34,Expense,Completed,0,0
5903,TXN-005903,20220627,124,498,7,4,3,-161.87,161.87,Expense,Completed,0,0
5904,TXN-005904,20230115,295,415,16,5,2,-156.72,156.72,Expense,Reversed,0,1
5905,TXN-005905,20240606,461,670,3,6,7,-181.71,181.71,Expense,Completed,1,1
5906,TXN-005906,20220801,387,75,13,,6,3846.66,3846.66,Transfer,Completed,0,0
5907,TXN-005907,20230930,361,828,1,8,2,-196.44,196.44,Expense,Completed,0,0
5908,TXN-005908,20220226,482,230,17,1,1,-119.13,119.13,Expense,Completed,0,1
5909,TXN-005909,20241224,51,429,10,,1,7812.68,7812.68,Income,Completed,0,1
5910,TXN-005910,20221222,633,239,1,17,1,-105.06,105.06,Expense,Completed,0,0
5911,TXN-005911,20230828,430,261,14,,1,-824.7,824.7,Transfer,Failed,0,0
5912,TXN-005912,20241223,221,512,10,,1,2871.54,2871.54,Income,Completed,1,1
5913,TXN-005913,20240610,253,281,12,,7,3286.96,3286.96,Income,Completed,0,0
5914,TXN-005914,20230227,710,115,9,2,6,-186.09,186.09,Expense,Completed,0,0
5915,TXN-005915,20230608,571,865,14,,1,-1911.22,1911.22,Transfer,Completed,0,0
5916,TXN-005916,20241111,176,109,20,,3,1751.36,1751.36,Income,Completed,0,0
5917,TXN-005917,20240909,666,779,18,9,2,-2190.92,2190.92,Expense,Failed,0,0
5918,TXN-005918,20241029,560,395,13,,4,2706.74,2706.74,Transfer,Reversed,0,0
5919,TXN-005919,20240828,196,441,1,19,4,-22.53,22.53,Expense,Completed,0,0
5920,TXN-005920,20240127,625,649,1,20,1,-89.09,89.09,Expense,Completed,0,0
5921,TXN-005921,20220810,184,931,1,4,6,-342.97,342.97,Expense,Completed,0,0
5922,TXN-005922,20230418,56,928,15,14,7,-1486.72,1486.72,Expense,Completed,0,1
5923,TXN-005923,20240408,441,881,20,,4,9168.85,9168.85,Income,Completed,0,0
5924,TXN-005924,20220918,563,455,1,18,5,-393.0,393.0,Expense,Completed,0,0
5925,TXN-005925,20230524,570,728,9,7,2,-492.83,492.83,Expense,Completed,0,0
5926,TXN-005926,20230113,648,279,12,,2,1678.38,1678.38,Income,Failed,1,0
5927,TXN-005927,20220115,468,85,20,,2,974.34,974.34,Income,Completed,0,0
5928,TXN-005928,20220620,99,93,10,,6,11174.81,11174.81,Income,Completed,1,1
5929,TXN-005929,20241008,410,476,2,8,4,-2545.28,2545.28,Expense,Completed,0,1
5930,TXN-005930,20220221,423,629,3,8,5,-304.43,304.43,Expense,Completed,0,1
5931,TXN-005931,20240101,497,471,2,8,4,-2468.79,2468.79,Expense,Completed,0,1
5932,TXN-005932,20241002,166,687,1,9,7,-25.25,25.25,Expense,Completed,0,0
5933,TXN-005933,20230905,298,299,4,12,5,-407.13,407.13,Expense,Completed,0,0
5934,TXN-005934,20221107,269,304,17,19,7,-25.77,25.77,Expense,Pending,0,1
5935,TXN-005935,20230704,24,991,10,,3,4907.59,4907.59,Income,Completed,0,1
5936,TXN-005936,20220307,453,445,2,7,4,-838.28,838.28,Expense,Completed,0,1
5937,TXN-005937,20230706,214,900,11,,2,57.99,57.99,Income,Completed,0,0
5938,TXN-005938,20220409,708,146,1,13,7,-487.8,487.8,Expense,Completed,0,0
5939,TXN-005939,20240804,548,350,5,1,6,-12.21,12.21,Expense,Completed,0,0
5940,TXN-005940,20230826,30,528,19,18,2,-161.17,161.17,Expense,Pending,0,0
5941,TXN-005941,20220305,793,2,5,11,6,-12.9,12.9,Expense,Completed,0,0
5942,TXN-005942,20231209,487,540,4,13,3,-296.07,296.07,Expense,Completed,0,0
5943,TXN-005943,20220731,14,458,1,16,5,-388.25,388.25,Expense,Completed,0,0
5944,TXN-005944,20230914,5,672,4,6,1,-224.92,224.92,Expense,Completed,0,0
5945,TXN-005945,20221221,448,768,16,1,7,-261.65,261.65,Expense,Completed,0,1
5946,TXN-005946,20230117,775,5,9,20,1,-315.95,315.95,Expense,Completed,0,0
5947,TXN-005947,20220101,117,954,1,11,6,-294.05,294.05,Expense,Completed,0,0
5948,TXN-005948,20220414,717,868,1,16,3,-199.43,199.43,Expense,Failed,1,0
5949,TXN-005949,20231020,565,34,3,12,6,-95.63,95.63,Expense,Completed,0,1
5950,TXN-005950,20241203,555,840,1,7,2,-215.02,215.02,Expense,Completed,0,0
5951,TXN-005951,20220913,355,884,7,5,1,-42.59,42.59,Expense,Completed,0,0
5952,TXN-005952,20220122,480,989,11,,3,294.64,294.64,Income,Failed,0,0
5953,TXN-005953,20220712,687,940,5,17,5,-106.38,106.38,Expense,Completed,0,0
5954,TXN-005954,20241230,285,923,4,15,5,-174.0,174.0,Expense,Completed,0,0
5955,TXN-005955,20220314,240,636,7,7,3,-238.53,238.53,Expense,Completed,0,0
5956,TXN-005956,20230517,295,619,7,4,6,-345.2,345.2,Expense,Completed,0,0
5957,TXN-005957,20220313,404,859,4,2,5,-401.78,401.78,Expense,Completed,0,0
5958,TXN-005958,20221202,567,946,19,9,1,-195.52,195.52,Expense,Completed,0,0
5959,TXN-005959,20220622,462,513,17,20,7,-87.87,87.87,Expense,Completed,0,1
5960,TXN-005960,20231206,611,463,7,13,4,-252.38,252.38,Expense,Completed,0,0
5961,TXN-005961,20220827,437,658,14,,4,-4076.15,4076.15,Transfer,Completed,0,0
5962,TXN-005962,20231010,79,39,14,,5,-3178.73,3178.73,Transfer,Completed,0,0
5963,TXN-005963,20230409,675,362,13,,2,3135.86,3135.86,Transfer,Completed,0,0
5964,TXN-005964,20220307,340,312,10,,6,5748.85,5748.85,Income,Completed,0,1
5965,TXN-005965,20220511,582,217,2,13,3,-1640.83,1640.83,Expense,Completed,0,1
5966,TXN-005966,20220523,213,407,1,16,7,-460.55,460.55,Expense,Reversed,0,0
5967,TXN-005967,20241023,121,470,6,2,3,-75.49,75.49,Expense,Completed,0,0
5968,TXN-005968,20241031,725,192,20,,4,7690.37,7690.37,Income,Completed,0,0
5969,TXN-005969,20220920,463,817,14,,2,-2942.66,2942.66,Transfer,Completed,0,0
5970,TXN-005970,20241130,717,868,8,20,7,-426.57,426.57,Expense,Completed,0,0
5971,TXN-005971,20230418,313,424,5,4,4,-11.45,11.45,Expense,Completed,0,0
5972,TXN-005972,20230811,597,995,10,,3,8814.22,8814.22,Income,Completed,0,1
5973,TXN-005973,20220605,795,958,14,,3,-4123.93,4123.93,Transfer,Completed,0,0
5974,TXN-005974,20240315,791,686,15,6,5,-243.57,243.57,Expense,Completed,0,1
5975,TXN-005975,20230119,798,984,4,9,5,-414.34,414.34,Expense,Completed,0,0
5976,TXN-005976,20220607,414,298,1,17,5,-65.24,65.24,Expense,Completed,0,0
5977,TXN-005977,20230320,404,859,1,1,2,-217.12,217.12,Expense,Reversed,0,0
5978,TXN-005978,20220609,462,215,8,5,6,-418.13,418.13,Expense,Completed,0,0
5979,TXN-005979,20220503,675,245,11,,3,326.47,326.47,Income,Completed,0,0
5980,TXN-005980,20230712,682,158,4,6,5,-35.9,35.9,Expense,Completed,0,0
5981,TXN-005981,20240831,64,729,6,17,7,-58.52,58.52,Expense,Completed,0,0
5982,TXN-005982,20231223,279,154,1,11,6,-121.2,121.2,Expense,Completed,0,0
5983,TXN-005983,20240529,683,145,10,,6,2092.28,2092.28,Income,Pending,0,1
5984,TXN-005984,20230611,448,768,5,16,3,-106.14,106.14,Expense,Completed,0,0
5985,TXN-005985,20220901,254,285,1,12,7,-69.94,69.94,Expense,Completed,0,0
5986,TXN-005986,20220306,206,138,13,,7,4353.93,4353.93,Transfer,Completed,0,0
5987,TXN-005987,20240227,476,574,15,3,2,-359.33,359.33,Expense,Completed,0,1
5988,TXN-005988,20230530,7,603,12,,2,2179.79,2179.79,Income,Completed,0,0
5989,TXN-005989,20231001,701,227,1,18,2,-124.66,124.66,Expense,Completed,0,0
5990,TXN-005990,20221225,48,711,1,14,7,-134.85,134.85,Expense,Completed,0,0
5991,TXN-005991,20220927,678,357,10,,1,12044.38,12044.38,Income,Completed,0,1
5992,TXN-005992,20240525,227,396,12,,5,2165.21,2165.21,Income,Completed,0,0
5993,TXN-005993,20231101,149,959,10,,2,3815.51,3815.51,Income,Completed,0,1
5994,TXN-005994,20230524,463,817,1,4,1,-122.3,122.3,Expense,Completed,0,0
5995,TXN-005995,20230228,90,618,7,18,1,-439.02,439.02,Expense,Reversed,0,0
5996,TXN-005996,20241026,180,328,18,20,7,-2001.59,2001.59,Expense,Completed,0,0
5997,TXN-005997,20240614,389,327,6,1,4,-35.43,35.43,Expense,Completed,0,0
5998,TXN-005998,20220501,250,177,3,2,6,-453.08,453.08,Expense,Failed,0,1
5999,TXN-005999,20230819,740,524,6,1,2,-79.58,79.58,Expense,Completed,1,0
6000,TXN-006000,20230102,664,451,1,16,1,-221.47,221.47,Expense,Completed,0,0
6001,TXN-006001,20220111,693,583,1,20,7,-93.97,93.97,Expense,Completed,0,0
6002,TXN-006002,20220104,92,678,10,,3,1680.03,1680.03,Income,Completed,1,1
6003,TXN-006003,20240224,38,847,1,15,6,-437.42,437.42,Expense,Completed,0,0
6004,TXN-006004,20231208,768,620,4,2,6,-56.69,56.69,Expense,Completed,0,0
6005,TXN-006005,20240430,23,894,1,7,7,-249.65,249.65,Expense,Completed,0,0
6006,TXN-006006,20230729,370,677,1,9,4,-433.45,433.45,Expense,Completed,0,0
6007,TXN-006007,20220804,199,679,17,6,5,-93.69,93.69,Expense,Completed,0,1
6008,TXN-006008,20240518,240,650,8,13,5,-132.1,132.1,Expense,Completed,1,0
6009,TXN-006009,20231008,190,970,4,16,3,-434.88,434.88,Expense,Completed,0,0
6010,TXN-006010,20220902,46,866,1,20,4,-119.28,119.28,Expense,Completed,0,0
6011,TXN-006011,20240730,561,24,9,13,1,-281.3,281.3,Expense,Completed,0,0
6012,TXN-006012,20221205,484,780,10,,3,13272.61,13272.61,Income,Completed,0,1
6013,TXN-006013,20240408,112,896,7,17,1,-275.46,275.46,Expense,Completed,0,0
6014,TXN-006014,20220227,99,93,10,,7,8404.08,8404.08,Income,Completed,0,1
6015,TXN-006015,20240803,590,364,12,,2,4479.2,4479.2,Income,Completed,1,0
6016,TXN-006016,20231018,733,536,16,14,7,-277.98,277.98,Expense,Completed,0,1
6017,TXN-006017,20220701,586,474,1,12,7,-386.36,386.36,Expense,Completed,0,0
6018,TXN-006018,20240830,431,106,7,11,4,-305.84,305.84,Expense,Completed,0,0
6019,TXN-006019,20220510,152,628,20,,5,9511.79,9511.79,Income,Completed,0,0
6020,TXN-006020,20230902,780,890,20,,5,7083.86,7083.86,Income,Completed,0,0
6021,TXN-006021,20241129,600,544,4,19,4,-434.17,434.17,Expense,Completed,0,0
6022,TXN-006022,20230304,555,840,5,6,7,-20.81,20.81,Expense,Completed,1,0
6023,TXN-006023,20231102,689,397,7,18,2,-222.38,222.38,Expense,Failed,0,0
6024,TXN-006024,20241231,426,973,8,13,2,-260.69,260.69,Expense,Completed,1,0
6025,TXN-006025,20240926,474,698,6,7,3,-23.47,23.47,Expense,Completed,0,0
6026,TXN-006026,20230704,628,637,1,11,7,-113.37,113.37,Expense,Completed,1,0
6027,TXN-006027,20231209,508,810,3,5,1,-186.47,186.47,Expense,Pending,0,1
6028,TXN-006028,20220312,701,227,14,,5,-4776.59,4776.59,Transfer,Completed,0,0
6029,TXN-006029,20231126,482,883,2,17,1,-2497.9,2497.9,Expense,Pending,0,1
6030,TXN-006030,20220305,537,128,4,19,3,-287.62,287.62,Expense,Completed,1,0
6031,TXN-006031,20230903,767,316,3,12,5,-460.58,460.58,Expense,Completed,0,1
6032,TXN-006032,20230505,541,256,17,10,4,-11.61,11.61,Expense,Completed,0,1
6033,TXN-006033,20241020,519,423,11,,4,83.33,83.33,Income,Completed,0,0
6034,TXN-006034,20220925,184,931,4,14,7,-26.39,26.39,Expense,Pending,0,0
6035,TXN-006035,20241003,764,189,1,15,3,-69.43,69.43,Expense,Pending,0,0
6036,TXN-006036,20240131,487,540,11,,3,144.93,144.93,Income,Completed,0,0
6037,TXN-006037,20240621,82,869,1,7,3,-105.97,105.97,Expense,Completed,0,0
6038,TXN-006038,20230926,152,628,10,,7,1762.64,1762.64,Income,Pending,0,1
6039,TXN-006039,20240511,510,551,11,,1,43.73,43.73,Income,Pending,0,0
6040,TXN-006040,20230104,288,927,3,8,5,-110.43,110.43,Expense,Completed,0,1
6041,TXN-006041,20220102,10,749,13,,5,1027.11,1027.11,Transfer,Completed,1,0
6042,TXN-006042,20240622,212,659,5,6,7,-47.07,47.07,Expense,Completed,0,0
6043,TXN-006043,20240501,684,826,1,13,6,-313.51,313.51,Expense,Completed,0,0
6044,TXN-006044,20231128,797,716,2,17,1,-1564.03,1564.03,Expense,Completed,0,1
6045,TXN-006045,20241214,564,119,13,,6,3357.87,3357.87,Transfer,Completed,0,0
6046,TXN-006046,20240312,746,805,1,2,2,-104.51,104.51,Expense,Completed,0,0
6047,TXN-006047,20230503,537,850,1,15,6,-322.02,322.02,Expense,Completed,0,0
6048,TXN-006048,20220628,533,674,7,9,2,-89.08,89.08,Expense,Completed,0,0
6049,TXN-006049,20240106,608,968,1,19,7,-304.55,304.55,Expense,Completed,0,0
6050,TXN-006050,20221109,287,324,12,,7,2488.7,2488.7,Income,Completed,0,0
6051,TXN-006051,20220521,462,513,4,12,7,-385.02,385.02,Expense,Failed,0,0
6052,TXN-006052,20240720,353,576,13,,1,2927.5,2927.5,Transfer,Completed,0,0
6053,TXN-006053,20241224,7,603,4,2,1,-78.06,78.06,Expense,Failed,0,0
6054,TXN-006054,20231024,231,201,19,9,5,-92.56,92.56,Expense,Completed,0,0
6055,TXN-006055,20220426,727,204,13,,5,3909.54,3909.54,Transfer,Completed,0,0
6056,TXN-006056,20230514,15,631,3,16,4,-26.36,26.36,Expense,Completed,0,1
6057,TXN-006057,20220923,652,398,14,,5,-2382.58,2382.58,Transfer,Completed,0,0
6058,TXN-006058,20220703,650,770,3,19,3,-394.02,394.02,Expense,Failed,0,1
6059,TXN-006059,20230621,499,292,1,20,4,-72.94,72.94,Expense,Pending,0,0
6060,TXN-006060,20231002,477,388,5,18,2,-17.13,17.13,Expense,Completed,0,0
6061,TXN-006061,20221105,91,873,4,3,1,-73.13,73.13,Expense,Completed,0,0
6062,TXN-006062,20230727,200,258,13,,4,2297.94,2297.94,Transfer,Completed,0,0
6063,TXN-006063,20220610,650,770,10,,7,9365.77,9365.77,Income,Failed,0,1
6064,TXN-006064,20240220,44,231,6,12,5,-118.0,118.0,Expense,Completed,0,0
6065,TXN-006065,20230823,634,699,7,13,5,-306.4,306.4,Expense,Completed,0,0
6066,TXN-006066,20220614,446,35,15,12,1,-1743.78,1743.78,Expense,Completed,0,1
6067,TXN-006067,20221230,717,868,16,2,2,-431.81,431.81,Expense,Completed,0,1
6068,TXN-006068,20220709,553,171,3,5,7,-14.38,14.38,Expense,Completed,0,1
6069,TXN-006069,20240504,427,787,20,,4,2919.89,2919.89,Income,Completed,0,0
6070,TXN-006070,20230422,618,58,4,17,1,-342.64,342.64,Expense,Completed,0,0
6071,TXN-006071,20241110,619,767,10,,3,4185.4,4185.4,Income,Completed,0,1
6072,TXN-006072,20240705,221,1,3,5,5,-263.26,263.26,Expense,Completed,0,1
6073,TXN-006073,20231215,517,394,4,12,1,-202.16,202.16,Expense,Completed,0,0
6074,TXN-006074,20240215,206,8,7,14,6,-244.21,244.21,Expense,Completed,0,0
6075,TXN-006075,20230530,240,636,5,5,4,-88.87,88.87,Expense,Pending,0,0
6076,TXN-006076,20220611,697,447,11,,4,489.54,489.54,Income,Completed,0,0
6077,TXN-006077,20220101,540,598,11,,3,166.33,166.33,Income,Pending,0,0
6078,TXN-006078,20220213,390,994,17,15,5,-47.07,47.07,Expense,Completed,0,1
6079,TXN-006079,20221029,649,433,15,9,2,-1279.6,1279.6,Expense,Completed,0,1
6080,TXN-006080,20240824,245,439,7,15,6,-206.69,206.69,Expense,Completed,0,0
6081,TXN-006081,20220505,298,559,10,,5,10295.45,10295.45,Income,Completed,0,1
6082,TXN-006082,20240801,596,448,5,9,4,-51.95,51.95,Expense,Completed,0,0
6083,TXN-006083,20230921,596,448,12,,5,4050.49,4050.49,Income,Completed,0,0
6084,TXN-006084,20221028,360,879,10,,2,2687.64,2687.64,Income,Completed,0,1
6085,TXN-006085,20240125,379,426,15,4,2,-945.77,945.77,Expense,Completed,0,1
6086,TXN-006086,20220910,635,952,6,13,4,-56.75,56.75,Expense,Completed,0,0
6087,TXN-006087,20240709,415,967,6,5,1,-61.54,61.54,Expense,Completed,0,0
6088,TXN-006088,20230708,498,891,6,8,2,-77.01,77.01,Expense,Completed,0,0
6089,TXN-006089,20240212,605,136,3,17,4,-98.17,98.17,Expense,Completed,1,1
6090,TXN-006090,20230314,452,511,3,18,5,-311.96,311.96,Expense,Completed,0,1
6091,TXN-006091,20220504,408,1000,14,,1,-3638.06,3638.06,Transfer,Completed,0,0
6092,TXN-006092,20231007,650,419,3,12,5,-143.95,143.95,Expense,Completed,0,1
6093,TXN-006093,20240202,745,713,4,6,2,-404.52,404.52,Expense,Completed,0,0
6094,TXN-006094,20220811,136,56,12,,2,1771.68,1771.68,Income,Completed,0,0
6095,TXN-006095,20240703,333,911,7,9,2,-305.75,305.75,Expense,Completed,0,0
6096,TXN-006096,20231017,427,787,12,,6,1233.78,1233.78,Income,Completed,0,0
6097,TXN-006097,20230117,129,522,3,11,6,-165.8,165.8,Expense,Pending,0,1
6098,TXN-006098,20230317,407,83,13,,3,1955.26,1955.26,Transfer,Completed,0,0
6099,TXN-006099,20221027,66,430,1,11,5,-436.07,436.07,Expense,Failed,0,0
6100,TXN-006100,20220312,448,305,3,11,6,-275.62,275.62,Expense,Pending,0,1
6101,TXN-006101,20230317,537,850,6,2,5,-43.32,43.32,Expense,Completed,0,0
6102,TXN-006102,20231231,628,637,3,8,1,-360.41,360.41,Expense,Pending,1,1
6103,TXN-006103,20230422,633,319,1,6,6,-291.59,291.59,Expense,Completed,0,0
6104,TXN-006104,20220404,360,879,4,2,1,-264.19,264.19,Expense,Completed,0,0
6105,TXN-006105,20231224,700,673,1,3,3,-106.74,106.74,Expense,Pending,1,0
6106,TXN-006106,20220222,555,332,11,,3,273.86,273.86,Income,Failed,0,0
6107,TXN-006107,20230506,132,753,10,,5,8381.81,8381.81,Income,Completed,0,1
6108,TXN-006108,20241104,721,147,5,8,7,-141.61,141.61,Expense,Completed,0,0
6109,TXN-006109,20241230,97,997,3,18,2,-280.76,280.76,Expense,Pending,0,1
6110,TXN-006110,20231231,774,389,10,,5,12377.51,12377.51,Income,Completed,0,1
6111,TXN-006111,20230318,717,944,1,11,2,-93.29,93.29,Expense,Completed,0,0
6112,TXN-006112,20220808,639,483,7,15,5,-490.36,490.36,Expense,Completed,0,0
6113,TXN-006113,20221130,406,609,15,14,6,-1605.27,1605.27,Expense,Pending,0,1
6114,TXN-006114,20240909,185,714,1,6,2,-96.69,96.69,Expense,Completed,0,0
6115,TXN-006115,20240214,329,734,12,,7,1834.66,1834.66,Income,Completed,0,0
6116,TXN-006116,20240501,795,958,2,13,7,-967.9,967.9,Expense,Completed,0,1
6117,TXN-006117,20230416,532,798,8,11,5,-74.33,74.33,Expense,Completed,0,0
6118,TXN-006118,20220306,323,784,2,16,7,-2684.25,2684.25,Expense,Completed,0,1
6119,TXN-006119,20221018,635,952,18,19,7,-1002.88,1002.88,Expense,Completed,0,0
6120,TXN-006120,20221212,269,237,2,5,6,-1648.0,1648.0,Expense,Pending,1,1
6121,TXN-006121,20230227,370,677,7,2,4,-364.58,364.58,Expense,Completed,0,0
6122,TXN-006122,20220828,62,561,3,9,1,-283.72,283.72,Expense,Completed,0,1
6123,TXN-006123,20221027,644,533,13,,1,2855.23,2855.23,Transfer,Completed,0,0
6124,TXN-006124,20230301,427,665,10,,4,7689.59,7689.59,Income,Completed,0,1
6125,TXN-006125,20231117,451,457,3,8,1,-227.64,227.64,Expense,Completed,0,1
6126,TXN-006126,20240502,288,812,18,10,7,-378.83,378.83,Expense,Failed,0,0
6127,TXN-006127,20221123,644,533,13,,1,3599.41,3599.41,Transfer,Completed,0,0
6128,TXN-006128,20220302,789,193,10,,4,7496.4,7496.4,Income,Pending,0,1
6129,TXN-006129,20220611,403,880,13,,6,1430.03,1430.03,Transfer,Pending,0,0
6130,TXN-006130,20221124,176,111,8,14,7,-398.03,398.03,Expense,Completed,0,0
6131,TXN-006131,20230707,288,594,20,,7,2144.55,2144.55,Income,Completed,0,0
6132,TXN-006132,20220322,176,111,3,20,7,-250.17,250.17,Expense,Completed,0,1
6133,TXN-006133,20220707,84,791,3,14,1,-140.43,140.43,Expense,Completed,0,1
6134,TXN-006134,20231009,583,278,10,,2,14375.62,14375.62,Income,Completed,0,1
6135,TXN-006135,20230915,14,408,6,10,4,-9.47,9.47,Expense,Failed,0,0
6136,TXN-006136,20241007,532,798,6,18,6,-85.23,85.23,Expense,Completed,0,0
6137,TXN-006137,20230104,537,331,4,18,4,-252.6,252.6,Expense,Completed,0,0
6138,TXN-006138,20220116,407,83,3,17,4,-120.83,120.83,Expense,Pending,0,1
6139,TXN-006139,20240611,566,297,4,20,6,-324.13,324.13,Expense,Completed,0,0
6140,TXN-006140,20240702,46,866,14,,3,-1231.3,1231.3,Transfer,Completed,0,0
6141,TXN-006141,20220101,675,53,14,,3,-824.78,824.78,Transfer,Completed,0,0
6142,TXN-006142,20241101,717,944,15,1,1,-900.5,900.5,Expense,Completed,0,1
6143,TXN-006143,20230620,308,442,1,18,2,-260.95,260.95,Expense,Completed,0,0
6144,TXN-006144,20231227,644,344,14,,4,-972.7,972.7,Transfer,Completed,0,0
6145,TXN-006145,20220725,220,59,12,,6,2854.22,2854.22,Income,Completed,0,0
6146,TXN-006146,20231107,392,500,2,13,6,-1582.23,1582.23,Expense,Pending,0,1
6147,TXN-006147,20241019,393,707,13,,6,1695.9,1695.9,Transfer,Completed,0,0
6148,TXN-006148,20220304,682,158,14,,7,-4211.62,4211.62,Transfer,Completed,0,0
6149,TXN-006149,20220828,660,902,6,18,4,-114.63,114.63,Expense,Pending,0,0
6150,TXN-006150,20231002,497,471,1,4,6,-64.47,64.47,Expense,Completed,0,0
6151,TXN-006151,20231113,143,789,3,3,4,-49.44,49.44,Expense,Completed,0,1
6152,TXN-006152,20241028,768,874,18,10,1,-2115.44,2115.44,Expense,Completed,0,0
6153,TXN-006153,20230621,761,322,4,12,6,-477.99,477.99,Expense,Pending,0,0
6154,TXN-006154,20240127,577,495,3,14,3,-154.07,154.07,Expense,Completed,0,1
6155,TXN-006155,20220206,410,135,4,7,2,-174.35,174.35,Expense,Completed,0,0
6156,TXN-006156,20231012,492,76,13,,3,1906.11,1906.11,Transfer,Completed,0,0
6157,TXN-006157,20240403,777,62,1,1,2,-61.71,61.71,Expense,Completed,0,0
6158,TXN-006158,20230531,634,727,1,9,2,-168.32,168.32,Expense,Failed,0,0
6159,TXN-006159,20240919,249,341,6,10,6,-19.01,19.01,Expense,Completed,0,0
6160,TXN-006160,20240621,586,360,12,,5,4941.96,4941.96,Income,Completed,0,0
6161,TXN-006161,20230801,312,464,6,7,3,-94.04,94.04,Expense,Failed,0,0
6162,TXN-006162,20230721,793,61,18,11,1,-1959.33,1959.33,Expense,Completed,0,0
6163,TXN-006163,20230713,451,457,13,,4,1980.67,1980.67,Transfer,Completed,0,0
6164,TXN-006164,20240311,625,614,1,13,2,-388.84,388.84,Expense,Completed,0,0
6165,TXN-006165,20230220,441,881,1,1,5,-150.7,150.7,Expense,Completed,0,0
6166,TXN-006166,20230624,448,768,4,7,1,-244.76,244.76,Expense,Completed,0,0
6167,TXN-006167,20220421,430,261,13,,7,4892.05,4892.05,Transfer,Completed,0,0
6168,TXN-006168,20240203,35,965,4,3,7,-244.95,244.95,Expense,Completed,0,0
6169,TXN-006169,20240224,480,296,4,15,4,-161.27,161.27,Expense,Completed,0,0
6170,TXN-006170,20220823,410,135,17,17,7,-94.2,94.2,Expense,Completed,0,1
6171,TXN-006171,20220408,7,603,10,,3,3397.6,3397.6,Income,Completed,0,1
6172,TXN-006172,20240226,359,267,11,,2,167.93,167.93,Income,Pending,1,0
6173,TXN-006173,20230810,99,93,10,,4,3464.91,3464.91,Income,Completed,0,1
6174,TXN-006174,20220813,440,586,19,9,3,-393.55,393.55,Expense,Pending,0,0
6175,TXN-006175,20240108,21,287,10,,1,14033.74,14033.74,Income,Completed,0,1
6176,TXN-006176,20220410,516,155,5,6,4,-110.01,110.01,Expense,Completed,0,0
6177,TXN-006177,20240411,712,336,20,,1,5387.06,5387.06,Income,Reversed,0,0
6178,TXN-006178,20220317,48,711,17,2,7,-39.42,39.42,Expense,Failed,0,1
6179,TXN-006179,20220525,661,751,20,,7,2088.83,2088.83,Income,Completed,0,0
6180,TXN-006180,20230114,310,353,12,,7,1021.62,1021.62,Income,Pending,0,0
6181,TXN-006181,20221028,130,822,9,2,4,-400.0,400.0,Expense,Completed,0,0
6182,TXN-006182,20220801,748,14,1,9,4,-412.19,412.19,Expense,Failed,0,0
6183,TXN-006183,20220702,185,714,6,10,4,-51.16,51.16,Expense,Completed,0,0
6184,TXN-006184,20230417,611,934,7,9,5,-365.2,365.2,Expense,Completed,0,0
6185,TXN-006185,20220622,454,182,7,17,3,-92.99,92.99,Expense,Completed,0,0
6186,TXN-006186,20230214,502,585,15,9,6,-384.49,384.49,Expense,Completed,0,1
6187,TXN-006187,20230529,700,254,6,4,2,-110.03,110.03,Expense,Completed,0,0
6188,TXN-006188,20240707,357,683,5,4,5,-124.87,124.87,Expense,Completed,0,0
6189,TXN-006189,20240319,543,963,5,16,1,-53.68,53.68,Expense,Completed,0,0
6190,TXN-006190,20230211,48,615,16,8,7,-429.97,429.97,Expense,Pending,0,1
6191,TXN-006191,20220612,792,414,6,10,4,-127.41,127.41,Expense,Completed,0,0
6192,TXN-006192,20241117,10,749,16,2,1,-13.23,13.23,Expense,Completed,0,1
6193,TXN-006193,20240219,548,350,3,17,4,-428.46,428.46,Expense,Completed,0,1
6194,TXN-006194,20221209,359,267,1,11,5,-197.02,197.02,Expense,Completed,0,0
6195,TXN-006195,20220114,722,288,5,7,6,-141.76,141.76,Expense,Completed,0,0
6196,TXN-006196,20230415,314,743,7,16,4,-87.63,87.63,Expense,Completed,0,0
6197,TXN-006197,20230613,6,387,9,18,7,-230.36,230.36,Expense,Completed,0,0
6198,TXN-006198,20240409,332,756,3,20,1,-424.9,424.9,Expense,Completed,0,1
6199,TXN-006199,20230430,651,60,13,,4,1412.64,1412.64,Transfer,Completed,0,0
6200,TXN-006200,20230703,460,612,3,5,5,-380.74,380.74,Expense,Completed,0,1
6201,TXN-006201,20221031,51,755,10,,4,8602.47,8602.47,Income,Completed,0,1
6202,TXN-006202,20231025,783,491,11,,5,332.27,332.27,Income,Completed,0,0
6203,TXN-006203,20241103,110,105,10,,5,7373.46,7373.46,Income,Pending,0,1
6204,TXN-006204,20240912,325,329,1,16,1,-139.35,139.35,Expense,Completed,0,0
6205,TXN-006205,20221124,33,762,20,,3,4484.8,4484.8,Income,Completed,0,0
6206,TXN-006206,20221028,440,586,20,,6,7792.97,7792.97,Income,Completed,0,0
6207,TXN-006207,20221202,172,979,4,2,1,-272.76,272.76,Expense,Completed,0,0
6208,TXN-006208,20230409,469,226,4,10,3,-454.24,454.24,Expense,Failed,0,0
6209,TXN-006209,20240708,663,326,13,,3,1823.42,1823.42,Transfer,Pending,0,0
6210,TXN-006210,20231021,161,844,1,12,5,-43.07,43.07,Expense,Completed,0,0
6211,TXN-006211,20230202,693,583,12,,1,4216.21,4216.21,Income,Failed,0,0
6212,TXN-006212,20240123,678,357,4,2,7,-200.47,200.47,Expense,Completed,0,0
6213,TXN-006213,20241215,94,552,15,16,6,-1411.58,1411.58,Expense,Completed,0,1
6214,TXN-006214,20240912,565,34,5,18,7,-39.78,39.78,Expense,Pending,0,0
6215,TXN-006215,20230212,508,816,18,11,1,-491.8,491.8,Expense,Completed,0,0
6216,TXN-006216,20240121,337,606,5,5,2,-125.61,125.61,Expense,Completed,0,0
6217,TXN-006217,20221208,132,935,3,4,4,-15.8,15.8,Expense,Completed,0,1
6218,TXN-006218,20240107,789,193,1,12,3,-456.68,456.68,Expense,Completed,0,0
6219,TXN-006219,20241231,99,93,2,3,5,-1862.96,1862.96,Expense,Completed,0,1
6220,TXN-006220,20241012,673,277,17,9,4,-66.76,66.76,Expense,Completed,0,1
6221,TXN-006221,20221120,471,437,13,,1,2404.53,2404.53,Transfer,Completed,0,0
6222,TXN-006222,20230228,637,355,4,13,1,-363.86,363.86,Expense,Completed,0,0
6223,TXN-006223,20230316,431,106,3,4,3,-172.34,172.34,Expense,Completed,0,1
6224,TXN-006224,20230418,56,642,1,11,3,-246.24,246.24,Expense,Completed,0,0
6225,TXN-006225,20230506,267,705,1,15,4,-455.62,455.62,Expense,Pending,0,0
6226,TXN-006226,20231030,51,755,1,4,4,-428.87,428.87,Expense,Completed,0,0
6227,TXN-006227,20240521,145,848,10,,6,13320.16,13320.16,Income,Completed,0,1
6228,TXN-006228,20230618,419,38,18,17,4,-2736.28,2736.28,Expense,Pending,0,0
6229,TXN-006229,20220612,444,720,5,4,2,-13.97,13.97,Expense,Completed,0,0
6230,TXN-006230,20221118,249,508,8,14,6,-479.36,479.36,Expense,Completed,0,0
6231,TXN-006231,20231205,461,670,8,16,4,-283.4,283.4,Expense,Reversed,0,0
6232,TXN-006232,20220408,644,344,20,,1,1839.34,1839.34,Income,Completed,0,0
6233,TXN-006233,20230716,487,207,15,8,7,-596.1,596.1,Expense,Failed,0,1
6234,TXN-006234,20221105,265,936,7,12,2,-152.15,152.15,Expense,Completed,0,0
6235,TXN-006235,20220203,269,176,7,16,4,-63.76,63.76,Expense,Completed,0,0
6236,TXN-006236,20230818,577,495,4,11,4,-168.74,168.74,Expense,Completed,0,0
6237,TXN-006237,20231120,324,510,2,10,5,-559.71,559.71,Expense,Completed,0,1
6238,TXN-006238,20240729,156,773,2,1,6,-2440.34,2440.34,Expense,Completed,0,1
6239,TXN-006239,20240419,461,804,5,16,3,-37.32,37.32,Expense,Completed,0,0
6240,TXN-006240,20220530,546,186,12,,6,973.6,973.6,Income,Completed,0,0
6241,TXN-006241,20221214,490,262,10,,3,13691.32,13691.32,Income,Completed,0,1
6242,TXN-006242,20220113,785,518,13,,4,680.17,680.17,Transfer,Failed,0,0
6243,TXN-006243,20220527,463,817,7,17,6,-179.7,179.7,Expense,Completed,0,0
6244,TXN-006244,20230505,506,604,1,5,5,-285.43,285.43,Expense,Completed,0,0
6245,TXN-006245,20220318,463,817,4,1,3,-249.26,249.26,Expense,Completed,0,0
6246,TXN-006246,20240214,174,284,7,16,6,-147.91,147.91,Expense,Completed,0,0
6247,TXN-006247,20230723,582,485,4,5,2,-57.38,57.38,Expense,Completed,0,0
6248,TXN-006248,20231126,501,317,12,,6,1617.1,1617.1,Income,Reversed,0,0
6249,TXN-006249,20230405,484,664,1,10,5,-204.83,204.83,Expense,Completed,0,0
6250,TXN-006250,20240518,352,795,7,12,2,-311.47,311.47,Expense,Completed,0,0
6251,TXN-006251,20240918,488,300,6,12,2,-68.78,68.78,Expense,Completed,0,0
6252,TXN-006252,20230629,597,995,5,10,7,-102.08,102.08,Expense,Completed,0,0
6253,TXN-006253,20220830,541,256,13,,2,3106.6,3106.6,Transfer,Completed,1,0
6254,TXN-006254,20220227,206,325,8,7,7,-189.7,189.7,Expense,Completed,0,0
6255,TXN-006255,20221211,159,372,7,5,7,-192.73,192.73,Expense,Completed,0,0
6256,TXN-006256,20230628,262,435,11,,4,372.57,372.57,Income,Completed,0,0
6257,TXN-006257,20230715,23,894,4,19,3,-371.66,371.66,Expense,Failed,0,0
6258,TXN-006258,20220509,746,805,2,5,4,-1069.03,1069.03,Expense,Completed,0,1
6259,TXN-006259,20231229,419,722,6,13,3,-49.76,49.76,Expense,Completed,0,0
6260,TXN-006260,20230111,749,228,10,,6,11725.16,11725.16,Income,Completed,0,1
6261,TXN-006261,20240328,250,488,10,,5,13514.13,13514.13,Income,Completed,0,1
6262,TXN-006262,20240511,667,571,1,4,5,-234.5,234.5,Expense,Completed,0,0
6263,TXN-006263,20220610,700,542,3,2,1,-10.59,10.59,Expense,Completed,0,1
6264,TXN-006264,20240815,355,49,3,13,7,-137.87,137.87,Expense,Completed,0,1
6265,TXN-006265,20241227,404,473,2,10,2,-2687.42,2687.42,Expense,Completed,0,1
6266,TXN-006266,20220328,48,964,16,8,2,-258.15,258.15,Expense,Completed,0,1
6267,TXN-006267,20230109,553,171,7,10,6,-419.24,419.24,Expense,Completed,0,0
6268,TXN-006268,20240516,639,137,10,,3,7304.63,7304.63,Income,Failed,0,1
6269,TXN-006269,20241013,387,75,4,16,6,-232.73,232.73,Expense,Completed,0,0
6270,TXN-006270,20240923,754,241,14,,6,-2732.61,2732.61,Transfer,Completed,0,0
6271,TXN-006271,20220822,50,808,15,8,4,-1231.06,1231.06,Expense,Pending,0,1
6272,TXN-006272,20231016,142,627,10,,2,8559.97,8559.97,Income,Failed,0,1
6273,TXN-006273,20220709,35,893,17,18,2,-138.99,138.99,Expense,Completed,0,1
6274,TXN-006274,20220930,556,582,1,16,6,-411.66,411.66,Expense,Completed,0,0
6275,TXN-006275,20230710,462,757,4,19,2,-31.76,31.76,Expense,Completed,0,0
6276,TXN-006276,20240208,353,576,18,7,4,-497.8,497.8,Expense,Completed,0,0
6277,TXN-006277,20220320,403,960,4,14,7,-473.37,473.37,Expense,Completed,0,0
6278,TXN-006278,20240718,675,581,7,20,5,-240.39,240.39,Expense,Completed,0,0
6279,TXN-006279,20221031,480,989,10,,3,10518.24,10518.24,Income,Completed,0,1
6280,TXN-006280,20220125,597,995,10,,1,9175.86,9175.86,Income,Completed,0,1
6281,TXN-006281,20230417,431,106,18,4,5,-190.89,190.89,Expense,Completed,0,0
6282,TXN-006282,20241016,446,35,7,17,3,-275.28,275.28,Expense,Completed,0,0
6283,TXN-006283,20240220,686,742,18,12,4,-1916.63,1916.63,Expense,Completed,1,0
6284,TXN-006284,20220627,387,219,13,,6,3535.75,3535.75,Transfer,Completed,0,0
6285,TXN-006285,20220605,479,700,2,18,7,-2668.86,2668.86,Expense,Completed,0,1
6286,TXN-006286,20230303,10,749,3,7,5,-38.51,38.51,Expense,Completed,0,1
6287,TXN-006287,20230113,473,479,19,9,3,-385.96,385.96,Expense,Pending,0,0
6288,TXN-006288,20230915,20,602,6,11,5,-72.44,72.44,Expense,Completed,0,0
6289,TXN-006289,20220625,706,481,13,,6,630.07,630.07,Transfer,Pending,0,0
6290,TXN-006290,20220826,74,725,7,1,4,-180.34,180.34,Expense,Completed,0,0
6291,TXN-006291,20220404,127,644,11,,3,27.57,27.57,Income,Failed,0,0
6292,TXN-006292,20230429,121,733,8,6,4,-399.43,399.43,Expense,Completed,0,0
6293,TXN-006293,20230423,448,768,1,16,7,-161.24,161.24,Expense,Completed,0,0
6294,TXN-006294,20230519,460,487,14,,6,-4712.56,4712.56,Transfer,Completed,0,0
6295,TXN-006295,20240121,21,287,20,,3,4363.49,4363.49,Income,Completed,0,0
6296,TXN-006296,20221018,87,839,1,13,6,-95.41,95.41,Expense,Pending,0,0
6297,TXN-006297,20240814,787,417,1,18,1,-304.1,304.1,Expense,Completed,1,0
6298,TXN-006298,20230819,506,604,16,1,3,-397.4,397.4,Expense,Completed,0,1
6299,TXN-006299,20240301,516,155,10,,5,2161.87,2161.87,Income,Completed,0,1
6300,TXN-006300,20230501,44,231,19,16,5,-474.21,474.21,Expense,Completed,0,0
6301,TXN-006301,20230702,385,758,16,1,3,-172.51,172.51,Expense,Reversed,0,1
6302,TXN-006302,20240730,406,609,3,14,3,-494.34,494.34,Expense,Completed,0,1
6303,TXN-006303,20230128,268,247,13,,5,1847.93,1847.93,Transfer,Completed,0,0
6304,TXN-006304,20240807,246,656,5,4,2,-79.66,79.66,Expense,Completed,1,0
6305,TXN-006305,20230316,537,128,1,1,1,-233.91,233.91,Expense,Completed,0,0
6306,TXN-006306,20230129,159,372,13,,4,2407.1,2407.1,Transfer,Completed,0,0
6307,TXN-006307,20220404,208,78,18,17,5,-1915.48,1915.48,Expense,Completed,0,0
6308,TXN-006308,20240222,192,920,10,,1,7406.1,7406.1,Income,Completed,0,1
6309,TXN-006309,20240303,100,30,4,1,5,-285.43,285.43,Expense,Completed,0,0
6310,TXN-006310,20240703,106,569,1,6,2,-497.12,497.12,Expense,Completed,0,0
6311,TXN-006311,20240617,784,140,3,11,1,-448.37,448.37,Expense,Completed,0,1
6312,TXN-006312,20241007,791,54,15,8,7,-966.34,966.34,Expense,Completed,0,1
6313,TXN-006313,20241229,604,910,11,,7,435.69,435.69,Income,Pending,0,0
6314,TXN-006314,20220118,122,280,13,,4,125.59,125.59,Transfer,Completed,0,0
6315,TXN-006315,20240607,91,786,7,9,1,-211.03,211.03,Expense,Completed,0,0
6316,TXN-006316,20230221,743,3,3,12,1,-156.53,156.53,Expense,Failed,0,1
6317,TXN-006317,20240213,249,502,12,,1,4719.51,4719.51,Income,Completed,0,0
6318,TXN-006318,20241012,332,756,4,10,7,-433.15,433.15,Expense,Completed,0,0
6319,TXN-006319,20241227,426,924,1,10,2,-352.16,352.16,Expense,Completed,0,0
6320,TXN-006320,20220123,395,89,6,1,3,-97.76,97.76,Expense,Completed,0,0
6321,TXN-006321,20230910,618,52,6,15,3,-6.11,6.11,Expense,Completed,0,0
6322,TXN-006322,20240227,454,220,20,,1,2408.74,2408.74,Income,Completed,0,0
6323,TXN-006323,20220615,677,661,1,6,1,-328.71,328.71,Expense,Completed,0,0
6324,TXN-006324,20220915,134,347,17,16,2,-141.45,141.45,Expense,Completed,0,1
6325,TXN-006325,20231113,441,881,1,16,2,-35.07,35.07,Expense,Completed,0,0
6326,TXN-006326,20221130,435,273,1,20,5,-142.62,142.62,Expense,Completed,0,0
6327,TXN-006327,20240510,789,193,10,,1,12389.57,12389.57,Income,Completed,0,1
6328,TXN-006328,20220219,644,710,4,18,1,-358.38,358.38,Expense,Completed,0,0
6329,TXN-006329,20240209,312,361,1,6,4,-299.45,299.45,Expense,Completed,0,0
6330,TXN-006330,20240407,571,168,1,4,1,-425.76,425.76,Expense,Completed,0,0
6331,TXN-006331,20230422,33,762,7,4,3,-74.17,74.17,Expense,Pending,0,0
6332,TXN-006332,20241005,637,355,1,5,3,-100.12,100.12,Expense,Completed,0,0
6333,TXN-006333,20240430,701,91,9,3,1,-170.99,170.99,Expense,Completed,0,0
6334,TXN-006334,20240129,6,387,6,13,6,-102.78,102.78,Expense,Completed,0,0
6335,TXN-006335,20220113,388,801,13,,2,1447.84,1447.84,Transfer,Failed,0,0
6336,TXN-006336,20241227,677,661,9,2,3,-480.96,480.96,Expense,Completed,0,0
6337,TXN-006337,20220928,211,860,4,20,4,-209.54,209.54,Expense,Completed,0,0
6338,TXN-006338,20240203,395,203,13,,5,3532.59,3532.59,Transfer,Failed,0,0
6339,TXN-006339,20220316,110,105,3,12,5,-408.72,408.72,Expense,Pending,0,1
6340,TXN-006340,20220327,581,124,6,4,2,-30.92,30.92,Expense,Completed,0,0
6341,TXN-006341,20241102,597,825,6,7,5,-67.42,67.42,Expense,Completed,0,0
6342,TXN-006342,20240915,168,255,13,,2,4338.46,4338.46,Transfer,Completed,0,0
6343,TXN-006343,20231008,401,820,5,17,1,-124.88,124.88,Expense,Completed,0,0
6344,TXN-006344,20231213,280,811,6,12,2,-5.07,5.07,Expense,Completed,0,0
6345,TXN-006345,20240111,444,225,17,12,3,-95.11,95.11,Expense,Completed,0,1
6346,TXN-006346,20241113,389,327,3,12,5,-13.83,13.83,Expense,Reversed,0,1
6347,TXN-006347,20221104,114,434,4,8,3,-23.39,23.39,Expense,Pending,0,0
6348,TXN-006348,20230108,91,676,1,1,4,-229.1,229.1,Expense,Completed,0,0
6349,TXN-006349,20220119,751,555,16,7,7,-49.51,49.51,Expense,Completed,0,1
6350,TXN-006350,20240527,658,501,3,10,5,-439.95,439.95,Expense,Completed,0,1
6351,TXN-006351,20230129,214,900,11,,4,10.99,10.99,Income,Completed,1,0
6352,TXN-006352,20220529,530,391,5,10,6,-62.84,62.84,Expense,Completed,0,0
6353,TXN-006353,20220411,79,39,4,18,5,-240.34,240.34,Expense,Completed,0,0
6354,TXN-006354,20220819,231,889,5,12,4,-140.53,140.53,Expense,Completed,0,0
6355,TXN-006355,20240705,280,9,7,13,7,-104.45,104.45,Expense,Completed,0,0
6356,TXN-006356,20241118,719,157,10,,5,8218.24,8218.24,Income,Completed,0,1
6357,TXN-006357,20240405,74,725,7,17,3,-280.52,280.52,Expense,Completed,1,0
6358,TXN-006358,20240331,514,390,12,,3,488.29,488.29,Income,Completed,0,0
6359,TXN-006359,20240829,121,470,4,1,5,-200.95,200.95,Expense,Pending,0,0
6360,TXN-006360,20240316,441,881,5,14,7,-32.31,32.31,Expense,Completed,0,0
6361,TXN-006361,20220109,82,869,15,6,5,-1371.94,1371.94,Expense,Pending,0,1
6362,TXN-006362,20230430,269,237,1,12,6,-480.89,480.89,Expense,Completed,0,0
6363,TXN-006363,20231105,451,457,3,13,3,-138.37,138.37,Expense,Completed,0,1
6364,TXN-006364,20231004,257,746,10,,3,1894.9,1894.9,Income,Completed,1,1
6365,TXN-006365,20221211,652,885,9,17,2,-381.75,381.75,Expense,Completed,0,0
6366,TXN-006366,20220307,369,386,10,,4,13453.34,13453.34,Income,Completed,0,1
6367,TXN-006367,20221222,318,112,13,,7,2618.79,2618.79,Transfer,Completed,0,0
6368,TXN-006368,20240919,319,841,20,,5,1378.75,1378.75,Income,Completed,0,0
6369,TXN-006369,20240820,693,583,12,,1,4268.78,4268.78,Income,Completed,0,0
6370,TXN-006370,20220212,80,366,1,16,7,-83.71,83.71,Expense,Completed,1,0
6371,TXN-006371,20240128,639,137,1,16,1,-386.74,386.74,Expense,Completed,0,0
6372,TXN-006372,20230128,506,719,12,,1,2220.34,2220.34,Income,Completed,0,0
6373,TXN-006373,20241104,500,349,16,2,2,-443.55,443.55,Expense,Pending,0,1
6374,TXN-006374,20240904,308,339,13,,1,2092.11,2092.11,Transfer,Completed,0,0
6375,TXN-006375,20231018,795,835,19,7,6,-103.21,103.21,Expense,Completed,0,0
6376,TXN-006376,20240128,427,787,3,14,7,-109.55,109.55,Expense,Completed,0,1
6377,TXN-006377,20220819,312,117,5,4,7,-7.79,7.79,Expense,Completed,0,0
6378,TXN-006378,20241015,430,919,2,19,4,-662.48,662.48,Expense,Completed,1,1
6379,TXN-006379,20241021,508,161,1,8,4,-322.77,322.77,Expense,Completed,0,0
6380,TXN-006380,20240204,79,39,1,8,2,-310.29,310.29,Expense,Completed,0,0
6381,TXN-006381,20230731,206,325,11,,2,269.8,269.8,Income,Completed,0,0
6382,TXN-006382,20240915,644,710,18,18,1,-669.15,669.15,Expense,Completed,0,0
6383,TXN-006383,20220429,56,928,10,,6,8004.87,8004.87,Income,Completed,0,1
6384,TXN-006384,20241026,664,451,15,4,6,-1587.1,1587.1,Expense,Failed,0,1
6385,TXN-006385,20230115,226,998,2,16,6,-1971.75,1971.75,Expense,Pending,0,1
6386,TXN-006386,20230108,508,161,5,6,2,-55.72,55.72,Expense,Completed,0,0
6387,TXN-006387,20240730,795,958,14,,1,-1909.89,1909.89,Transfer,Completed,0,0
6388,TXN-006388,20220919,500,153,13,,5,4599.19,4599.19,Transfer,Completed,0,0
6389,TXN-006389,20221006,48,469,4,14,4,-334.29,334.29,Expense,Completed,0,0
6390,TXN-006390,20230119,437,658,1,1,2,-302.55,302.55,Expense,Completed,0,0
6391,TXN-006391,20230614,461,870,4,2,7,-446.82,446.82,Expense,Completed,0,0
6392,TXN-006392,20220423,582,485,10,,7,14521.47,14521.47,Income,Failed,0,1
6393,TXN-006393,20240702,400,549,18,11,7,-160.98,160.98,Expense,Reversed,0,0
6394,TXN-006394,20230804,297,562,15,11,7,-1944.25,1944.25,Expense,Completed,0,1
6395,TXN-006395,20221120,402,961,4,18,3,-93.69,93.69,Expense,Failed,0,0
6396,TXN-006396,20220116,721,147,5,14,3,-138.34,138.34,Expense,Completed,0,0
6397,TXN-006397,20220423,715,452,12,,3,262.67,262.67,Income,Reversed,0,0
6398,TXN-006398,20230226,441,881,13,,7,900.62,900.62,Transfer,Completed,0,0
6399,TXN-006399,20230922,16,980,16,20,4,-211.59,211.59,Expense,Completed,0,1
6400,TXN-006400,20240210,279,465,4,4,1,-11.22,11.22,Expense,Completed,0,0
6401,TXN-006401,20230520,418,92,9,15,1,-257.1,257.1,Expense,Completed,0,0
6402,TXN-006402,20221001,435,653,15,5,2,-236.65,236.65,Expense,Pending,0,1
6403,TXN-006403,20230314,311,898,17,4,4,-48.94,48.94,Expense,Failed,0,1
6404,TXN-006404,20240828,530,391,10,,6,9276.83,9276.83,Income,Pending,0,1
6405,TXN-006405,20230215,398,580,10,,2,10163.57,10163.57,Income,Completed,0,1
6406,TXN-006406,20220327,132,935,3,10,1,-213.91,213.91,Expense,Failed,0,1
6407,TXN-006407,20241215,145,565,13,,4,2172.54,2172.54,Transfer,Completed,0,0
6408,TXN-006408,20240810,482,230,10,,1,13142.94,13142.94,Income,Pending,0,1
6409,TXN-006409,20220305,767,316,4,1,1,-146.93,146.93,Expense,Failed,0,0
6410,TXN-006410,20231128,231,275,7,13,7,-150.45,150.45,Expense,Completed,0,0
6411,TXN-006411,20230106,283,211,8,11,2,-479.85,479.85,Expense,Completed,0,0
6412,TXN-006412,20240314,637,706,5,6,6,-48.13,48.13,Expense,Completed,0,0
6413,TXN-006413,20240516,501,317,13,,5,2533.29,2533.29,Transfer,Completed,0,0
6414,TXN-006414,20220521,333,730,7,7,2,-351.13,351.13,Expense,Completed,0,0
6415,TXN-006415,20220830,220,276,13,,5,3139.21,3139.21,Transfer,Completed,0,0
6416,TXN-006416,20220217,174,587,2,16,2,-883.67,883.67,Expense,Completed,0,1
6417,TXN-006417,20220912,410,135,15,10,4,-277.03,277.03,Expense,Completed,0,1
6418,TXN-006418,20240620,651,60,10,,7,9464.06,9464.06,Income,Completed,0,1
6419,TXN-006419,20231111,633,239,3,15,2,-46.15,46.15,Expense,Completed,0,1
6420,TXN-006420,20220909,601,141,10,,2,2625.07,2625.07,Income,Completed,0,1
6421,TXN-006421,20221008,38,847,12,,5,1259.15,1259.15,Income,Pending,0,0
6422,TXN-006422,20241130,397,632,12,,2,3798.08,3798.08,Income,Completed,0,0
6423,TXN-006423,20240613,774,389,13,,5,287.36,287.36,Transfer,Reversed,0,0
6424,TXN-006424,20230928,499,905,10,,6,1547.89,1547.89,Income,Failed,0,1
6425,TXN-006425,20241121,114,434,7,6,4,-437.79,437.79,Expense,Completed,0,0
6426,TXN-006426,20240110,88,399,15,4,1,-268.67,268.67,Expense,Completed,0,1
6427,TXN-006427,20231123,199,679,6,17,3,-117.05,117.05,Expense,Failed,0,0
6428,TXN-006428,20230428,109,680,4,3,6,-481.09,481.09,Expense,Completed,0,0
6429,TXN-006429,20240919,279,838,8,16,6,-192.79,192.79,Expense,Pending,0,0
6430,TXN-006430,20230516,773,385,3,9,4,-76.7,76.7,Expense,Completed,0,1
6431,TXN-006431,20221009,725,192,7,3,2,-132.25,132.25,Expense,Completed,0,0
6432,TXN-006432,20231101,423,629,9,8,4,-314.33,314.33,Expense,Completed,0,0
6433,TXN-006433,20220222,57,383,2,11,4,-1879.09,1879.09,Expense,Completed,0,1
6434,TXN-006434,20240603,245,639,3,8,4,-24.11,24.11,Expense,Completed,0,1
6435,TXN-006435,20230825,231,201,10,,6,8705.0,8705.0,Income,Completed,0,1
6436,TXN-006436,20240726,645,480,8,11,5,-455.1,455.1,Expense,Completed,0,0
6437,TXN-006437,20220619,117,467,4,8,1,-417.77,417.77,Expense,Completed,0,0
6438,TXN-006438,20230428,360,879,4,12,4,-116.03,116.03,Expense,Completed,0,0
6439,TXN-006439,20220708,245,639,5,8,2,-136.46,136.46,Expense,Pending,0,0
6440,TXN-006440,20230125,701,227,3,8,5,-137.8,137.8,Expense,Completed,0,1
6441,TXN-006441,20240122,653,50,1,16,6,-300.49,300.49,Expense,Completed,0,0
6442,TXN-006442,20220925,340,312,4,18,5,-433.07,433.07,Expense,Completed,0,0
6443,TXN-006443,20230504,431,106,8,8,4,-199.22,199.22,Expense,Completed,0,0
6444,TXN-006444,20240928,238,438,10,,6,4571.01,4571.01,Income,Completed,0,1
6445,TXN-006445,20220623,667,571,3,13,1,-76.3,76.3,Expense,Completed,0,1
6446,TXN-006446,20240712,426,973,2,13,3,-2771.2,2771.2,Expense,Completed,0,1
6447,TXN-006447,20240714,675,53,7,20,1,-175.97,175.97,Expense,Completed,0,0
6448,TXN-006448,20220411,165,592,17,11,6,-94.04,94.04,Expense,Completed,0,1
6449,TXN-006449,20231228,450,783,6,18,3,-124.46,124.46,Expense,Completed,0,0
6450,TXN-006450,20220621,622,832,9,15,5,-120.66,120.66,Expense,Completed,0,0
6451,TXN-006451,20220329,402,961,15,10,5,-648.3,648.3,Expense,Completed,0,1
6452,TXN-006452,20240424,137,134,4,14,2,-14.8,14.8,Expense,Failed,0,0
6453,TXN-006453,20240702,708,146,3,18,3,-354.68,354.68,Expense,Completed,0,1
6454,TXN-006454,20220328,308,806,1,10,5,-155.55,155.55,Expense,Completed,0,0
6455,TXN-006455,20240911,625,649,13,,2,4914.24,4914.24,Transfer,Completed,0,0
6456,TXN-006456,20241225,246,656,5,7,5,-120.26,120.26,Expense,Completed,0,0
6457,TXN-006457,20220922,430,919,9,6,1,-488.66,488.66,Expense,Completed,0,0
6458,TXN-006458,20221214,370,187,13,,4,4132.85,4132.85,Transfer,Completed,0,0
6459,TXN-006459,20240808,560,901,12,,3,4051.49,4051.49,Income,Completed,0,0
6460,TXN-006460,20230320,546,456,7,13,4,-435.1,435.1,Expense,Completed,0,0
6461,TXN-006461,20220716,6,387,7,7,1,-282.71,282.71,Expense,Completed,0,0
6462,TXN-006462,20220715,87,294,10,,2,8014.18,8014.18,Income,Completed,0,1
6463,TXN-006463,20241112,577,495,5,15,4,-10.49,10.49,Expense,Completed,0,0
6464,TXN-006464,20231007,740,190,3,6,2,-49.87,49.87,Expense,Completed,0,1
6465,TXN-006465,20240129,782,28,13,,5,1624.07,1624.07,Transfer,Completed,0,0
6466,TXN-006466,20230422,680,274,1,1,5,-149.06,149.06,Expense,Completed,0,0
6467,TXN-006467,20240819,408,260,1,1,4,-451.54,451.54,Expense,Completed,0,0
6468,TXN-006468,20221225,633,314,2,9,1,-1723.78,1723.78,Expense,Completed,0,1
6469,TXN-006469,20230510,442,148,13,,4,3113.84,3113.84,Transfer,Completed,0,0
6470,TXN-006470,20220331,484,780,14,,6,-3263.62,3263.62,Transfer,Pending,0,0
6471,TXN-006471,20220816,741,22,1,20,7,-106.2,106.2,Expense,Reversed,0,0
6472,TXN-006472,20220701,565,34,12,,3,3434.82,3434.82,Income,Failed,0,0
6473,TXN-006473,20220912,305,667,6,2,4,-65.78,65.78,Expense,Completed,0,0
6474,TXN-006474,20220616,700,673,8,10,1,-69.51,69.51,Expense,Completed,0,0
6475,TXN-006475,20240606,499,905,2,9,2,-1124.55,1124.55,Expense,Completed,0,1
6476,TXN-006476,20221113,250,177,20,,2,9810.37,9810.37,Income,Completed,0,0
6477,TXN-006477,20240713,759,691,7,12,4,-458.2,458.2,Expense,Completed,0,0
6478,TXN-006478,20220612,33,762,13,,5,1837.19,1837.19,Transfer,Completed,0,0
6479,TXN-006479,20220329,749,228,9,17,7,-193.91,193.91,Expense,Completed,0,0
6480,TXN-006480,20221002,510,551,16,8,6,-112.17,112.17,Expense,Completed,0,1
6481,TXN-006481,20240709,658,735,20,,7,6886.65,6886.65,Income,Pending,0,0
6482,TXN-006482,20240617,425,534,12,,2,1177.13,1177.13,Income,Completed,0,0
6483,TXN-006483,20220929,271,179,10,,3,11984.52,11984.52,Income,Completed,0,1
6484,TXN-006484,20240129,749,406,7,6,1,-151.0,151.0,Expense,Completed,0,0
6485,TXN-006485,20230207,20,630,11,,2,427.57,427.57,Income,Completed,0,0
6486,TXN-006486,20230406,371,127,1,4,4,-379.47,379.47,Expense,Failed,0,0
6487,TXN-006487,20230207,288,114,1,2,2,-109.55,109.55,Expense,Completed,0,0
6488,TXN-006488,20230701,7,377,4,19,3,-423.67,423.67,Expense,Reversed,0,0
6489,TXN-006489,20231010,499,352,5,7,3,-23.1,23.1,Expense,Completed,0,0
6490,TXN-006490,20220905,720,696,10,,5,7600.4,7600.4,Income,Completed,0,1
6491,TXN-006491,20240511,680,274,10,,6,3820.16,3820.16,Income,Completed,0,1
6492,TXN-006492,20230405,301,853,15,7,3,-1679.85,1679.85,Expense,Completed,0,1
6493,TXN-006493,20230406,46,682,7,1,4,-369.81,369.81,Expense,Completed,0,0
6494,TXN-006494,20240117,135,379,12,,2,605.57,605.57,Income,Completed,1,0
6495,TXN-006495,20240623,205,156,20,,2,3147.07,3147.07,Income,Completed,0,0
6496,TXN-006496,20221123,644,533,15,13,3,-1258.11,1258.11,Expense,Reversed,0,1
6497,TXN-006497,20230414,270,222,8,2,4,-217.28,217.28,Expense,Completed,0,0
6498,TXN-006498,20220615,61,849,10,,1,9466.26,9466.26,Income,Pending,1,1
6499,TXN-006499,20240401,74,725,4,16,6,-396.76,396.76,Expense,Completed,0,0
6500,TXN-006500,20230911,280,100,15,15,6,-1969.17,1969.17,Expense,Completed,0,1
6501,TXN-006501,20240721,750,856,2,7,5,-2734.39,2734.39,Expense,Completed,0,1
6502,TXN-006502,20230109,476,574,17,13,5,-41.75,41.75,Expense,Completed,0,1
6503,TXN-006503,20220613,221,512,2,18,6,-1887.47,1887.47,Expense,Pending,0,1
6504,TXN-006504,20220722,270,222,4,5,3,-55.83,55.83,Expense,Completed,0,0
6505,TXN-006505,20231123,544,378,3,5,2,-161.32,161.32,Expense,Completed,0,1
6506,TXN-006506,20220826,751,951,14,,3,-1592.78,1592.78,Transfer,Completed,0,0
6507,TXN-006507,20240907,506,604,15,11,4,-228.58,228.58,Expense,Completed,0,1
6508,TXN-006508,20240406,514,286,7,20,1,-374.65,374.65,Expense,Completed,0,0
6509,TXN-006509,20230204,551,16,4,15,5,-105.56,105.56,Expense,Completed,0,0
6510,TXN-006510,20240705,187,416,13,,6,2317.1,2317.1,Transfer,Completed,0,0
6511,TXN-006511,20221207,484,780,11,,7,213.98,213.98,Income,Completed,0,0
6512,TXN-006512,20231208,231,275,4,17,3,-87.47,87.47,Expense,Completed,0,0
6513,TXN-006513,20240819,797,716,20,,3,3225.02,3225.02,Income,Completed,0,0
6514,TXN-006514,20231118,514,286,3,19,4,-74.67,74.67,Expense,Failed,0,1
6515,TXN-006515,20220926,462,513,2,15,6,-2039.68,2039.68,Expense,Completed,0,1
6516,TXN-006516,20240622,266,519,2,1,6,-2904.52,2904.52,Expense,Pending,0,1
6517,TXN-006517,20230731,377,68,13,,2,1423.34,1423.34,Transfer,Completed,0,0
6518,TXN-006518,20220519,328,334,10,,5,1534.25,1534.25,Income,Completed,0,1
6519,TXN-006519,20220806,37,949,17,2,1,-64.07,64.07,Expense,Failed,0,1
6520,TXN-006520,20221215,798,293,3,9,7,-235.04,235.04,Expense,Completed,0,1
6521,TXN-006521,20220523,751,409,3,6,1,-268.83,268.83,Expense,Completed,0,1
6522,TXN-006522,20230115,480,814,2,5,2,-837.01,837.01,Expense,Completed,0,1
6523,TXN-006523,20231024,359,750,3,18,4,-205.55,205.55,Expense,Completed,0,1
6524,TXN-006524,20240911,523,45,8,18,1,-419.22,419.22,Expense,Completed,0,0
6525,TXN-006525,20221228,276,503,15,1,3,-1498.56,1498.56,Expense,Completed,0,1
6526,TXN-006526,20220311,420,546,5,13,1,-89.44,89.44,Expense,Pending,0,0
6527,TXN-006527,20231205,653,50,1,3,3,-90.77,90.77,Expense,Failed,0,0
6528,TXN-006528,20220322,544,774,7,13,2,-107.58,107.58,Expense,Completed,0,0
6529,TXN-006529,20241208,451,457,13,,4,2098.16,2098.16,Transfer,Completed,1,0
6530,TXN-006530,20240912,487,540,17,20,1,-120.88,120.88,Expense,Failed,0,1
6531,TXN-006531,20220601,76,929,1,11,7,-412.03,412.03,Expense,Completed,0,0
6532,TXN-006532,20230812,257,746,2,5,3,-2785.68,2785.68,Expense,Completed,0,1
6533,TXN-006533,20240625,516,216,2,19,6,-1306.67,1306.67,Expense,Completed,0,1
6534,TXN-006534,20220904,231,889,2,14,4,-2861.03,2861.03,Expense,Failed,0,1
6535,TXN-006535,20220412,626,663,17,8,7,-37.25,37.25,Expense,Completed,0,1
6536,TXN-006536,20240724,633,560,2,3,5,-663.67,663.67,Expense,Completed,0,1
6537,TXN-006537,20240823,114,434,1,2,5,-270.99,270.99,Expense,Completed,0,0
6538,TXN-006538,20220105,316,428,4,7,1,-314.96,314.96,Expense,Pending,0,0
6539,TXN-006539,20220812,243,827,7,5,6,-198.01,198.01,Expense,Completed,0,0
6540,TXN-006540,20230430,77,969,17,19,2,-35.36,35.36,Expense,Completed,0,1
6541,TXN-006541,20230824,310,142,6,14,5,-141.43,141.43,Expense,Completed,0,0
6542,TXN-006542,20220714,262,568,13,,1,1876.37,1876.37,Transfer,Completed,0,0
6543,TXN-006543,20240527,639,315,1,16,3,-323.02,323.02,Expense,Completed,0,0
6544,TXN-006544,20220227,79,39,7,20,6,-148.46,148.46,Expense,Completed,0,0
6545,TXN-006545,20230429,797,716,10,,2,13238.08,13238.08,Income,Failed,0,1
6546,TXN-006546,20220511,315,957,7,10,3,-366.46,366.46,Expense,Failed,0,0
6547,TXN-006547,20240306,789,914,1,8,2,-110.91,110.91,Expense,Failed,0,0
6548,TXN-006548,20240205,353,271,4,4,3,-77.62,77.62,Expense,Completed,0,0
6549,TXN-006549,20240407,553,693,20,,6,4828.73,4828.73,Income,Pending,0,0
6550,TXN-006550,20230611,421,422,7,18,7,-408.21,408.21,Expense,Completed,0,0
6551,TXN-006551,20220628,437,658,17,15,2,-92.51,92.51,Expense,Completed,0,1
6552,TXN-006552,20241010,721,147,3,4,1,-369.66,369.66,Expense,Completed,1,1
6553,TXN-006553,20220712,759,708,1,1,5,-219.28,219.28,Expense,Failed,0,0
6554,TXN-006554,20231028,444,720,3,13,2,-217.96,217.96,Expense,Completed,0,1
6555,TXN-006555,20230813,28,981,4,5,7,-400.2,400.2,Expense,Completed,0,0
6556,TXN-006556,20220216,727,405,13,,7,3194.47,3194.47,Transfer,Completed,0,0
6557,TXN-006557,20231014,482,230,11,,6,15.23,15.23,Income,Completed,0,0
6558,TXN-006558,20241218,308,442,7,7,2,-276.07,276.07,Expense,Completed,0,0
6559,TXN-006559,20230113,281,688,12,,3,3331.72,3331.72,Income,Completed,0,0
6560,TXN-006560,20230311,722,101,10,,7,13927.59,13927.59,Income,Completed,0,1
6561,TXN-006561,20220226,377,68,1,3,5,-203.42,203.42,Expense,Completed,0,0
6562,TXN-006562,20230419,639,315,17,8,5,-36.95,36.95,Expense,Pending,0,1
6563,TXN-006563,20221101,119,703,17,17,7,-45.68,45.68,Expense,Failed,0,1
6564,TXN-006564,20220713,613,669,2,13,4,-1886.9,1886.9,Expense,Completed,0,1
6565,TXN-006565,20230403,775,5,3,7,7,-192.63,192.63,Expense,Completed,0,1
6566,TXN-006566,20220803,678,357,10,,3,14894.85,14894.85,Income,Completed,0,1
6567,TXN-006567,20240420,711,221,4,13,4,-78.95,78.95,Expense,Completed,0,0
6568,TXN-006568,20221123,502,585,7,19,5,-88.78,88.78,Expense,Completed,0,0
6569,TXN-006569,20221014,47,69,3,10,7,-494.68,494.68,Expense,Completed,0,1
6570,TXN-006570,20230123,238,438,4,16,1,-335.08,335.08,Expense,Pending,0,0
6571,TXN-006571,20220915,41,393,13,,2,3436.72,3436.72,Transfer,Completed,0,0
6572,TXN-006572,20220601,398,580,8,16,7,-44.21,44.21,Expense,Completed,0,0
6573,TXN-006573,20230613,312,466,1,16,2,-285.92,285.92,Expense,Completed,0,0
6574,TXN-006574,20220221,684,826,3,15,6,-222.82,222.82,Expense,Completed,0,1
6575,TXN-006575,20220819,211,543,20,,4,6815.48,6815.48,Income,Completed,0,0
6576,TXN-006576,20230419,80,366,11,,7,437.7,437.7,Income,Reversed,0,0
6577,TXN-006577,20220720,701,227,7,4,5,-247.76,247.76,Expense,Failed,0,0
6578,TXN-006578,20230823,444,160,6,8,5,-28.17,28.17,Expense,Completed,0,0
6579,TXN-006579,20221231,795,958,17,6,5,-45.96,45.96,Expense,Pending,0,1
6580,TXN-006580,20220216,523,45,18,15,7,-1285.56,1285.56,Expense,Completed,0,0
6581,TXN-006581,20240723,480,296,14,,2,-4144.12,4144.12,Transfer,Completed,0,0
6582,TXN-006582,20221126,492,76,15,17,6,-1020.61,1020.61,Expense,Completed,0,1
6583,TXN-006583,20240313,766,301,11,,4,257.04,257.04,Income,Pending,0,0
6584,TXN-006584,20240929,425,534,10,,6,9687.77,9687.77,Income,Completed,0,1
6585,TXN-006585,20221108,180,328,7,19,1,-306.52,306.52,Expense,Completed,0,0
6586,TXN-006586,20240104,176,766,2,7,3,-1284.31,1284.31,Expense,Completed,0,1
6587,TXN-006587,20230418,76,929,14,,2,-1321.39,1321.39,Transfer,Completed,0,0
6588,TXN-006588,20230419,198,151,7,3,5,-59.93,59.93,Expense,Pending,0,0
6589,TXN-006589,20240215,675,245,3,15,7,-338.35,338.35,Expense,Completed,0,1
6590,TXN-006590,20230530,541,256,2,5,6,-2461.21,2461.21,Expense,Completed,0,1
6591,TXN-006591,20230221,279,465,3,15,5,-207.22,207.22,Expense,Completed,0,1
6592,TXN-006592,20220109,516,155,17,9,5,-142.92,142.92,Expense,Failed,0,1
6593,TXN-006593,20230330,48,964,10,,5,13204.17,13204.17,Income,Completed,0,1
6594,TXN-006594,20230504,90,618,5,13,4,-63.21,63.21,Expense,Failed,0,0
6595,TXN-006595,20220804,522,593,10,,4,10030.52,10030.52,Income,Completed,0,1
6596,TXN-006596,20240412,779,162,16,13,3,-48.07,48.07,Expense,Completed,0,1
6597,TXN-006597,20220604,744,833,2,10,6,-1608.2,1608.2,Expense,Completed,0,1
6598,TXN-006598,20221002,51,429,11,,2,498.89,498.89,Income,Completed,0,0
6599,TXN-006599,20241008,356,43,10,,5,11160.57,11160.57,Income,Completed,0,1
6600,TXN-006600,20241228,178,613,10,,3,11248.77,11248.77,Income,Completed,0,1
6601,TXN-006601,20220822,357,683,7,15,2,-157.36,157.36,Expense,Pending,0,0
6602,TXN-006602,20230221,361,425,4,5,6,-316.17,316.17,Expense,Pending,0,0
6603,TXN-006603,20220630,416,724,11,,7,28.53,28.53,Income,Failed,0,0
6604,TXN-006604,20240602,341,98,16,15,7,-88.6,88.6,Expense,Pending,0,1
6605,TXN-006605,20220710,754,754,20,,3,1726.65,1726.65,Income,Completed,0,0
6606,TXN-006606,20220719,763,333,3,12,2,-239.23,239.23,Expense,Completed,0,1
6607,TXN-006607,20221221,61,144,13,,5,1826.89,1826.89,Transfer,Pending,0,0
6608,TXN-006608,20220806,684,367,4,15,1,-162.31,162.31,Expense,Reversed,0,0
6609,TXN-006609,20220522,363,6,15,11,3,-1952.36,1952.36,Expense,Completed,0,1
6610,TXN-006610,20240416,463,817,18,7,5,-796.59,796.59,Expense,Completed,0,0
6611,TXN-006611,20230129,700,254,1,2,4,-131.72,131.72,Expense,Completed,0,0
6612,TXN-006612,20241201,635,952,6,4,3,-93.47,93.47,Expense,Completed,0,0
6613,TXN-006613,20240820,87,294,4,3,2,-158.46,158.46,Expense,Completed,0,0
6614,TXN-006614,20240913,109,680,1,2,6,-246.76,246.76,Expense,Completed,0,0
6615,TXN-006615,20220510,785,518,2,14,2,-2787.14,2787.14,Expense,Completed,1,1
6616,TXN-006616,20240910,207,446,10,,2,7593.02,7593.02,Income,Completed,1,1
6617,TXN-006617,20220904,302,65,2,20,2,-2906.81,2906.81,Expense,Completed,1,1
6618,TXN-006618,20221013,608,968,3,12,4,-321.14,321.14,Expense,Completed,0,1
6619,TXN-006619,20220613,675,362,4,6,2,-222.79,222.79,Expense,Completed,0,0
6620,TXN-006620,20241118,279,154,4,19,2,-174.83,174.83,Expense,Completed,0,0
6621,TXN-006621,20240630,145,577,6,2,1,-39.86,39.86,Expense,Failed,0,0
6622,TXN-006622,20230830,369,386,13,,7,3942.02,3942.02,Transfer,Completed,0,0
6623,TXN-006623,20220625,141,877,4,18,6,-410.36,410.36,Expense,Pending,0,0
6624,TXN-006624,20240824,774,389,14,,3,-3012.41,3012.41,Transfer,Completed,0,0
6625,TXN-006625,20220505,604,910,10,,6,3538.45,3538.45,Income,Completed,0,1
6626,TXN-006626,20231006,519,423,10,,6,14549.67,14549.67,Income,Completed,0,1
6627,TXN-006627,20230115,605,136,10,,5,4613.7,4613.7,Income,Completed,0,1
6628,TXN-006628,20240907,500,349,1,7,2,-196.99,196.99,Expense,Completed,0,0
6629,TXN-006629,20230224,430,862,10,,4,3262.3,3262.3,Income,Completed,0,1
6630,TXN-006630,20230908,618,58,3,6,1,-148.95,148.95,Expense,Completed,0,1
6631,TXN-006631,20240218,48,711,20,,6,9178.49,9178.49,Income,Failed,0,0
6632,TXN-006632,20231219,66,23,5,17,7,-88.71,88.71,Expense,Completed,0,0
6633,TXN-006633,20220215,687,940,4,4,4,-386.21,386.21,Expense,Completed,0,0
6634,TXN-006634,20230105,185,714,1,15,5,-472.24,472.24,Expense,Completed,0,0
6635,TXN-006635,20230712,108,358,7,9,4,-326.88,326.88,Expense,Completed,0,0
6636,TXN-006636,20240210,333,911,13,,5,1586.27,1586.27,Transfer,Completed,0,0
6637,TXN-006637,20220516,357,683,19,14,7,-27.1,27.1,Expense,Completed,1,0
6638,TXN-006638,20220502,660,902,20,,7,9318.19,9318.19,Income,Completed,0,0
6639,TXN-006639,20220801,418,92,7,18,2,-272.82,272.82,Expense,Completed,0,0
6640,TXN-006640,20220527,113,857,4,12,6,-235.52,235.52,Expense,Completed,0,0
6641,TXN-006641,20230730,449,837,12,,1,3123.73,3123.73,Income,Completed,0,0
6642,TXN-006642,20240904,577,495,4,11,7,-149.82,149.82,Expense,Completed,0,0
6643,TXN-006643,20240518,156,773,4,9,4,-413.43,413.43,Expense,Completed,0,0
6644,TXN-006644,20231012,124,930,10,,2,10522.1,10522.1,Income,Completed,0,1
6645,TXN-006645,20240405,730,427,3,9,3,-440.62,440.62,Expense,Completed,0,1
6646,TXN-006646,20220518,525,871,6,18,1,-140.29,140.29,Expense,Completed,0,0
6647,TXN-006647,20221221,497,471,7,7,7,-350.92,350.92,Expense,Reversed,0,0
6648,TXN-006648,20231208,290,605,8,13,3,-239.85,239.85,Expense,Completed,0,0
6649,TXN-006649,20231213,392,443,4,16,2,-81.22,81.22,Expense,Completed,0,0
6650,TXN-006650,20230529,266,265,15,3,7,-747.44,747.44,Expense,Completed,0,1
6651,TXN-006651,20220719,455,974,6,17,2,-24.97,24.97,Expense,Completed,0,0
6652,TXN-006652,20220620,271,179,7,16,3,-468.87,468.87,Expense,Completed,0,0
6653,TXN-006653,20220707,797,716,2,16,5,-1069.0,1069.0,Expense,Completed,0,1
6654,TXN-006654,20240927,143,789,20,,4,587.23,587.23,Income,Failed,0,0
6655,TXN-006655,20231022,498,891,10,,7,3463.27,3463.27,Income,Completed,0,1
6656,TXN-006656,20230208,279,154,18,2,7,-614.69,614.69,Expense,Completed,0,0
6657,TXN-006657,20230625,118,25,1,17,5,-164.69,164.69,Expense,Completed,0,0
6658,TXN-006658,20240108,701,227,4,9,4,-301.11,301.11,Expense,Failed,0,0
6659,TXN-006659,20220927,175,102,11,,7,253.66,253.66,Income,Completed,0,0
6660,TXN-006660,20220331,392,443,11,,4,493.14,493.14,Income,Completed,0,0
6661,TXN-006661,20220321,161,381,7,6,4,-414.01,414.01,Expense,Completed,0,0
6662,TXN-006662,20221027,114,434,15,13,6,-408.8,408.8,Expense,Completed,0,1
6663,TXN-006663,20220809,324,926,13,,1,2426.11,2426.11,Transfer,Completed,0,0
6664,TXN-006664,20221219,174,268,13,,1,3641.05,3641.05,Transfer,Completed,0,0
6665,TXN-006665,20220630,226,626,3,12,5,-236.5,236.5,Expense,Completed,0,1
6666,TXN-006666,20220218,697,447,1,11,1,-66.68,66.68,Expense,Completed,0,0
6667,TXN-006667,20231231,5,672,1,11,1,-73.0,73.0,Expense,Pending,0,0
6668,TXN-006668,20230710,311,898,7,18,1,-112.57,112.57,Expense,Completed,0,0
6669,TXN-006669,20230712,434,20,20,,7,2512.14,2512.14,Income,Completed,0,0
6670,TXN-006670,20230611,743,3,13,,7,2977.52,2977.52,Transfer,Completed,0,0
6671,TXN-006671,20230109,717,944,5,13,5,-5.73,5.73,Expense,Pending,0,0
6672,TXN-006672,20220111,199,679,5,16,1,-104.97,104.97,Expense,Pending,0,0
6673,TXN-006673,20221125,707,484,5,12,1,-124.22,124.22,Expense,Completed,0,0
6674,TXN-006674,20220809,792,414,14,,4,-4236.27,4236.27,Transfer,Completed,0,0
6675,TXN-006675,20240624,448,305,4,5,1,-69.73,69.73,Expense,Completed,0,0
6676,TXN-006676,20240410,290,605,3,8,3,-132.74,132.74,Expense,Completed,0,1
6677,TXN-006677,20240716,51,755,7,17,6,-229.2,229.2,Expense,Completed,0,0
6678,TXN-006678,20240623,643,493,3,15,1,-311.99,311.99,Expense,Completed,0,1
6679,TXN-006679,20240911,288,927,15,19,3,-204.64,204.64,Expense,Completed,0,1
6680,TXN-006680,20241217,560,901,18,19,4,-2788.73,2788.73,Expense,Completed,0,0
6681,TXN-006681,20220122,353,271,3,10,4,-131.23,131.23,Expense,Completed,0,1
6682,TXN-006682,20230317,333,730,19,17,5,-415.28,415.28,Expense,Pending,0,0
6683,TXN-006683,20240913,143,789,18,8,7,-489.23,489.23,Expense,Completed,0,0
6684,TXN-006684,20220702,639,483,1,13,6,-186.11,186.11,Expense,Completed,0,0
6685,TXN-006685,20220417,700,542,15,18,6,-1036.37,1036.37,Expense,Failed,0,1
6686,TXN-006686,20240704,179,799,15,10,4,-571.37,571.37,Expense,Completed,0,1
6687,TXN-006687,20220217,585,525,7,12,4,-247.54,247.54,Expense,Completed,0,0
6688,TXN-006688,20220224,445,184,1,8,7,-198.46,198.46,Expense,Completed,0,0
6689,TXN-006689,20220828,633,560,1,10,3,-222.3,222.3,Expense,Pending,0,0
6690,TXN-006690,20220129,162,685,1,13,1,-93.97,93.97,Expense,Completed,0,0
6691,TXN-006691,20221008,789,193,13,,5,3793.66,3793.66,Transfer,Completed,0,0
6692,TXN-006692,20230904,84,791,3,16,3,-33.76,33.76,Expense,Completed,0,1
6693,TXN-006693,20240824,64,729,7,7,1,-281.24,281.24,Expense,Reversed,0,0
6694,TXN-006694,20241209,795,835,13,,5,1333.27,1333.27,Transfer,Completed,0,0
6695,TXN-006695,20231123,526,240,8,11,3,-166.44,166.44,Expense,Completed,0,0
6696,TXN-006696,20221102,134,347,1,1,1,-448.91,448.91,Expense,Pending,0,0
6697,TXN-006697,20220906,113,857,3,16,1,-312.46,312.46,Expense,Completed,0,1
6698,TXN-006698,20231215,216,236,13,,2,4016.28,4016.28,Transfer,Completed,0,0
6699,TXN-006699,20240129,744,234,18,13,1,-1481.48,1481.48,Expense,Completed,0,0
6700,TXN-006700,20220909,208,78,20,,1,3095.31,3095.31,Income,Completed,0,0
6701,TXN-006701,20241220,75,250,10,,2,9267.16,9267.16,Income,Completed,0,1
6702,TXN-006702,20230105,10,749,2,18,6,-2412.3,2412.3,Expense,Completed,0,1
6703,TXN-006703,20220625,340,312,11,,3,266.09,266.09,Income,Completed,0,0
6704,TXN-006704,20240815,731,564,15,2,7,-1994.47,1994.47,Expense,Completed,0,1
6705,TXN-006705,20220310,313,369,12,,7,575.92,575.92,Income,Completed,1,0
6706,TXN-006706,20220110,355,420,15,18,2,-1895.61,1895.61,Expense,Completed,0,1
6707,TXN-006707,20230106,324,510,9,10,3,-362.58,362.58,Expense,Completed,0,0
6708,TXN-006708,20230104,214,556,6,3,3,-14.62,14.62,Expense,Completed,0,0
6709,TXN-006709,20240313,680,400,6,14,3,-56.79,56.79,Expense,Completed,0,0
6710,TXN-006710,20220912,586,360,14,,7,-4493.8,4493.8,Transfer,Completed,0,0
6711,TXN-006711,20230113,453,445,14,,4,-3069.06,3069.06,Transfer,Failed,0,0
6712,TXN-006712,20221115,124,930,13,,1,4356.87,4356.87,Transfer,Reversed,0,0
6713,TXN-006713,20230319,220,276,7,6,3,-178.89,178.89,Expense,Completed,0,0
6714,TXN-006714,20241203,611,463,4,18,7,-345.12,345.12,Expense,Completed,0,0
6715,TXN-006715,20220404,250,488,7,10,7,-469.36,469.36,Expense,Pending,0,0
6716,TXN-006716,20220916,333,911,1,13,6,-411.94,411.94,Expense,Completed,0,0
6717,TXN-006717,20220612,725,192,1,14,4,-321.27,321.27,Expense,Completed,0,0
6718,TXN-006718,20241021,564,119,9,7,2,-349.35,349.35,Expense,Completed,0,0
6719,TXN-006719,20240117,525,871,2,13,6,-1882.96,1882.96,Expense,Completed,0,1
6720,TXN-006720,20240714,564,895,1,12,4,-42.1,42.1,Expense,Pending,0,0
6721,TXN-006721,20241215,512,800,1,3,4,-157.41,157.41,Expense,Completed,0,0
6722,TXN-006722,20220409,129,692,18,13,3,-437.58,437.58,Expense,Completed,0,0
6723,TXN-006723,20221005,132,229,20,,7,1372.16,1372.16,Income,Completed,0,0
6724,TXN-006724,20230410,214,900,8,17,3,-366.85,366.85,Expense,Completed,0,0
6725,TXN-006725,20220203,398,580,15,18,1,-379.87,379.87,Expense,Completed,0,1
6726,TXN-006726,20240609,281,611,14,,4,-3635.59,3635.59,Transfer,Completed,0,0
6727,TXN-006727,20220522,516,216,1,11,5,-89.21,89.21,Expense,Completed,0,0
6728,TXN-006728,20230228,42,539,9,15,4,-374.54,374.54,Expense,Failed,0,0
6729,TXN-006729,20220208,324,345,11,,7,419.09,419.09,Income,Completed,0,0
6730,TXN-006730,20220919,444,720,2,20,1,-1352.2,1352.2,Expense,Completed,0,1
6731,TXN-006731,20220223,639,483,20,,1,7041.25,7041.25,Income,Pending,0,0
6732,TXN-006732,20220507,350,213,8,19,1,-283.43,283.43,Expense,Failed,0,0
6733,TXN-006733,20230204,717,306,1,10,6,-386.35,386.35,Expense,Completed,0,0
6734,TXN-006734,20240406,649,433,13,,1,4817.53,4817.53,Transfer,Pending,0,0
6735,TXN-006735,20230401,221,1,14,,5,-3578.79,3578.79,Transfer,Completed,0,0
6736,TXN-006736,20220318,716,731,7,14,4,-119.93,119.93,Expense,Completed,0,0
6737,TXN-006737,20240314,263,616,4,14,7,-354.66,354.66,Expense,Completed,0,0
6738,TXN-006738,20240816,633,308,13,,7,4024.2,4024.2,Transfer,Completed,1,0
6739,TXN-006739,20220529,444,160,2,20,5,-2858.31,2858.31,Expense,Completed,0,1
6740,TXN-006740,20230916,768,282,16,5,6,-206.73,206.73,Expense,Completed,0,1
6741,TXN-006741,20231024,270,563,13,,2,2471.73,2471.73,Transfer,Completed,0,0
6742,TXN-006742,20240626,775,5,3,15,3,-294.01,294.01,Expense,Completed,0,1
6743,TXN-006743,20240315,99,93,5,4,2,-86.4,86.4,Expense,Completed,0,0
6744,TXN-006744,20230113,707,484,13,,3,3717.63,3717.63,Transfer,Completed,0,0
6745,TXN-006745,20230117,537,209,1,2,4,-77.59,77.59,Expense,Completed,0,0
6746,TXN-006746,20230715,446,584,3,18,1,-444.34,444.34,Expense,Failed,0,1
6747,TXN-006747,20221104,187,416,9,11,2,-388.74,388.74,Expense,Completed,0,0
6748,TXN-006748,20220904,486,823,9,14,7,-379.58,379.58,Expense,Completed,0,0
6749,TXN-006749,20230719,488,300,12,,6,1845.01,1845.01,Income,Pending,0,0
6750,TXN-006750,20230504,179,799,10,,5,11179.39,11179.39,Income,Completed,0,1
6751,TXN-006751,20220222,449,709,7,16,1,-403.27,403.27,Expense,Completed,0,0
6752,TXN-006752,20221101,628,589,8,2,2,-75.27,75.27,Expense,Completed,1,0
6753,TXN-006753,20221105,184,931,10,,6,5570.61,5570.61,Income,Completed,0,1
6754,TXN-006754,20220101,658,735,1,2,4,-115.01,115.01,Expense,Completed,0,0
6755,TXN-006755,20230528,200,258,3,3,1,-107.18,107.18,Expense,Failed,0,1
6756,TXN-006756,20220407,410,695,13,,1,1177.65,1177.65,Transfer,Completed,0,0
6757,TXN-006757,20240506,440,945,14,,6,-1816.79,1816.79,Transfer,Completed,0,0
6758,TXN-006758,20241003,641,831,13,,4,3229.34,3229.34,Transfer,Completed,0,0
6759,TXN-006759,20230507,744,234,1,12,3,-431.03,431.03,Expense,Completed,0,0
6760,TXN-006760,20231005,484,780,10,,6,11634.78,11634.78,Income,Completed,1,1
6761,TXN-006761,20220310,715,452,3,18,2,-495.47,495.47,Expense,Pending,0,1
6762,TXN-006762,20240623,800,403,7,8,2,-71.28,71.28,Expense,Reversed,0,0
6763,TXN-006763,20220614,625,649,10,,5,13701.03,13701.03,Income,Completed,0,1
6764,TXN-006764,20240211,545,624,15,7,1,-1081.83,1081.83,Expense,Completed,0,1
6765,TXN-006765,20220518,675,149,19,12,6,-30.53,30.53,Expense,Completed,0,0
6766,TXN-006766,20231226,597,995,15,13,7,-931.64,931.64,Expense,Completed,0,1
6767,TXN-006767,20230413,392,500,14,,7,-2805.3,2805.3,Transfer,Completed,0,0
6768,TXN-006768,20220404,701,747,8,7,2,-62.5,62.5,Expense,Pending,0,0
6769,TXN-006769,20230909,678,769,1,12,1,-456.02,456.02,Expense,Completed,0,0
6770,TXN-006770,20231220,141,318,10,,2,8243.6,8243.6,Income,Completed,0,1
6771,TXN-006771,20240324,145,402,16,5,2,-145.66,145.66,Expense,Completed,0,1
6772,TXN-006772,20230402,546,456,13,,6,3560.37,3560.37,Transfer,Completed,1,0
6773,TXN-006773,20230630,571,865,4,12,3,-286.88,286.88,Expense,Completed,0,0
6774,TXN-006774,20220324,315,957,8,7,6,-270.52,270.52,Expense,Pending,0,0
6775,TXN-006775,20221207,628,589,1,16,5,-406.66,406.66,Expense,Reversed,0,0
6776,TXN-006776,20240321,389,941,4,2,2,-43.6,43.6,Expense,Completed,0,0
6777,TXN-006777,20240117,674,990,13,,3,612.23,612.23,Transfer,Pending,0,0
6778,TXN-006778,20221005,749,228,6,12,2,-107.34,107.34,Expense,Completed,0,0
6779,TXN-006779,20240824,531,323,5,13,3,-109.55,109.55,Expense,Reversed,0,0
6780,TXN-006780,20220720,279,154,4,9,7,-487.01,487.01,Expense,Completed,0,0
6781,TXN-006781,20230101,129,522,10,,4,8954.08,8954.08,Income,Pending,0,1
6782,TXN-006782,20240412,636,992,11,,5,342.33,342.33,Income,Completed,0,0
6783,TXN-006783,20230925,14,408,4,11,2,-59.86,59.86,Expense,Completed,1,0
6784,TXN-006784,20240830,200,67,3,11,7,-492.85,492.85,Expense,Completed,0,1
6785,TXN-006785,20230718,747,988,17,4,4,-70.78,70.78,Expense,Completed,0,1
6786,TXN-006786,20221130,496,740,1,3,2,-37.55,37.55,Expense,Completed,0,0
6787,TXN-006787,20220211,199,679,3,5,5,-384.75,384.75,Expense,Completed,0,1
6788,TXN-006788,20230323,186,987,9,6,7,-54.55,54.55,Expense,Failed,0,0
6789,TXN-006789,20230217,422,842,11,,3,82.57,82.57,Income,Completed,1,0
6790,TXN-006790,20230428,746,805,11,,3,227.13,227.13,Income,Completed,0,0
6791,TXN-006791,20240410,285,923,1,16,4,-448.69,448.69,Expense,Completed,0,0
6792,TXN-006792,20230404,15,631,6,18,3,-122.65,122.65,Expense,Completed,0,0
6793,TXN-006793,20220703,329,763,18,3,6,-513.39,513.39,Expense,Completed,0,0
6794,TXN-006794,20240329,718,641,11,,4,342.84,342.84,Income,Completed,0,0
6795,TXN-006795,20230528,72,736,3,3,2,-24.29,24.29,Expense,Completed,0,1
6796,TXN-006796,20230514,758,170,3,13,1,-380.84,380.84,Expense,Completed,0,1
6797,TXN-006797,20230212,650,770,4,4,7,-446.69,446.69,Expense,Completed,0,0
6798,TXN-006798,20220803,76,373,2,19,2,-1621.81,1621.81,Expense,Completed,0,1
6799,TXN-006799,20220605,470,506,20,,3,4197.61,4197.61,Income,Completed,0,0
6800,TXN-006800,20240701,633,308,6,4,3,-114.7,114.7,Expense,Completed,0,0
6801,TXN-006801,20240510,555,332,5,19,4,-149.55,149.55,Expense,Completed,0,0
6802,TXN-006802,20220430,102,321,4,14,2,-473.84,473.84,Expense,Completed,0,0
6803,TXN-006803,20230905,420,546,12,,5,1104.04,1104.04,Income,Completed,0,0
6804,TXN-006804,20220302,751,555,11,,1,274.73,274.73,Income,Completed,0,0
6805,TXN-006805,20240325,479,700,18,11,5,-1416.42,1416.42,Expense,Completed,0,0
6806,TXN-006806,20240207,75,250,3,4,3,-296.08,296.08,Expense,Completed,0,1
6807,TXN-006807,20230503,759,708,11,,1,11.9,11.9,Income,Completed,0,0
6808,TXN-006808,20220308,682,158,3,5,4,-263.39,263.39,Expense,Completed,0,1
6809,TXN-006809,20231118,567,197,5,10,7,-126.95,126.95,Expense,Completed,0,0
6810,TXN-006810,20230809,321,497,3,14,1,-372.26,372.26,Expense,Pending,0,1
6811,TXN-006811,20240108,180,328,10,,4,10562.04,10562.04,Income,Completed,0,1
6812,TXN-006812,20220219,46,682,7,8,4,-39.18,39.18,Expense,Pending,0,0
6813,TXN-006813,20240112,186,987,11,,5,123.72,123.72,Income,Completed,0,0
6814,TXN-006814,20240203,118,25,11,,6,154.36,154.36,Income,Pending,0,0
6815,TXN-006815,20220129,132,935,2,5,7,-1650.31,1650.31,Expense,Pending,1,1
6816,TXN-006816,20240120,285,923,12,,4,2385.46,2385.46,Income,Completed,0,0
6817,TXN-006817,20220214,76,929,13,,4,214.97,214.97,Transfer,Completed,0,0
6818,TXN-006818,20230311,312,361,5,1,4,-134.51,134.51,Expense,Completed,0,0
6819,TXN-006819,20221123,424,697,2,4,4,-2740.17,2740.17,Expense,Failed,0,1
6820,TXN-006820,20230605,471,554,15,17,4,-1108.3,1108.3,Expense,Completed,0,1
6821,TXN-006821,20230710,740,190,6,3,7,-129.17,129.17,Expense,Pending,0,0
6822,TXN-006822,20221228,400,549,15,7,5,-457.39,457.39,Expense,Failed,0,1
6823,TXN-006823,20220213,182,903,7,15,6,-67.96,67.96,Expense,Completed,0,0
6824,TXN-006824,20240217,100,30,1,12,4,-201.92,201.92,Expense,Failed,0,0
6825,TXN-006825,20231201,613,669,8,5,6,-161.76,161.76,Expense,Pending,0,0
6826,TXN-006826,20230908,262,568,19,9,4,-242.81,242.81,Expense,Completed,0,0
6827,TXN-006827,20220130,684,367,1,1,5,-189.5,189.5,Expense,Completed,0,0
6828,TXN-006828,20230714,132,229,10,,5,9368.39,9368.39,Income,Completed,0,1
6829,TXN-006829,20241011,787,417,11,,5,344.05,344.05,Income,Completed,0,0
6830,TXN-006830,20231224,506,824,2,20,3,-1020.09,1020.09,Expense,Completed,0,1
6831,TXN-006831,20231228,502,585,13,,7,3909.12,3909.12,Transfer,Completed,0,0
6832,TXN-006832,20240906,540,598,4,3,5,-377.86,377.86,Expense,Completed,0,0
6833,TXN-006833,20220430,152,628,16,13,4,-341.98,341.98,Expense,Reversed,0,1
6834,TXN-006834,20231210,393,707,1,2,3,-428.02,428.02,Expense,Completed,0,0
6835,TXN-006835,20220212,46,682,17,16,4,-147.5,147.5,Expense,Completed,0,1
6836,TXN-006836,20220925,350,213,3,14,5,-122.58,122.58,Expense,Completed,0,1
6837,TXN-006837,20220228,633,308,2,17,6,-1990.45,1990.45,Expense,Completed,1,1
6838,TXN-006838,20221124,416,724,4,2,2,-79.28,79.28,Expense,Completed,0,0
6839,TXN-006839,20240804,281,611,20,,7,5620.26,5620.26,Income,Completed,0,0
6840,TXN-006840,20230512,633,308,17,4,7,-60.21,60.21,Expense,Completed,0,1
6841,TXN-006841,20220725,382,925,11,,3,494.87,494.87,Income,Completed,0,0
6842,TXN-006842,20240221,295,415,15,5,6,-1120.02,1120.02,Expense,Completed,0,1
6843,TXN-006843,20240214,424,697,4,15,5,-125.94,125.94,Expense,Completed,0,0
6844,TXN-006844,20220922,395,169,10,,1,13390.23,13390.23,Income,Completed,0,1
6845,TXN-006845,20240527,337,517,16,3,2,-22.3,22.3,Expense,Completed,0,1
6846,TXN-006846,20220924,535,499,5,17,2,-39.82,39.82,Expense,Failed,0,0
6847,TXN-006847,20240611,430,862,3,9,3,-71.52,71.52,Expense,Completed,0,1
6848,TXN-006848,20240612,106,191,20,,3,6416.99,6416.99,Income,Completed,0,0
6849,TXN-006849,20220602,545,291,14,,7,-2995.15,2995.15,Transfer,Completed,0,0
6850,TXN-006850,20230925,74,725,5,3,4,-44.26,44.26,Expense,Completed,0,0
6851,TXN-006851,20221001,121,470,7,5,4,-233.53,233.53,Expense,Completed,0,0
6852,TXN-006852,20221230,35,893,8,1,1,-68.64,68.64,Expense,Completed,0,0
6853,TXN-006853,20220709,697,447,7,20,5,-463.42,463.42,Expense,Completed,0,0
6854,TXN-006854,20220809,30,897,1,12,2,-475.01,475.01,Expense,Completed,0,0
6855,TXN-006855,20220604,675,53,9,6,6,-425.35,425.35,Expense,Completed,0,0
6856,TXN-006856,20241115,121,470,5,10,1,-74.0,74.0,Expense,Completed,0,0
6857,TXN-006857,20220323,168,878,13,,1,3156.45,3156.45,Transfer,Completed,0,0
6858,TXN-006858,20220314,382,925,3,1,3,-412.46,412.46,Expense,Completed,1,1
6859,TXN-006859,20221009,691,537,13,,1,1125.45,1125.45,Transfer,Completed,0,0
6860,TXN-006860,20230612,376,205,1,17,1,-194.25,194.25,Expense,Pending,0,0
6861,TXN-006861,20220926,272,921,16,3,7,-352.41,352.41,Expense,Completed,0,1
6862,TXN-006862,20220502,798,984,6,14,7,-41.85,41.85,Expense,Completed,0,0
6863,TXN-006863,20241111,711,221,1,10,4,-88.37,88.37,Expense,Completed,0,0
6864,TXN-006864,20241009,125,723,2,13,2,-2109.78,2109.78,Expense,Pending,0,1
6865,TXN-006865,20221228,604,794,4,17,6,-36.75,36.75,Expense,Completed,0,0
6866,TXN-006866,20220817,231,889,13,,6,351.22,351.22,Transfer,Pending,0,0
6867,TXN-006867,20220705,447,472,5,20,3,-111.16,111.16,Expense,Completed,1,0
6868,TXN-006868,20241229,639,483,1,9,3,-348.3,348.3,Expense,Completed,0,0
6869,TXN-006869,20231105,685,289,1,15,5,-270.14,270.14,Expense,Completed,0,0
6870,TXN-006870,20240825,791,54,11,,4,188.15,188.15,Income,Completed,0,0
6871,TXN-006871,20240202,382,802,1,3,4,-183.58,183.58,Expense,Completed,0,0
6872,TXN-006872,20220406,675,53,9,20,4,-41.41,41.41,Expense,Completed,0,0
6873,TXN-006873,20241001,57,383,13,,7,3110.48,3110.48,Transfer,Failed,0,0
6874,TXN-006874,20240618,353,271,14,,4,-292.52,292.52,Transfer,Completed,0,0
6875,TXN-006875,20230709,124,498,5,17,5,-7.95,7.95,Expense,Completed,0,0
6876,TXN-006876,20220222,423,629,2,9,4,-1976.2,1976.2,Expense,Pending,0,1
6877,TXN-006877,20221113,633,319,5,11,5,-136.8,136.8,Expense,Completed,0,0
6878,TXN-006878,20230101,535,499,11,,6,54.82,54.82,Income,Completed,0,0
6879,TXN-006879,20240709,206,8,20,,2,7252.23,7252.23,Income,Completed,0,0
6880,TXN-006880,20230723,560,901,5,8,5,-44.42,44.42,Expense,Completed,0,0
6881,TXN-006881,20230712,448,768,14,,6,-3046.01,3046.01,Transfer,Completed,0,0
6882,TXN-006882,20240601,312,464,6,4,2,-107.88,107.88,Expense,Completed,0,0
6883,TXN-006883,20220512,221,512,7,6,3,-379.26,379.26,Expense,Pending,0,0
6884,TXN-006884,20220616,422,172,9,4,6,-169.51,169.51,Expense,Pending,0,0
6885,TXN-006885,20240104,314,743,13,,7,602.75,602.75,Transfer,Completed,1,0
6886,TXN-006886,20230629,340,432,1,19,4,-443.3,443.3,Expense,Completed,0,0
6887,TXN-006887,20241217,206,113,8,19,5,-78.55,78.55,Expense,Failed,0,0
6888,TXN-006888,20240812,14,408,20,,7,8036.38,8036.38,Income,Completed,0,0
6889,TXN-006889,20220225,697,447,15,19,7,-1691.69,1691.69,Expense,Failed,0,1
6890,TXN-006890,20220505,650,770,19,2,3,-277.74,277.74,Expense,Failed,0,0
6891,TXN-006891,20230601,629,87,13,,3,4334.79,4334.79,Transfer,Pending,0,0
6892,TXN-006892,20241204,789,193,10,,7,10964.72,10964.72,Income,Completed,0,1
6893,TXN-006893,20230822,648,257,10,,5,13061.52,13061.52,Income,Completed,0,1
6894,TXN-006894,20230911,487,540,8,5,4,-235.77,235.77,Expense,Completed,0,0
6895,TXN-006895,20231029,213,407,1,18,6,-242.24,242.24,Expense,Completed,0,0
6896,TXN-006896,20240907,517,917,2,1,6,-1741.95,1741.95,Expense,Completed,0,1
6897,TXN-006897,20220528,618,52,13,,6,489.35,489.35,Transfer,Failed,1,0
6898,TXN-006898,20230928,276,503,10,,1,2416.75,2416.75,Income,Completed,0,1
6899,TXN-006899,20220831,752,845,4,14,4,-477.47,477.47,Expense,Completed,0,0
6900,TXN-006900,20230513,87,294,4,11,7,-304.96,304.96,Expense,Pending,0,0
6901,TXN-006901,20220305,461,870,12,,1,1066.41,1066.41,Income,Failed,0,0
6902,TXN-006902,20221219,313,424,10,,4,10870.07,10870.07,Income,Completed,0,1
6903,TXN-006903,20230120,668,597,5,11,2,-132.6,132.6,Expense,Completed,0,0
6904,TXN-006904,20231203,111,210,10,,5,13266.29,13266.29,Income,Completed,1,1
6905,TXN-006905,20221020,782,28,1,5,3,-281.13,281.13,Expense,Completed,0,0
6906,TXN-006906,20240823,604,910,7,5,4,-386.01,386.01,Expense,Completed,0,0
6907,TXN-006907,20230617,64,694,1,3,6,-348.3,348.3,Expense,Completed,0,0
6908,TXN-006908,20241007,703,482,1,15,2,-171.78,171.78,Expense,Completed,0,0
6909,TXN-006909,20230522,14,458,13,,6,809.2,809.2,Transfer,Completed,0,0
6910,TXN-006910,20230115,687,107,20,,5,7989.57,7989.57,Income,Completed,0,0
6911,TXN-006911,20240423,481,120,3,16,5,-72.19,72.19,Expense,Completed,0,1
6912,TXN-006912,20221226,205,188,10,,6,11375.73,11375.73,Income,Completed,0,1
6913,TXN-006913,20230215,687,107,10,,2,13103.98,13103.98,Income,Completed,0,1
6914,TXN-006914,20231019,371,436,3,17,6,-411.56,411.56,Expense,Pending,0,1
6915,TXN-006915,20240419,214,556,13,,7,2765.67,2765.67,Transfer,Failed,0,0
6916,TXN-006916,20240109,280,100,3,6,4,-230.43,230.43,Expense,Completed,0,1
6917,TXN-006917,20230121,532,798,1,14,4,-29.16,29.16,Expense,Completed,0,0
6918,TXN-006918,20240315,664,451,7,16,1,-142.89,142.89,Expense,Completed,0,0
6919,TXN-006919,20240314,707,732,10,,3,10912.17,10912.17,Income,Completed,0,1
6920,TXN-006920,20241023,338,86,11,,7,399.03,399.03,Income,Completed,0,0
6921,TXN-006921,20220709,253,281,20,,3,1165.23,1165.23,Income,Completed,0,0
6922,TXN-006922,20240402,37,444,1,11,3,-154.72,154.72,Expense,Completed,0,0
6923,TXN-006923,20230820,100,30,1,9,7,-141.66,141.66,Expense,Pending,0,0
6924,TXN-006924,20240807,250,177,7,2,2,-43.95,43.95,Expense,Completed,0,0
6925,TXN-006925,20220927,288,812,10,,5,3884.93,3884.93,Income,Completed,0,1
6926,TXN-006926,20220930,141,877,4,11,4,-466.24,466.24,Expense,Completed,0,0
6927,TXN-006927,20220919,216,236,13,,5,3696.4,3696.4,Transfer,Completed,0,0
6928,TXN-006928,20220925,325,329,6,6,1,-80.78,80.78,Expense,Completed,0,0
6929,TXN-006929,20240116,461,836,12,,7,2252.58,2252.58,Income,Completed,0,0
6930,TXN-006930,20231214,731,564,5,20,6,-8.42,8.42,Expense,Completed,0,0
6931,TXN-006931,20230505,636,460,1,15,1,-462.76,462.76,Expense,Completed,0,0
6932,TXN-006932,20240614,135,379,1,8,4,-439.75,439.75,Expense,Completed,0,0
6933,TXN-006933,20221128,51,755,11,,5,133.67,133.67,Income,Pending,0,0
6934,TXN-006934,20240720,537,976,7,13,3,-435.61,435.61,Expense,Completed,0,0
6935,TXN-006935,20220926,2,681,14,,4,-4636.43,4636.43,Transfer,Pending,0,0
6936,TXN-006936,20231124,19,516,10,,5,9734.1,9734.1,Income,Pending,0,1
6937,TXN-006937,20220824,110,159,1,6,7,-400.44,400.44,Expense,Failed,0,0
6938,TXN-006938,20230528,359,267,7,4,3,-217.99,217.99,Expense,Completed,0,0
6939,TXN-006939,20220818,653,777,15,10,5,-964.88,964.88,Expense,Completed,0,1
6940,TXN-006940,20230301,245,600,5,10,3,-143.15,143.15,Expense,Completed,0,0
6941,TXN-006941,20230215,749,406,1,18,7,-70.1,70.1,Expense,Completed,0,0
6942,TXN-006942,20241114,125,723,4,20,2,-164.54,164.54,Expense,Completed,0,0
6943,TXN-006943,20230209,392,882,20,,7,3398.27,3398.27,Income,Completed,0,0
6944,TXN-006944,20220111,333,730,13,,7,1497.35,1497.35,Transfer,Completed,0,0
6945,TXN-006945,20240914,159,372,4,2,3,-349.89,349.89,Expense,Completed,0,0
6946,TXN-006946,20230517,798,293,1,16,6,-204.35,204.35,Expense,Completed,0,0
6947,TXN-006947,20231125,371,127,1,3,1,-38.81,38.81,Expense,Completed,0,0
6948,TXN-006948,20240509,48,964,20,,3,7864.21,7864.21,Income,Completed,0,0
6949,TXN-006949,20221006,366,797,11,,3,226.25,226.25,Income,Completed,0,0
6950,TXN-006950,20230808,419,38,10,,4,3675.6,3675.6,Income,Completed,1,1
6951,TXN-006951,20220930,184,931,19,15,6,-490.44,490.44,Expense,Completed,0,0
6952,TXN-006952,20240417,501,317,15,2,7,-1339.04,1339.04,Expense,Completed,0,1
6953,TXN-006953,20231219,15,631,5,11,2,-35.75,35.75,Expense,Completed,0,0
6954,TXN-006954,20240519,161,844,3,6,2,-368.32,368.32,Expense,Pending,0,1
6955,TXN-006955,20221021,619,767,1,19,4,-191.3,191.3,Expense,Completed,0,0
6956,TXN-006956,20240622,174,671,8,12,2,-407.29,407.29,Expense,Pending,1,0
6957,TXN-006957,20241127,85,760,6,8,5,-13.5,13.5,Expense,Completed,0,0
6958,TXN-006958,20240327,611,463,9,15,1,-139.68,139.68,Expense,Completed,0,0
6959,TXN-006959,20231014,282,166,4,8,3,-174.98,174.98,Expense,Completed,0,0
6960,TXN-006960,20240803,454,182,5,5,1,-115.6,115.6,Expense,Completed,0,0
6961,TXN-006961,20230910,650,770,8,15,5,-207.04,207.04,Expense,Completed,0,0
6962,TXN-006962,20230327,626,663,15,6,1,-399.36,399.36,Expense,Completed,0,1
6963,TXN-006963,20221112,99,93,1,14,5,-274.45,274.45,Expense,Completed,1,0
6964,TXN-006964,20240711,471,554,10,,3,6003.01,6003.01,Income,Completed,0,1
6965,TXN-006965,20240802,597,825,10,,1,9080.94,9080.94,Income,Completed,0,1
6966,TXN-006966,20240828,523,45,11,,1,466.18,466.18,Income,Completed,0,0
6967,TXN-006967,20231023,62,744,5,3,2,-12.61,12.61,Expense,Completed,0,0
6968,TXN-006968,20240708,136,56,1,3,6,-98.38,98.38,Expense,Completed,0,0
6969,TXN-006969,20230210,487,207,7,9,6,-166.62,166.62,Expense,Reversed,0,0
6970,TXN-006970,20220824,238,438,8,8,1,-236.57,236.57,Expense,Pending,0,0
6971,TXN-006971,20220304,453,445,10,,4,10643.44,10643.44,Income,Completed,0,1
6972,TXN-006972,20241229,152,628,10,,6,2710.24,2710.24,Income,Completed,0,1
6973,TXN-006973,20240730,214,900,6,14,5,-13.97,13.97,Expense,Completed,0,0
6974,TXN-006974,20231213,169,110,11,,5,244.91,244.91,Income,Completed,0,0
6975,TXN-006975,20241130,502,585,4,20,5,-203.45,203.45,Expense,Completed,0,0
6976,TXN-006976,20240725,717,306,4,11,1,-461.37,461.37,Expense,Completed,0,0
6977,TXN-006977,20220121,699,657,3,2,7,-393.5,393.5,Expense,Completed,0,1
6978,TXN-006978,20220411,205,156,4,5,4,-92.12,92.12,Expense,Completed,0,0
6979,TXN-006979,20230929,39,815,15,15,6,-1575.04,1575.04,Expense,Completed,0,1
6980,TXN-006980,20230706,411,548,3,9,2,-18.79,18.79,Expense,Completed,0,1
6981,TXN-006981,20230908,435,653,14,,1,-1972.92,1972.92,Transfer,Pending,0,0
6982,TXN-006982,20221123,754,241,4,14,3,-47.25,47.25,Expense,Completed,0,0
6983,TXN-006983,20240223,632,531,4,18,7,-218.42,218.42,Expense,Completed,0,0
6984,TXN-006984,20231215,124,498,2,5,2,-2500.57,2500.57,Expense,Completed,0,1
6985,TXN-006985,20220422,189,243,18,15,6,-715.71,715.71,Expense,Completed,0,0
6986,TXN-006986,20230530,198,151,4,5,4,-317.62,317.62,Expense,Completed,0,0
6987,TXN-006987,20230217,356,43,1,11,5,-495.53,495.53,Expense,Completed,1,0
6988,TXN-006988,20220508,211,860,20,,7,2536.32,2536.32,Income,Completed,0,0
6989,TXN-006989,20230727,473,479,10,,2,13301.22,13301.22,Income,Completed,1,1
6990,TXN-006990,20221009,308,194,15,1,3,-1496.34,1496.34,Expense,Completed,1,1
6991,TXN-006991,20220927,198,151,1,10,3,-200.79,200.79,Expense,Completed,0,0
6992,TXN-006992,20231019,212,659,7,6,1,-211.96,211.96,Expense,Completed,0,0
6993,TXN-006993,20230820,760,13,5,4,7,-34.83,34.83,Expense,Completed,0,0
6994,TXN-006994,20220520,113,857,1,8,1,-286.64,286.64,Expense,Completed,1,0
6995,TXN-006995,20220324,37,949,13,,2,4125.05,4125.05,Transfer,Completed,0,0
6996,TXN-006996,20231214,523,45,1,8,5,-344.04,344.04,Expense,Failed,0,0
6997,TXN-006997,20221204,601,141,9,7,7,-306.41,306.41,Expense,Pending,0,0
6998,TXN-006998,20240711,403,715,4,11,3,-140.1,140.1,Expense,Completed,0,0
6999,TXN-006999,20220109,454,558,11,,1,393.49,393.49,Income,Completed,0,0
7000,TXN-007000,20240613,754,754,1,6,1,-125.05,125.05,Expense,Completed,0,0
7001,TXN-007001,20220131,766,167,7,4,2,-246.76,246.76,Expense,Completed,0,0
7002,TXN-007002,20240524,773,385,10,,6,8584.5,8584.5,Income,Completed,0,1
7003,TXN-007003,20230630,217,376,10,,6,14739.41,14739.41,Income,Completed,0,1
7004,TXN-007004,20220217,548,365,11,,1,299.92,299.92,Income,Completed,0,0
7005,TXN-007005,20221221,314,854,18,1,6,-1522.31,1522.31,Expense,Completed,0,0
7006,TXN-007006,20230225,675,245,3,9,6,-152.86,152.86,Expense,Completed,0,1
7007,TXN-007007,20241205,641,831,9,11,2,-123.77,123.77,Expense,Completed,0,0
7008,TXN-007008,20220401,449,709,13,,1,2967.59,2967.59,Transfer,Completed,0,0
7009,TXN-007009,20240619,207,446,16,15,2,-338.94,338.94,Expense,Completed,0,1
7010,TXN-007010,20241027,545,829,1,14,5,-283.0,283.0,Expense,Completed,0,0
7011,TXN-007011,20240317,111,210,1,20,2,-169.74,169.74,Expense,Completed,0,0
7012,TXN-007012,20241227,795,835,1,12,7,-355.72,355.72,Expense,Completed,0,0
7013,TXN-007013,20240127,636,992,4,18,4,-464.76,464.76,Expense,Completed,0,0
7014,TXN-007014,20231210,47,69,5,20,5,-103.14,103.14,Expense,Completed,0,0
7015,TXN-007015,20240516,166,803,3,17,1,-51.9,51.9,Expense,Completed,0,1
7016,TXN-007016,20240521,482,883,1,14,5,-403.15,403.15,Expense,Completed,0,0
7017,TXN-007017,20220720,774,389,6,5,5,-128.32,128.32,Expense,Completed,0,0
7018,TXN-007018,20230601,262,492,10,,1,5642.94,5642.94,Income,Completed,0,1
7019,TXN-007019,20230813,472,73,2,10,6,-2916.17,2916.17,Expense,Completed,0,1
7020,TXN-007020,20240806,652,885,14,,1,-4919.12,4919.12,Transfer,Completed,1,0
7021,TXN-007021,20230221,295,619,10,,5,2083.11,2083.11,Income,Failed,0,1
7022,TXN-007022,20220212,430,261,1,3,1,-145.9,145.9,Expense,Completed,1,0
7023,TXN-007023,20230213,711,221,2,6,7,-1877.4,1877.4,Expense,Completed,0,1
7024,TXN-007024,20220324,121,733,18,13,1,-1544.47,1544.47,Expense,Completed,0,0
7025,TXN-007025,20240911,425,550,7,5,2,-145.14,145.14,Expense,Failed,0,0
7026,TXN-007026,20240710,789,193,1,5,6,-324.8,324.8,Expense,Failed,0,0
7027,TXN-007027,20220717,60,295,5,2,3,-110.9,110.9,Expense,Completed,0,0
7028,TXN-007028,20230327,553,693,1,8,5,-157.41,157.41,Expense,Completed,0,0
7029,TXN-007029,20221204,262,568,1,19,5,-89.91,89.91,Expense,Completed,0,0
7030,TXN-007030,20240410,176,111,1,19,1,-20.81,20.81,Expense,Completed,0,0
7031,TXN-007031,20220818,637,706,7,8,6,-327.94,327.94,Expense,Completed,0,0
7032,TXN-007032,20240719,246,244,8,17,4,-309.52,309.52,Expense,Completed,1,0
7033,TXN-007033,20221231,222,588,1,10,7,-278.68,278.68,Expense,Completed,0,0
7034,TXN-007034,20220323,545,775,14,,3,-366.64,366.64,Transfer,Completed,0,0
7035,TXN-007035,20230411,569,72,5,15,3,-116.53,116.53,Expense,Pending,0,0
7036,TXN-007036,20220316,591,259,1,3,1,-410.01,410.01,Expense,Completed,0,0
7037,TXN-007037,20240523,410,476,1,17,2,-210.07,210.07,Expense,Completed,0,0
7038,TXN-007038,20231109,781,662,10,,5,3985.03,3985.03,Income,Completed,0,1
7039,TXN-007039,20220114,324,510,3,5,1,-261.99,261.99,Expense,Completed,0,1
7040,TXN-007040,20220327,754,754,10,,1,9825.32,9825.32,Income,Completed,0,1
7041,TXN-007041,20240322,40,81,19,17,1,-291.59,291.59,Expense,Failed,0,0
7042,TXN-007042,20220603,260,567,3,19,6,-421.66,421.66,Expense,Completed,0,1
7043,TXN-007043,20220717,472,212,10,,4,13032.32,13032.32,Income,Completed,0,1
7044,TXN-007044,20231127,260,567,13,,7,2227.99,2227.99,Transfer,Completed,0,0
7045,TXN-007045,20240315,627,527,4,20,5,-120.16,120.16,Expense,Completed,0,0
7046,TXN-007046,20220605,179,799,12,,7,604.72,604.72,Income,Reversed,0,0
7047,TXN-007047,20240112,127,644,1,17,7,-45.11,45.11,Expense,Completed,0,0
7048,TXN-007048,20220204,425,550,3,12,1,-147.91,147.91,Expense,Completed,0,1
7049,TXN-007049,20220128,288,927,4,14,5,-171.4,171.4,Expense,Completed,0,0
7050,TXN-007050,20220925,474,698,2,17,6,-2261.74,2261.74,Expense,Completed,1,1
7051,TXN-007051,20220515,720,696,5,20,5,-67.37,67.37,Expense,Completed,0,0
7052,TXN-007052,20240204,763,748,18,2,1,-775.67,775.67,Expense,Completed,0,0
7053,TXN-007053,20240729,169,110,8,6,1,-146.78,146.78,Expense,Completed,0,0
7054,TXN-007054,20221102,297,562,17,3,6,-80.62,80.62,Expense,Completed,0,1
7055,TXN-007055,20240815,666,246,5,7,6,-111.33,111.33,Expense,Completed,0,0
7056,TXN-007056,20220914,396,454,7,20,7,-198.11,198.11,Expense,Pending,0,0
7057,TXN-007057,20220325,486,252,1,2,7,-413.39,413.39,Expense,Completed,0,0
7058,TXN-007058,20231121,314,743,5,20,4,-53.42,53.42,Expense,Completed,0,0
7059,TXN-007059,20230213,611,934,4,11,3,-286.9,286.9,Expense,Completed,0,0
7060,TXN-007060,20240417,718,641,3,16,7,-394.91,394.91,Expense,Completed,0,1
7061,TXN-007061,20240817,421,422,16,4,2,-427.59,427.59,Expense,Completed,0,1
7062,TXN-007062,20240325,382,802,20,,1,8479.43,8479.43,Income,Completed,0,0
7063,TXN-007063,20231209,298,299,2,18,2,-626.75,626.75,Expense,Completed,0,1
7064,TXN-007064,20220714,279,154,3,12,4,-391.68,391.68,Expense,Completed,0,1
7065,TXN-007065,20220709,91,752,1,17,2,-435.99,435.99,Expense,Reversed,0,0
7066,TXN-007066,20240320,72,736,4,13,7,-171.37,171.37,Expense,Completed,0,0
7067,TXN-007067,20220116,72,736,17,12,5,-141.85,141.85,Expense,Completed,0,1
7068,TXN-007068,20220611,481,120,13,,2,1953.68,1953.68,Transfer,Pending,0,0
7069,TXN-007069,20220629,601,141,13,,7,2343.56,2343.56,Transfer,Completed,0,0
7070,TXN-007070,20240824,553,693,17,17,2,-119.19,119.19,Expense,Completed,0,1
7071,TXN-007071,20230729,582,485,7,15,5,-115.58,115.58,Expense,Completed,0,0
7072,TXN-007072,20230925,342,343,10,,2,5444.88,5444.88,Income,Failed,0,1
7073,TXN-007073,20240322,51,429,1,7,7,-133.89,133.89,Expense,Completed,0,0
7074,TXN-007074,20230221,257,746,15,7,2,-1024.63,1024.63,Expense,Pending,0,1
7075,TXN-007075,20231126,780,890,8,14,1,-180.19,180.19,Expense,Completed,0,0
7076,TXN-007076,20230918,674,990,1,7,3,-162.44,162.44,Expense,Completed,1,0
7077,TXN-007077,20240113,497,471,2,2,3,-1046.29,1046.29,Expense,Completed,1,1
7078,TXN-007078,20240415,754,754,15,13,1,-893.26,893.26,Expense,Completed,0,1
7079,TXN-007079,20230220,611,463,1,9,5,-444.65,444.65,Expense,Completed,0,0
7080,TXN-007080,20220815,508,816,1,13,7,-353.57,353.57,Expense,Completed,0,0
7081,TXN-007081,20240929,279,154,1,9,1,-170.86,170.86,Expense,Completed,0,0
7082,TXN-007082,20240305,203,942,2,10,3,-1563.48,1563.48,Expense,Completed,0,1
7083,TXN-007083,20231031,79,535,1,14,3,-132.6,132.6,Expense,Completed,0,0
7084,TXN-007084,20230228,64,199,2,6,1,-1572.47,1572.47,Expense,Pending,0,1
7085,TXN-007085,20220915,710,115,15,6,5,-703.83,703.83,Expense,Completed,0,1
7086,TXN-007086,20220303,684,826,1,6,2,-409.93,409.93,Expense,Completed,0,0
7087,TXN-007087,20240810,444,225,7,6,1,-246.29,246.29,Expense,Completed,0,0
7088,TXN-007088,20231012,701,747,6,16,6,-41.77,41.77,Expense,Completed,0,0
7089,TXN-007089,20230613,648,257,10,,5,2157.89,2157.89,Income,Pending,1,1
7090,TXN-007090,20220718,94,552,2,4,7,-2179.58,2179.58,Expense,Failed,0,1
7091,TXN-007091,20220518,649,523,2,16,2,-2189.79,2189.79,Expense,Completed,0,1
7092,TXN-007092,20220617,435,273,4,10,1,-339.11,339.11,Expense,Completed,0,0
7093,TXN-007093,20220509,491,654,1,1,3,-218.21,218.21,Expense,Pending,0,0
7094,TXN-007094,20240322,376,205,4,6,3,-198.4,198.4,Expense,Completed,0,0
7095,TXN-007095,20230213,297,562,2,8,6,-2625.1,2625.1,Expense,Completed,0,1
7096,TXN-007096,20220425,514,390,14,,2,-2351.41,2351.41,Transfer,Reversed,0,0
7097,TXN-007097,20230731,91,752,1,3,2,-58.09,58.09,Expense,Completed,0,0
7098,TXN-007098,20230701,596,448,5,12,5,-115.82,115.82,Expense,Completed,0,0
7099,TXN-007099,20220902,430,919,7,16,4,-445.93,445.93,Expense,Failed,0,0
7100,TXN-007100,20230223,424,697,1,10,7,-318.49,318.49,Expense,Completed,0,0
7101,TXN-007101,20240925,314,743,5,9,2,-115.94,115.94,Expense,Completed,0,0
7102,TXN-007102,20230922,545,291,7,18,6,-159.88,159.88,Expense,Completed,0,0
7103,TXN-007103,20220110,785,809,2,4,2,-2558.0,2558.0,Expense,Completed,0,1
7104,TXN-007104,20240927,361,828,7,18,5,-495.88,495.88,Expense,Completed,0,0
7105,TXN-007105,20240509,10,749,2,13,6,-575.5,575.5,Expense,Completed,0,1
7106,TXN-007106,20240306,609,843,18,11,5,-2654.47,2654.47,Expense,Pending,0,0
7107,TXN-007107,20220819,19,180,5,12,1,-36.92,36.92,Expense,Completed,0,0
7108,TXN-007108,20220226,145,577,5,11,7,-106.81,106.81,Expense,Completed,0,0
7109,TXN-007109,20220309,38,847,4,5,1,-22.56,22.56,Expense,Completed,0,0
7110,TXN-007110,20231222,325,232,3,3,6,-400.69,400.69,Expense,Pending,0,1
7111,TXN-007111,20241216,571,977,4,6,3,-342.91,342.91,Expense,Completed,0,0
7112,TXN-007112,20240907,713,851,13,,4,4736.63,4736.63,Transfer,Completed,0,0
7113,TXN-007113,20240910,489,647,11,,4,25.88,25.88,Income,Completed,0,0
7114,TXN-007114,20231108,671,371,7,11,1,-84.86,84.86,Expense,Completed,0,0
7115,TXN-007115,20221003,44,652,3,8,1,-381.75,381.75,Expense,Completed,0,1
7116,TXN-007116,20231107,687,940,4,4,7,-465.88,465.88,Expense,Pending,0,0
7117,TXN-007117,20221104,377,68,4,10,3,-140.65,140.65,Expense,Completed,0,0
7118,TXN-007118,20220720,793,61,15,10,6,-1546.95,1546.95,Expense,Completed,0,1
7119,TXN-007119,20221127,325,329,3,17,6,-273.47,273.47,Expense,Completed,0,1
7120,TXN-007120,20221203,398,580,7,2,3,-250.7,250.7,Expense,Pending,0,0
7121,TXN-007121,20240328,639,315,5,11,4,-145.8,145.8,Expense,Completed,0,0
7122,TXN-007122,20240707,675,581,3,7,2,-498.27,498.27,Expense,Completed,0,1
7123,TXN-007123,20230219,482,230,2,11,5,-1226.83,1226.83,Expense,Completed,0,1
7124,TXN-007124,20231024,305,667,7,19,6,-52.58,52.58,Expense,Completed,0,0
7125,TXN-007125,20240330,110,159,13,,6,2044.5,2044.5,Transfer,Completed,0,0
7126,TXN-007126,20240331,118,25,1,16,5,-143.19,143.19,Expense,Completed,0,0
7127,TXN-007127,20220614,355,886,3,16,7,-461.5,461.5,Expense,Failed,0,1
7128,TXN-007128,20240715,545,291,6,5,2,-133.89,133.89,Expense,Completed,0,0
7129,TXN-007129,20231203,662,233,1,1,7,-200.2,200.2,Expense,Completed,0,0
7130,TXN-007130,20240603,91,752,13,,3,3047.99,3047.99,Transfer,Completed,0,0
7131,TXN-007131,20241014,499,905,12,,4,4331.74,4331.74,Income,Pending,0,0
7132,TXN-007132,20220714,569,915,4,14,2,-282.87,282.87,Expense,Completed,0,0
7133,TXN-007133,20230715,322,690,7,19,2,-292.5,292.5,Expense,Completed,0,0
7134,TXN-007134,20241111,717,868,8,14,7,-122.03,122.03,Expense,Completed,0,0
7135,TXN-007135,20230510,209,509,3,11,3,-280.53,280.53,Expense,Completed,0,1
7136,TXN-007136,20241018,653,777,11,,6,135.65,135.65,Income,Completed,0,0
7137,TXN-007137,20231027,33,762,12,,7,2647.33,2647.33,Income,Completed,0,0
7138,TXN-007138,20220819,217,972,5,12,4,-148.99,148.99,Expense,Completed,0,0
7139,TXN-007139,20240922,340,432,7,17,3,-268.17,268.17,Expense,Pending,0,0
7140,TXN-007140,20241016,221,1,19,1,4,-406.62,406.62,Expense,Completed,0,0
7141,TXN-007141,20240911,751,409,5,14,4,-63.82,63.82,Expense,Completed,0,0
7142,TXN-007142,20230205,416,724,19,12,4,-44.63,44.63,Expense,Completed,0,0
7143,TXN-007143,20240517,357,683,14,,1,-4498.88,4498.88,Transfer,Completed,0,0
7144,TXN-007144,20230721,128,595,11,,4,475.61,475.61,Income,Completed,0,0
7145,TXN-007145,20230602,357,683,10,,4,14391.85,14391.85,Income,Pending,0,1
7146,TXN-007146,20230105,114,461,18,18,5,-2421.89,2421.89,Expense,Completed,0,0
7147,TXN-007147,20220430,760,13,1,4,1,-289.36,289.36,Expense,Completed,0,0
7148,TXN-007148,20221019,78,547,4,3,6,-323.65,323.65,Expense,Completed,0,0
7149,TXN-007149,20241014,582,485,2,16,2,-935.88,935.88,Expense,Completed,0,1
7150,TXN-007150,20230529,282,166,12,,1,169.12,169.12,Income,Completed,0,0
7151,TXN-007151,20220831,382,925,7,9,7,-239.11,239.11,Expense,Completed,0,0
7152,TXN-007152,20240921,658,501,6,14,5,-72.29,72.29,Expense,Completed,0,0
7153,TXN-007153,20240520,240,650,19,16,2,-259.68,259.68,Expense,Completed,0,0
7154,TXN-007154,20220211,410,476,13,,6,2105.28,2105.28,Transfer,Completed,0,0
7155,TXN-007155,20220718,453,129,10,,6,3997.08,3997.08,Income,Completed,0,1
7156,TXN-007156,20230322,200,33,5,20,6,-71.84,71.84,Expense,Completed,0,0
7157,TXN-007157,20220408,356,43,17,15,7,-99.03,99.03,Expense,Completed,0,1
7158,TXN-007158,20240724,650,770,2,12,3,-2602.98,2602.98,Expense,Completed,0,1
7159,TXN-007159,20230303,441,830,7,9,1,-23.71,23.71,Expense,Completed,0,0
7160,TXN-007160,20220304,337,606,6,13,7,-52.91,52.91,Expense,Pending,0,0
7161,TXN-007161,20231026,315,348,19,14,7,-449.17,449.17,Expense,Completed,0,0
7162,TXN-007162,20230619,215,48,17,9,4,-49.58,49.58,Expense,Completed,0,1
7163,TXN-007163,20230524,698,346,4,6,4,-471.75,471.75,Expense,Completed,0,0
7164,TXN-007164,20240319,240,636,10,,1,5264.19,5264.19,Income,Completed,1,1
7165,TXN-007165,20240531,751,409,10,,7,14246.49,14246.49,Income,Completed,0,1
7166,TXN-007166,20240605,64,199,4,18,5,-125.95,125.95,Expense,Completed,0,0
7167,TXN-007167,20240706,795,835,15,11,7,-1077.37,1077.37,Expense,Completed,0,1
7168,TXN-007168,20240328,510,551,17,5,1,-146.32,146.32,Expense,Completed,0,1
7169,TXN-007169,20231201,61,849,7,4,2,-254.29,254.29,Expense,Completed,0,0
7170,TXN-007170,20220614,276,503,7,9,7,-406.01,406.01,Expense,Completed,0,0
7171,TXN-007171,20230224,23,894,3,15,3,-159.67,159.67,Expense,Completed,0,1
7172,TXN-007172,20240321,20,630,4,11,2,-200.85,200.85,Expense,Failed,0,0
7173,TXN-007173,20220713,604,916,1,1,2,-346.7,346.7,Expense,Completed,0,0
7174,TXN-007174,20220315,450,783,10,,4,8482.4,8482.4,Income,Completed,0,1
7175,TXN-007175,20220827,668,597,2,13,6,-1006.74,1006.74,Expense,Completed,0,1
7176,TXN-007176,20220320,110,704,4,17,5,-473.34,473.34,Expense,Completed,0,0
7177,TXN-007177,20220406,336,892,15,3,6,-1455.68,1455.68,Expense,Completed,1,1
7178,TXN-007178,20220927,691,537,18,19,1,-641.04,641.04,Expense,Completed,0,0
7179,TXN-007179,20220719,352,765,6,12,3,-118.82,118.82,Expense,Completed,0,0
7180,TXN-007180,20241030,15,631,14,,3,-2663.82,2663.82,Transfer,Reversed,0,0
7181,TXN-007181,20221223,531,323,10,,1,5248.89,5248.89,Income,Failed,0,1
7182,TXN-007182,20220130,600,610,4,16,2,-292.39,292.39,Expense,Completed,0,0
7183,TXN-007183,20240402,325,232,6,15,4,-29.87,29.87,Expense,Reversed,0,0
7184,TXN-007184,20240310,752,845,20,,5,9597.0,9597.0,Income,Completed,0,0
7185,TXN-007185,20220405,658,501,4,13,5,-405.63,405.63,Expense,Completed,0,0
7186,TXN-007186,20220423,499,905,17,18,2,-45.82,45.82,Expense,Completed,0,1
7187,TXN-007187,20220702,283,211,2,12,7,-2362.14,2362.14,Expense,Completed,0,1
7188,TXN-007188,20240910,650,770,6,5,5,-48.01,48.01,Expense,Completed,0,0
7189,TXN-007189,20220824,792,414,10,,3,7761.11,7761.11,Income,Pending,0,1
7190,TXN-007190,20220615,76,929,7,7,6,-234.77,234.77,Expense,Completed,0,0
7191,TXN-007191,20221011,135,379,12,,1,1027.8,1027.8,Income,Completed,0,0
7192,TXN-007192,20230805,51,429,11,,5,352.06,352.06,Income,Completed,0,0
7193,TXN-007193,20241213,262,568,17,1,6,-128.26,128.26,Expense,Completed,0,1
7194,TXN-007194,20230711,707,484,6,14,4,-46.78,46.78,Expense,Completed,0,0
7195,TXN-007195,20240222,369,386,1,10,3,-467.55,467.55,Expense,Completed,0,0
7196,TXN-007196,20230119,757,504,7,12,6,-65.43,65.43,Expense,Completed,0,0
7197,TXN-007197,20240525,91,676,10,,7,3231.06,3231.06,Income,Completed,0,1
7198,TXN-007198,20230320,318,40,4,8,4,-143.11,143.11,Expense,Completed,0,0
7199,TXN-007199,20220801,613,669,1,2,3,-291.56,291.56,Expense,Completed,0,0
7200,TXN-007200,20240113,516,216,19,14,7,-102.71,102.71,Expense,Completed,0,0
7201,TXN-007201,20230926,340,36,2,7,1,-2670.38,2670.38,Expense,Completed,0,1
7202,TXN-007202,20220907,674,32,12,,1,4106.11,4106.11,Income,Completed,0,0
7203,TXN-007203,20220812,390,994,1,7,7,-65.45,65.45,Expense,Completed,0,0
7204,TXN-007204,20230413,414,298,1,17,3,-44.96,44.96,Expense,Completed,0,0
7205,TXN-007205,20220730,313,424,3,12,7,-56.3,56.3,Expense,Completed,0,1
7206,TXN-007206,20240318,91,786,4,10,3,-158.48,158.48,Expense,Failed,0,0
7207,TXN-007207,20230204,522,593,7,18,4,-244.13,244.13,Expense,Completed,0,0
7208,TXN-007208,20230420,441,830,13,,7,4784.5,4784.5,Transfer,Completed,0,0
7209,TXN-007209,20240223,757,504,18,10,7,-956.0,956.0,Expense,Pending,0,0
7210,TXN-007210,20220228,318,112,5,19,1,-120.44,120.44,Expense,Completed,0,0
7211,TXN-007211,20240120,212,19,10,,7,8971.98,8971.98,Income,Completed,0,1
7212,TXN-007212,20220324,443,781,14,,5,-2102.79,2102.79,Transfer,Completed,0,0
7213,TXN-007213,20220907,88,399,19,9,1,-287.2,287.2,Expense,Completed,0,0
7214,TXN-007214,20231209,623,63,12,,1,1073.92,1073.92,Income,Completed,0,0
7215,TXN-007215,20221219,221,1,13,,3,4759.57,4759.57,Transfer,Pending,0,0
7216,TXN-007216,20220904,731,912,13,,2,4035.8,4035.8,Transfer,Completed,0,0
7217,TXN-007217,20240207,51,429,7,8,6,-434.91,434.91,Expense,Completed,0,0
7218,TXN-007218,20230610,490,785,6,9,3,-60.96,60.96,Expense,Completed,0,0
7219,TXN-007219,20230403,352,795,5,10,2,-147.8,147.8,Expense,Completed,0,0
7220,TXN-007220,20220403,698,206,6,17,3,-92.02,92.02,Expense,Completed,0,0
7221,TXN-007221,20240403,174,284,4,4,2,-377.78,377.78,Expense,Failed,0,0
7222,TXN-007222,20220411,785,809,14,,7,-1971.1,1971.1,Transfer,Completed,0,0
7223,TXN-007223,20221016,596,448,13,,6,2712.38,2712.38,Transfer,Completed,0,0
7224,TXN-007224,20221107,701,747,7,11,5,-494.47,494.47,Expense,Reversed,0,0
7225,TXN-007225,20230130,20,412,15,1,3,-856.56,856.56,Expense,Completed,0,1
7226,TXN-007226,20230711,609,843,2,4,6,-1852.86,1852.86,Expense,Completed,0,1
7227,TXN-007227,20240318,370,677,15,7,1,-877.75,877.75,Expense,Completed,0,1
7228,TXN-007228,20230528,545,624,10,,4,9086.75,9086.75,Income,Completed,0,1
7229,TXN-007229,20220109,698,206,5,1,2,-92.79,92.79,Expense,Pending,0,0
7230,TXN-007230,20230320,656,18,4,15,1,-284.87,284.87,Expense,Completed,0,0
7231,TXN-007231,20231228,147,793,10,,5,12053.19,12053.19,Income,Completed,0,1
7232,TXN-007232,20240808,625,649,20,,3,5086.57,5086.57,Income,Completed,0,0
7233,TXN-007233,20220605,701,91,9,3,1,-275.81,275.81,Expense,Completed,0,0
7234,TXN-007234,20230301,746,805,11,,4,458.03,458.03,Income,Completed,0,0
7235,TXN-007235,20221022,377,68,12,,7,896.28,896.28,Income,Completed,0,0
7236,TXN-007236,20220915,703,496,15,9,5,-304.06,304.06,Expense,Completed,0,1
7237,TXN-007237,20220415,699,657,15,7,3,-1117.75,1117.75,Expense,Completed,0,1
7238,TXN-007238,20241104,226,998,7,17,2,-245.8,245.8,Expense,Completed,0,0
7239,TXN-007239,20231026,637,899,13,,1,2708.67,2708.67,Transfer,Completed,0,0
7240,TXN-007240,20240219,717,944,7,14,6,-81.12,81.12,Expense,Failed,0,0
7241,TXN-007241,20230319,258,526,1,5,5,-285.55,285.55,Expense,Pending,0,0
7242,TXN-007242,20231111,453,129,4,10,5,-77.66,77.66,Expense,Completed,0,0
7243,TXN-007243,20231115,110,704,3,15,3,-421.2,421.2,Expense,Completed,0,1
7244,TXN-007244,20241115,500,153,17,11,2,-14.27,14.27,Expense,Completed,1,1
7245,TXN-007245,20230611,364,95,5,19,3,-45.43,45.43,Expense,Completed,0,0
7246,TXN-007246,20230309,108,358,4,4,1,-215.31,215.31,Expense,Completed,0,0
7247,TXN-007247,20221022,276,503,9,20,7,-43.27,43.27,Expense,Completed,0,0
7248,TXN-007248,20230801,653,777,12,,5,3771.2,3771.2,Income,Completed,0,0
7249,TXN-007249,20240730,220,59,10,,2,11083.8,11083.8,Income,Completed,0,1
7250,TXN-007250,20230103,789,914,14,,3,-4563.26,4563.26,Transfer,Completed,0,0
7251,TXN-007251,20240805,477,388,13,,3,569.91,569.91,Transfer,Completed,0,0
7252,TXN-007252,20220516,754,241,2,14,6,-2946.38,2946.38,Expense,Completed,0,1
7253,TXN-007253,20240225,137,165,4,2,7,-345.15,345.15,Expense,Completed,0,0
7254,TXN-007254,20240523,604,794,1,2,6,-247.96,247.96,Expense,Completed,0,0
7255,TXN-007255,20231111,689,397,2,14,3,-2056.93,2056.93,Expense,Completed,0,1
7256,TXN-007256,20240203,87,839,7,7,5,-390.19,390.19,Expense,Completed,1,0
7257,TXN-007257,20230516,415,967,3,19,3,-375.6,375.6,Expense,Pending,0,1
7258,TXN-007258,20230827,262,492,1,6,1,-390.63,390.63,Expense,Pending,0,0
7259,TXN-007259,20220928,680,401,10,,6,6567.59,6567.59,Income,Completed,0,1
7260,TXN-007260,20240205,99,93,18,18,3,-2738.76,2738.76,Expense,Completed,0,0
7261,TXN-007261,20240925,185,714,3,17,7,-247.84,247.84,Expense,Completed,0,1
7262,TXN-007262,20230210,238,438,1,14,2,-268.7,268.7,Expense,Completed,0,0
7263,TXN-007263,20220116,597,995,3,7,2,-298.61,298.61,Expense,Completed,0,1
7264,TXN-007264,20230202,240,650,1,13,1,-106.49,106.49,Expense,Failed,1,0
7265,TXN-007265,20220208,618,52,15,17,4,-763.27,763.27,Expense,Completed,0,1
7266,TXN-007266,20230311,38,847,7,10,3,-171.34,171.34,Expense,Completed,0,0
7267,TXN-007267,20220914,637,706,16,4,6,-153.54,153.54,Expense,Completed,0,1
7268,TXN-007268,20240413,212,659,9,8,7,-409.2,409.2,Expense,Completed,0,0
7269,TXN-007269,20220816,310,353,2,13,5,-1266.69,1266.69,Expense,Completed,0,1
7270,TXN-007270,20240213,784,140,7,6,1,-166.08,166.08,Expense,Failed,0,0
7271,TXN-007271,20230207,736,778,4,2,2,-32.05,32.05,Expense,Failed,1,0
7272,TXN-007272,20230417,280,9,7,11,1,-290.23,290.23,Expense,Completed,0,0
7273,TXN-007273,20230611,550,152,4,10,6,-437.37,437.37,Expense,Completed,0,0
7274,TXN-007274,20230707,288,114,9,13,7,-282.6,282.6,Expense,Completed,0,0
7275,TXN-007275,20220803,141,318,3,12,5,-448.78,448.78,Expense,Completed,0,1
7276,TXN-007276,20220426,687,107,1,3,7,-251.86,251.86,Expense,Completed,0,0
7277,TXN-007277,20240928,241,541,4,6,1,-412.19,412.19,Expense,Completed,0,0
7278,TXN-007278,20221214,537,128,5,12,6,-56.37,56.37,Expense,Completed,0,0
7279,TXN-007279,20240805,653,777,2,18,1,-1344.63,1344.63,Expense,Pending,0,1
7280,TXN-007280,20240217,658,501,9,20,2,-291.97,291.97,Expense,Completed,0,0
7281,TXN-007281,20230130,11,876,9,1,6,-31.78,31.78,Expense,Completed,0,0
7282,TXN-007282,20230712,701,747,13,,7,337.7,337.7,Transfer,Pending,0,0
7283,TXN-007283,20220802,453,445,11,,6,350.89,350.89,Income,Completed,0,0
7284,TXN-007284,20241022,74,725,3,14,1,-418.64,418.64,Expense,Completed,0,1
7285,TXN-007285,20230525,324,345,18,7,2,-1966.71,1966.71,Expense,Completed,0,0
7286,TXN-007286,20230303,222,79,3,7,7,-462.97,462.97,Expense,Completed,0,1
7287,TXN-007287,20240902,422,842,3,4,2,-434.02,434.02,Expense,Completed,0,1
7288,TXN-007288,20221104,196,441,7,8,4,-26.09,26.09,Expense,Completed,1,0
7289,TXN-007289,20220810,590,364,9,4,2,-289.33,289.33,Expense,Completed,0,0
7290,TXN-007290,20230308,500,153,14,,3,-3895.59,3895.59,Transfer,Completed,0,0
7291,TXN-007291,20240802,444,160,20,,5,9208.86,9208.86,Income,Completed,0,0
7292,TXN-007292,20240705,185,714,10,,3,5556.14,5556.14,Income,Completed,0,1
7293,TXN-007293,20231016,77,969,4,4,4,-365.77,365.77,Expense,Completed,0,0
7294,TXN-007294,20221111,295,415,16,13,1,-210.85,210.85,Expense,Completed,0,1
7295,TXN-007295,20240714,51,429,4,8,1,-272.97,272.97,Expense,Pending,0,0
7296,TXN-007296,20240130,653,777,10,,7,3078.69,3078.69,Income,Completed,0,1
7297,TXN-007297,20220217,537,331,12,,4,2025.24,2025.24,Income,Completed,0,0
7298,TXN-007298,20240424,461,836,13,,2,2880.03,2880.03,Transfer,Completed,0,0
7299,TXN-007299,20231022,211,860,10,,6,8917.97,8917.97,Income,Completed,0,1
7300,TXN-007300,20230530,511,108,7,17,2,-471.1,471.1,Expense,Completed,0,0
7301,TXN-007301,20220702,486,252,3,12,3,-306.04,306.04,Expense,Completed,0,1
7302,TXN-007302,20240522,440,586,10,,7,11005.5,11005.5,Income,Completed,0,1
7303,TXN-007303,20230712,444,160,14,,2,-3797.44,3797.44,Transfer,Completed,0,0
7304,TXN-007304,20221108,677,661,5,9,4,-83.27,83.27,Expense,Completed,0,0
7305,TXN-007305,20220516,110,159,3,9,5,-447.05,447.05,Expense,Completed,0,1
7306,TXN-007306,20220223,415,967,2,20,4,-2949.39,2949.39,Expense,Completed,0,1
7307,TXN-007307,20230420,270,563,13,,6,705.72,705.72,Transfer,Completed,0,0
7308,TXN-007308,20241226,674,32,2,7,4,-1324.02,1324.02,Expense,Completed,0,1
7309,TXN-007309,20240819,571,721,7,14,4,-439.64,439.64,Expense,Completed,0,0
7310,TXN-007310,20240410,90,618,5,14,6,-38.08,38.08,Expense,Pending,0,0
7311,TXN-007311,20240618,492,76,12,,3,2678.97,2678.97,Income,Completed,0,0
7312,TXN-007312,20230425,605,200,2,1,7,-1635.34,1635.34,Expense,Pending,0,1
7313,TXN-007313,20230708,447,472,4,12,1,-351.25,351.25,Expense,Completed,0,0
7314,TXN-007314,20220420,722,101,3,9,7,-298.71,298.71,Expense,Completed,0,1
7315,TXN-007315,20241201,340,913,10,,6,10388.72,10388.72,Income,Completed,0,1
7316,TXN-007316,20240529,651,60,1,13,6,-79.35,79.35,Expense,Completed,0,0
7317,TXN-007317,20221109,622,832,4,19,3,-71.81,71.81,Expense,Completed,0,0
7318,TXN-007318,20230428,207,640,9,13,4,-123.35,123.35,Expense,Failed,0,0
7319,TXN-007319,20240207,323,122,11,,5,39.74,39.74,Income,Completed,0,0
7320,TXN-007320,20241005,795,958,5,16,1,-93.61,93.61,Expense,Completed,0,0
7321,TXN-007321,20220214,786,74,10,,1,3644.89,3644.89,Income,Completed,0,1
7322,TXN-007322,20230910,680,401,7,15,1,-81.12,81.12,Expense,Reversed,0,0
7323,TXN-007323,20240421,406,609,10,,2,2351.99,2351.99,Income,Reversed,0,1
7324,TXN-007324,20220827,361,828,10,,6,3087.63,3087.63,Income,Completed,0,1
7325,TXN-007325,20220623,731,912,13,,3,829.48,829.48,Transfer,Completed,0,0
7326,TXN-007326,20230812,220,276,3,10,1,-32.39,32.39,Expense,Completed,0,1
7327,TXN-007327,20230311,161,844,15,15,4,-920.39,920.39,Expense,Failed,0,1
7328,TXN-007328,20221214,497,471,14,,2,-2444.13,2444.13,Transfer,Completed,0,0
7329,TXN-007329,20231129,200,67,18,16,2,-1206.0,1206.0,Expense,Completed,0,0
7330,TXN-007330,20240224,420,546,7,9,2,-326.64,326.64,Expense,Pending,0,0
7331,TXN-007331,20241008,415,712,8,18,7,-17.95,17.95,Expense,Completed,0,0
7332,TXN-007332,20230429,639,315,11,,6,494.4,494.4,Income,Completed,0,0
7333,TXN-007333,20240425,318,112,10,,6,5677.59,5677.59,Income,Pending,0,1
7334,TXN-007334,20230710,174,268,4,10,3,-158.55,158.55,Expense,Completed,0,0
7335,TXN-007335,20220220,392,443,10,,7,11857.29,11857.29,Income,Completed,0,1
7336,TXN-007336,20231212,441,830,10,,7,11241.01,11241.01,Income,Reversed,0,1
7337,TXN-007337,20220321,648,279,2,4,2,-2916.19,2916.19,Expense,Completed,0,1
7338,TXN-007338,20230403,639,483,10,,6,7371.43,7371.43,Income,Completed,0,1
7339,TXN-007339,20221007,231,201,20,,3,6270.23,6270.23,Income,Completed,0,0
7340,TXN-007340,20220131,426,973,3,1,3,-475.73,475.73,Expense,Completed,0,1
7341,TXN-007341,20230809,519,655,13,,6,4571.8,4571.8,Transfer,Completed,0,0
7342,TXN-007342,20230406,101,648,13,,2,708.75,708.75,Transfer,Completed,0,0
7343,TXN-007343,20241228,288,594,15,1,4,-264.57,264.57,Expense,Completed,0,1
7344,TXN-007344,20240630,424,697,5,11,4,-99.12,99.12,Expense,Completed,0,0
7345,TXN-007345,20230405,795,958,4,7,6,-422.45,422.45,Expense,Completed,0,0
7346,TXN-007346,20220525,312,464,16,17,4,-172.84,172.84,Expense,Completed,0,1
7347,TXN-007347,20220416,791,686,11,,7,34.1,34.1,Income,Completed,0,0
7348,TXN-007348,20220217,600,610,15,4,6,-563.63,563.63,Expense,Completed,0,1
7349,TXN-007349,20220506,279,838,1,20,2,-378.78,378.78,Expense,Completed,0,0
7350,TXN-007350,20230427,249,341,10,,6,8983.62,8983.62,Income,Completed,0,1
7351,TXN-007351,20220320,30,897,10,,6,9593.36,9593.36,Income,Completed,0,1
7352,TXN-007352,20220124,114,434,20,,3,4710.38,4710.38,Income,Completed,0,0
7353,TXN-007353,20220923,280,100,16,16,3,-406.17,406.17,Expense,Completed,1,1
7354,TXN-007354,20230830,270,563,1,10,2,-381.61,381.61,Expense,Completed,0,0
7355,TXN-007355,20230529,91,873,8,17,4,-494.66,494.66,Expense,Completed,0,0
7356,TXN-007356,20230420,418,92,7,8,1,-496.48,496.48,Expense,Pending,0,0
7357,TXN-007357,20221222,472,73,10,,3,4976.86,4976.86,Income,Completed,0,1
7358,TXN-007358,20220409,66,430,13,,1,3069.2,3069.2,Transfer,Reversed,0,0
7359,TXN-007359,20230331,792,414,8,13,6,-180.1,180.1,Expense,Completed,0,0
7360,TXN-007360,20230524,231,275,1,14,2,-439.78,439.78,Expense,Completed,0,0
7361,TXN-007361,20220616,523,45,2,12,6,-2105.47,2105.47,Expense,Completed,0,1
7362,TXN-007362,20230817,161,579,3,13,6,-251.71,251.71,Expense,Completed,0,1
7363,TXN-007363,20220813,444,160,18,12,2,-789.0,789.0,Expense,Pending,0,0
7364,TXN-007364,20231123,644,533,3,11,4,-230.37,230.37,Expense,Completed,0,1
7365,TXN-007365,20220511,166,803,3,10,6,-185.3,185.3,Expense,Completed,1,1
7366,TXN-007366,20220727,141,993,7,4,6,-456.06,456.06,Expense,Completed,0,0
7367,TXN-007367,20230618,280,811,2,17,5,-2295.3,2295.3,Expense,Completed,0,1
7368,TXN-007368,20230414,722,101,1,18,4,-352.07,352.07,Expense,Failed,0,0
7369,TXN-007369,20240904,166,359,8,10,4,-41.25,41.25,Expense,Completed,0,0
7370,TXN-007370,20220528,387,219,13,,2,2601.79,2601.79,Transfer,Completed,0,0
7371,TXN-007371,20240516,308,339,6,15,6,-148.84,148.84,Expense,Completed,0,0
7372,TXN-007372,20231113,770,320,1,16,1,-68.67,68.67,Expense,Completed,0,0
7373,TXN-007373,20230420,490,262,20,,3,9000.95,9000.95,Income,Failed,0,0
7374,TXN-007374,20240612,110,105,5,3,6,-25.64,25.64,Expense,Completed,0,0
7375,TXN-007375,20240524,792,283,13,,3,2969.1,2969.1,Transfer,Reversed,0,0
7376,TXN-007376,20220921,687,940,12,,2,1571.26,1571.26,Income,Completed,0,0
7377,TXN-007377,20230115,269,530,2,7,7,-2565.01,2565.01,Expense,Completed,0,1
7378,TXN-007378,20230604,200,33,18,18,1,-1524.69,1524.69,Expense,Completed,0,0
7379,TXN-007379,20230830,185,714,4,18,1,-365.57,365.57,Expense,Pending,0,0
7380,TXN-007380,20230308,64,478,7,12,7,-152.86,152.86,Expense,Completed,0,0
7381,TXN-007381,20220306,499,292,11,,2,128.58,128.58,Income,Failed,0,0
7382,TXN-007382,20220622,725,192,1,5,1,-230.25,230.25,Expense,Completed,0,0
7383,TXN-007383,20231105,57,383,15,14,3,-1701.01,1701.01,Expense,Completed,0,1
7384,TXN-007384,20221126,666,779,4,15,6,-404.13,404.13,Expense,Completed,0,0
7385,TXN-007385,20240414,766,301,18,15,7,-1754.95,1754.95,Expense,Completed,0,0
7386,TXN-007386,20230212,433,633,15,18,5,-730.98,730.98,Expense,Completed,0,1
7387,TXN-007387,20230611,314,854,10,,7,9951.43,9951.43,Income,Completed,0,1
7388,TXN-007388,20221201,517,394,4,17,6,-245.53,245.53,Expense,Completed,0,0
7389,TXN-007389,20230219,582,217,7,7,2,-473.83,473.83,Expense,Completed,1,0
7390,TXN-007390,20240116,371,436,7,7,4,-82.05,82.05,Expense,Completed,0,0
7391,TXN-007391,20230109,389,737,3,13,4,-391.02,391.02,Expense,Completed,0,1
7392,TXN-007392,20220328,585,525,7,5,4,-296.89,296.89,Expense,Completed,0,0
7393,TXN-007393,20230126,168,255,9,19,3,-282.59,282.59,Expense,Completed,0,0
7394,TXN-007394,20241021,62,561,9,18,1,-25.4,25.4,Expense,Completed,0,0
7395,TXN-007395,20230113,468,37,7,1,6,-145.17,145.17,Expense,Completed,0,0
7396,TXN-007396,20231117,650,770,16,15,7,-367.4,367.4,Expense,Pending,0,1
7397,TXN-007397,20221217,667,571,13,,3,4634.39,4634.39,Transfer,Completed,0,0
7398,TXN-007398,20220423,340,432,5,4,7,-68.48,68.48,Expense,Completed,0,0
7399,TXN-007399,20230821,730,427,13,,7,2375.97,2375.97,Transfer,Failed,0,0
7400,TXN-007400,20221011,516,155,4,1,7,-454.61,454.61,Expense,Completed,0,0
7401,TXN-007401,20241208,270,759,7,3,2,-408.73,408.73,Expense,Completed,0,0
7402,TXN-007402,20220330,64,478,9,8,4,-120.71,120.71,Expense,Failed,0,0
7403,TXN-007403,20220206,749,406,7,13,5,-270.18,270.18,Expense,Completed,0,0
7404,TXN-007404,20231227,499,352,7,5,3,-254.14,254.14,Expense,Failed,1,0
7405,TXN-007405,20240610,220,59,2,11,6,-1451.0,1451.0,Expense,Completed,0,1
7406,TXN-007406,20221129,793,2,3,10,7,-143.89,143.89,Expense,Completed,0,1
7407,TXN-007407,20230717,41,404,2,9,1,-574.45,574.45,Expense,Completed,0,1
7408,TXN-007408,20240622,408,311,1,10,1,-392.19,392.19,Expense,Pending,0,0
7409,TXN-007409,20240810,453,129,10,,2,10251.51,10251.51,Income,Completed,0,1
7410,TXN-007410,20230502,280,100,4,8,2,-167.31,167.31,Expense,Failed,0,0
7411,TXN-007411,20240510,792,414,14,,5,-4183.98,4183.98,Transfer,Completed,0,0
7412,TXN-007412,20230502,185,714,2,17,4,-2907.32,2907.32,Expense,Completed,0,1
7413,TXN-007413,20240414,231,889,15,8,5,-850.25,850.25,Expense,Completed,0,1
7414,TXN-007414,20220620,511,950,10,,6,6450.58,6450.58,Income,Completed,0,1
7415,TXN-007415,20241031,302,65,10,,2,6260.33,6260.33,Income,Pending,0,1
7416,TXN-007416,20230619,91,752,14,,1,-1535.97,1535.97,Transfer,Completed,0,0
7417,TXN-007417,20240628,639,315,7,19,7,-82.96,82.96,Expense,Completed,0,0
7418,TXN-007418,20230620,545,624,1,8,3,-226.89,226.89,Expense,Completed,0,0
7419,TXN-007419,20240731,662,223,13,,2,4468.81,4468.81,Transfer,Completed,0,0
7420,TXN-007420,20220919,243,827,14,,4,-4356.65,4356.65,Transfer,Completed,0,0
7421,TXN-007421,20230213,325,253,8,12,2,-225.96,225.96,Expense,Completed,0,0
7422,TXN-007422,20220520,619,42,19,9,7,-483.91,483.91,Expense,Completed,0,0
7423,TXN-007423,20240411,10,749,1,6,7,-404.25,404.25,Expense,Pending,0,0
7424,TXN-007424,20230201,275,132,1,9,3,-100.52,100.52,Expense,Completed,0,0
7425,TXN-007425,20230815,777,62,7,16,6,-150.13,150.13,Expense,Completed,0,0
7426,TXN-007426,20240805,195,529,1,17,6,-407.6,407.6,Expense,Completed,0,0
7427,TXN-007427,20240601,200,67,16,14,5,-443.75,443.75,Expense,Completed,0,1
7428,TXN-007428,20230715,21,287,2,4,5,-915.08,915.08,Expense,Completed,0,1
7429,TXN-007429,20220117,560,901,5,11,2,-136.73,136.73,Expense,Completed,1,0
7430,TXN-007430,20240507,315,957,5,2,7,-44.89,44.89,Expense,Completed,0,0
7431,TXN-007431,20230828,565,34,4,13,7,-476.21,476.21,Expense,Completed,0,0
7432,TXN-007432,20220411,269,530,5,7,5,-114.92,114.92,Expense,Completed,0,0
7433,TXN-007433,20240407,46,866,8,18,3,-252.84,252.84,Expense,Completed,0,0
7434,TXN-007434,20220805,350,213,20,,7,9204.14,9204.14,Income,Completed,0,0
7435,TXN-007435,20231201,697,447,7,1,6,-338.66,338.66,Expense,Completed,0,0
7436,TXN-007436,20230528,370,187,3,11,2,-355.19,355.19,Expense,Completed,0,1
7437,TXN-007437,20240516,586,474,10,,3,10088.86,10088.86,Income,Completed,0,1
7438,TXN-007438,20230506,132,935,11,,4,346.62,346.62,Income,Completed,0,0
7439,TXN-007439,20241007,298,559,2,3,2,-2378.56,2378.56,Expense,Completed,0,1
7440,TXN-007440,20230124,577,495,1,14,1,-314.72,314.72,Expense,Completed,1,0
7441,TXN-007441,20220228,316,428,5,20,2,-61.57,61.57,Expense,Completed,0,0
7442,TXN-007442,20230110,588,566,7,18,2,-499.54,499.54,Expense,Reversed,0,0
7443,TXN-007443,20241124,635,952,2,6,6,-1092.76,1092.76,Expense,Completed,0,1
7444,TXN-007444,20231220,298,82,3,8,2,-161.81,161.81,Expense,Completed,0,1
7445,TXN-007445,20240407,289,982,1,7,6,-448.51,448.51,Expense,Completed,0,0
7446,TXN-007446,20220830,760,13,9,16,6,-136.11,136.11,Expense,Completed,0,0
7447,TXN-007447,20230309,129,522,10,,3,13697.61,13697.61,Income,Completed,0,1
7448,TXN-007448,20231119,205,188,11,,1,215.93,215.93,Income,Pending,0,0
7449,TXN-007449,20221018,460,612,10,,3,2633.59,2633.59,Income,Completed,0,1
7450,TXN-007450,20230202,480,814,4,15,1,-259.65,259.65,Expense,Completed,0,0
7451,TXN-007451,20230415,397,632,4,13,6,-35.94,35.94,Expense,Completed,0,0
7452,TXN-007452,20230109,555,332,7,13,3,-160.91,160.91,Expense,Failed,0,0
7453,TXN-007453,20241005,274,185,4,18,4,-315.83,315.83,Expense,Completed,0,0
7454,TXN-007454,20220203,793,2,6,8,5,-96.13,96.13,Expense,Completed,0,0
7455,TXN-007455,20240121,290,421,2,7,2,-2505.56,2505.56,Expense,Completed,0,1
7456,TXN-007456,20220313,48,615,13,,6,1600.48,1600.48,Transfer,Completed,0,0
7457,TXN-007457,20230528,522,126,19,15,3,-112.29,112.29,Expense,Completed,0,0
7458,TXN-007458,20220716,40,81,1,3,1,-39.8,39.8,Expense,Pending,0,0
7459,TXN-007459,20240920,484,664,8,16,2,-242.42,242.42,Expense,Completed,1,0
7460,TXN-007460,20240608,608,968,12,,2,3926.07,3926.07,Income,Completed,0,0
7461,TXN-007461,20240101,370,677,19,4,3,-423.12,423.12,Expense,Completed,0,0
7462,TXN-007462,20230423,648,257,17,2,4,-142.52,142.52,Expense,Completed,0,1
7463,TXN-007463,20240806,214,900,11,,6,413.24,413.24,Income,Reversed,0,0
7464,TXN-007464,20240809,265,936,9,3,3,-286.97,286.97,Expense,Completed,0,0
7465,TXN-007465,20231225,288,114,12,,5,4407.75,4407.75,Income,Completed,0,0
7466,TXN-007466,20221218,667,571,18,14,1,-884.95,884.95,Expense,Completed,0,0
7467,TXN-007467,20220202,315,348,6,19,5,-36.01,36.01,Expense,Completed,0,0
7468,TXN-007468,20230113,149,959,7,1,2,-214.75,214.75,Expense,Failed,0,0
7469,TXN-007469,20221111,355,886,3,1,2,-76.38,76.38,Expense,Pending,0,1
7470,TXN-007470,20231109,73,7,12,,1,2532.79,2532.79,Income,Pending,1,0
7471,TXN-007471,20230318,289,982,6,1,1,-39.19,39.19,Expense,Completed,0,0
7472,TXN-007472,20240601,46,380,1,14,7,-304.4,304.4,Expense,Completed,0,0
7473,TXN-007473,20221206,215,48,20,,1,7388.66,7388.66,Income,Completed,0,0
7474,TXN-007474,20220614,262,435,11,,6,51.78,51.78,Income,Pending,0,0
7475,TXN-007475,20240903,101,648,7,11,3,-137.17,137.17,Expense,Completed,0,0
7476,TXN-007476,20220224,472,73,2,9,5,-1025.18,1025.18,Expense,Completed,0,1
7477,TXN-007477,20220409,753,507,7,9,5,-402.06,402.06,Expense,Completed,0,0
7478,TXN-007478,20220922,590,313,5,10,2,-37.62,37.62,Expense,Completed,0,0
7479,TXN-007479,20240922,582,485,1,8,1,-169.98,169.98,Expense,Completed,0,0
7480,TXN-007480,20240709,246,244,1,5,3,-208.97,208.97,Expense,Completed,0,0
7481,TXN-007481,20240501,636,992,14,,7,-4270.14,4270.14,Transfer,Completed,0,0
7482,TXN-007482,20230116,611,463,4,20,1,-472.87,472.87,Expense,Completed,0,0
7483,TXN-007483,20240519,523,45,5,7,4,-92.24,92.24,Expense,Completed,0,0
7484,TXN-007484,20230712,318,112,10,,1,9648.38,9648.38,Income,Completed,1,1
7485,TXN-007485,20231016,14,408,4,10,5,-484.8,484.8,Expense,Pending,0,0
7486,TXN-007486,20221103,336,892,14,,1,-3776.22,3776.22,Transfer,Completed,0,0
7487,TXN-007487,20221023,151,855,11,,6,15.05,15.05,Income,Completed,0,0
7488,TXN-007488,20240425,105,978,1,10,5,-323.18,323.18,Expense,Completed,1,0
7489,TXN-007489,20240518,370,187,1,7,6,-482.27,482.27,Expense,Completed,0,0
7490,TXN-007490,20241128,312,117,3,6,4,-490.79,490.79,Expense,Completed,0,1
7491,TXN-007491,20230406,490,785,7,11,7,-80.8,80.8,Expense,Completed,0,0
7492,TXN-007492,20230203,482,883,10,,3,6774.73,6774.73,Income,Completed,0,1
7493,TXN-007493,20220110,653,50,3,17,4,-317.21,317.21,Expense,Completed,1,1
7494,TXN-007494,20220720,12,818,4,4,7,-102.89,102.89,Expense,Completed,0,0
7495,TXN-007495,20240926,240,650,4,16,2,-253.86,253.86,Expense,Completed,0,0
7496,TXN-007496,20230913,526,240,8,9,5,-236.79,236.79,Expense,Pending,0,0
7497,TXN-007497,20240403,517,917,2,17,1,-1161.21,1161.21,Expense,Completed,0,1
7498,TXN-007498,20240911,535,499,3,7,7,-49.76,49.76,Expense,Failed,0,1
7499,TXN-007499,20240919,569,72,5,7,1,-50.31,50.31,Expense,Completed,0,0
7500,TXN-007500,20240721,324,345,6,20,2,-141.25,141.25,Expense,Completed,0,0
7501,TXN-007501,20241223,404,859,10,,1,2292.79,2292.79,Income,Completed,0,1
7502,TXN-007502,20240627,650,419,18,15,3,-2236.29,2236.29,Expense,Completed,0,0
7503,TXN-007503,20220325,236,17,14,,1,-934.89,934.89,Transfer,Pending,0,0
7504,TXN-007504,20220707,34,660,4,14,7,-428.55,428.55,Expense,Completed,0,0
7505,TXN-007505,20241126,413,131,3,13,2,-363.57,363.57,Expense,Completed,0,1
7506,TXN-007506,20240808,750,856,5,9,4,-127.41,127.41,Expense,Completed,0,0
7507,TXN-007507,20241010,206,8,10,,3,7112.56,7112.56,Income,Completed,0,1
7508,TXN-007508,20220615,516,155,7,4,2,-207.5,207.5,Expense,Completed,0,0
7509,TXN-007509,20230704,649,523,15,6,7,-1377.23,1377.23,Expense,Failed,0,1
7510,TXN-007510,20240606,97,997,8,7,6,-314.54,314.54,Expense,Completed,0,0
7511,TXN-007511,20220603,244,486,1,16,4,-67.72,67.72,Expense,Completed,0,0
7512,TXN-007512,20230404,561,668,10,,2,3870.9,3870.9,Income,Completed,0,1
7513,TXN-007513,20230910,638,31,9,1,6,-394.45,394.45,Expense,Completed,0,0
7514,TXN-007514,20220224,706,481,2,4,6,-1634.85,1634.85,Expense,Completed,0,1
7515,TXN-007515,20221105,279,772,11,,1,138.25,138.25,Income,Completed,0,0
7516,TXN-007516,20221130,114,434,5,7,4,-47.21,47.21,Expense,Completed,0,0
7517,TXN-007517,20240926,641,831,1,12,2,-262.75,262.75,Expense,Completed,0,0
7518,TXN-007518,20240131,633,314,5,18,7,-65.25,65.25,Expense,Completed,0,0
7519,TXN-007519,20231104,108,358,19,15,5,-269.3,269.3,Expense,Completed,0,0
7520,TXN-007520,20241006,453,445,5,11,5,-102.93,102.93,Expense,Pending,0,0
7521,TXN-007521,20230529,324,510,2,2,4,-1633.48,1633.48,Expense,Completed,0,1
7522,TXN-007522,20221022,60,645,4,1,2,-425.42,425.42,Expense,Completed,0,0
7523,TXN-007523,20230222,40,81,19,7,1,-372.0,372.0,Expense,Completed,0,0
7524,TXN-007524,20230607,38,847,10,,6,11445.91,11445.91,Income,Completed,0,1
7525,TXN-007525,20230304,198,29,5,15,3,-14.28,14.28,Expense,Reversed,0,0
7526,TXN-007526,20220819,710,115,12,,6,3386.14,3386.14,Income,Failed,0,0
7527,TXN-007527,20220523,625,649,19,10,6,-344.61,344.61,Expense,Pending,0,0
7528,TXN-007528,20240512,491,47,13,,3,3958.14,3958.14,Transfer,Completed,0,0
7529,TXN-007529,20230605,566,297,11,,6,498.13,498.13,Income,Completed,0,0
7530,TXN-007530,20220320,248,125,10,,7,14570.51,14570.51,Income,Completed,0,1
7531,TXN-007531,20230327,12,818,3,8,1,-27.68,27.68,Expense,Completed,0,1
7532,TXN-007532,20220723,366,797,20,,4,8203.35,8203.35,Income,Completed,1,0
7533,TXN-007533,20240226,377,68,6,18,3,-33.43,33.43,Expense,Completed,0,0
7534,TXN-007534,20230814,23,894,3,7,2,-67.45,67.45,Expense,Completed,0,1
7535,TXN-007535,20231007,151,251,20,,7,9693.71,9693.71,Income,Completed,0,0
7536,TXN-007536,20230710,674,490,15,10,5,-1353.06,1353.06,Expense,Completed,0,1
7537,TXN-007537,20220406,519,655,10,,1,13107.66,13107.66,Income,Completed,0,1
7538,TXN-007538,20240114,633,314,6,12,4,-52.01,52.01,Expense,Pending,0,0
7539,TXN-007539,20241202,100,30,6,1,7,-50.54,50.54,Expense,Completed,0,0
7540,TXN-007540,20240825,634,699,7,11,2,-159.19,159.19,Expense,Failed,0,0
7541,TXN-007541,20220821,132,753,10,,5,3514.39,3514.39,Income,Completed,0,1
7542,TXN-007542,20220517,355,420,1,8,6,-420.36,420.36,Expense,Pending,0,0
7543,TXN-007543,20220511,774,389,13,,6,1551.82,1551.82,Transfer,Completed,0,0
7544,TXN-007544,20230213,510,551,4,3,4,-360.08,360.08,Expense,Pending,0,0
7545,TXN-007545,20240527,128,196,5,2,3,-143.22,143.22,Expense,Completed,0,0
7546,TXN-007546,20231219,546,456,2,16,2,-1271.7,1271.7,Expense,Completed,0,1
7547,TXN-007547,20221128,440,586,10,,1,4666.54,4666.54,Income,Completed,0,1
7548,TXN-007548,20220501,186,431,17,8,7,-125.12,125.12,Expense,Pending,0,1
7549,TXN-007549,20220924,248,125,5,1,6,-60.36,60.36,Expense,Completed,0,0
7550,TXN-007550,20221006,789,914,1,1,6,-103.71,103.71,Expense,Completed,0,0
7551,TXN-007551,20241119,166,803,3,19,2,-343.02,343.02,Expense,Completed,0,1
7552,TXN-007552,20220323,594,450,6,14,6,-85.23,85.23,Expense,Completed,0,0
7553,TXN-007553,20220326,319,841,12,,3,3153.6,3153.6,Income,Completed,0,0
7554,TXN-007554,20221105,634,727,10,,6,3140.07,3140.07,Income,Failed,0,1
7555,TXN-007555,20240120,14,408,10,,2,14637.62,14637.62,Income,Completed,0,1
7556,TXN-007556,20230414,304,410,16,5,1,-139.58,139.58,Expense,Pending,0,1
7557,TXN-007557,20241002,384,449,10,,7,12875.37,12875.37,Income,Pending,0,1
7558,TXN-007558,20230924,643,103,1,4,7,-227.46,227.46,Expense,Completed,0,0
7559,TXN-007559,20220417,76,373,2,20,5,-979.31,979.31,Expense,Completed,1,1
7560,TXN-007560,20230121,777,62,13,,5,2864.94,2864.94,Transfer,Completed,0,0
7561,TXN-007561,20220123,355,420,5,11,6,-39.74,39.74,Expense,Completed,0,0
7562,TXN-007562,20240105,186,987,12,,7,1945.18,1945.18,Income,Completed,0,0
7563,TXN-007563,20231030,172,979,19,8,2,-196.7,196.7,Expense,Completed,0,0
7564,TXN-007564,20230827,212,659,20,,5,1279.84,1279.84,Income,Completed,0,0
7565,TXN-007565,20240219,281,611,5,2,3,-29.84,29.84,Expense,Pending,0,0
7566,TXN-007566,20220109,358,966,3,9,2,-191.97,191.97,Expense,Completed,0,1
7567,TXN-007567,20220806,206,113,7,9,7,-286.9,286.9,Expense,Reversed,0,0
7568,TXN-007568,20221108,751,951,1,7,4,-366.44,366.44,Expense,Completed,0,0
7569,TXN-007569,20230321,678,357,13,,6,1299.37,1299.37,Transfer,Completed,0,0
7570,TXN-007570,20221126,357,683,3,20,4,-209.37,209.37,Expense,Completed,0,1
7571,TXN-007571,20220131,600,544,14,,2,-4725.87,4725.87,Transfer,Completed,0,0
7572,TXN-007572,20221207,546,456,9,3,6,-85.32,85.32,Expense,Completed,0,0
7573,TXN-007573,20220227,390,272,4,5,3,-441.45,441.45,Expense,Completed,0,0
7574,TXN-007574,20230311,767,316,8,7,7,-180.84,180.84,Expense,Completed,0,0
7575,TXN-007575,20240511,641,831,8,4,2,-96.66,96.66,Expense,Completed,1,0
7576,TXN-007576,20220210,249,502,11,,2,360.34,360.34,Income,Completed,0,0
7577,TXN-007577,20240710,215,48,1,20,4,-309.0,309.0,Expense,Failed,0,0
7578,TXN-007578,20231010,427,787,18,14,1,-1119.5,1119.5,Expense,Completed,0,0
7579,TXN-007579,20220125,680,274,6,14,3,-68.11,68.11,Expense,Completed,0,0
7580,TXN-007580,20240124,226,626,10,,7,9707.24,9707.24,Income,Completed,0,1
7581,TXN-007581,20231117,332,756,13,,2,1655.69,1655.69,Transfer,Completed,1,0
7582,TXN-007582,20240918,288,812,9,20,6,-494.54,494.54,Expense,Completed,0,0
7583,TXN-007583,20240611,129,771,5,17,5,-12.15,12.15,Expense,Completed,0,0
7584,TXN-007584,20240315,537,331,4,8,4,-111.73,111.73,Expense,Failed,0,0
7585,TXN-007585,20241130,433,633,20,,4,3336.61,3336.61,Income,Completed,0,0
7586,TXN-007586,20230316,214,556,5,12,5,-81.6,81.6,Expense,Completed,0,0
7587,TXN-007587,20240313,718,41,10,,7,11646.3,11646.3,Income,Completed,0,1
7588,TXN-007588,20220320,700,673,4,16,5,-313.59,313.59,Expense,Failed,0,0
7589,TXN-007589,20230501,675,362,17,14,6,-44.7,44.7,Expense,Completed,0,1
7590,TXN-007590,20240507,249,508,20,,4,4705.06,4705.06,Income,Completed,0,0
7591,TXN-007591,20220424,489,647,10,,3,13003.45,13003.45,Income,Completed,0,1
7592,TXN-007592,20240114,718,139,10,,3,11117.63,11117.63,Income,Completed,0,1
7593,TXN-007593,20230721,733,99,2,9,4,-1049.92,1049.92,Expense,Completed,0,1
7594,TXN-007594,20221105,482,230,13,,7,577.88,577.88,Transfer,Completed,0,0
7595,TXN-007595,20220211,315,348,13,,2,2475.77,2475.77,Transfer,Completed,0,0
7596,TXN-007596,20240113,101,648,3,8,2,-330.46,330.46,Expense,Completed,0,1
7597,TXN-007597,20230623,166,803,12,,4,1711.16,1711.16,Income,Completed,0,0
7598,TXN-007598,20231024,701,91,4,7,5,-145.05,145.05,Expense,Failed,0,0
7599,TXN-007599,20240402,47,69,13,,6,905.18,905.18,Transfer,Completed,0,0
7600,TXN-007600,20240307,633,314,10,,4,14440.02,14440.02,Income,Completed,0,1
7601,TXN-007601,20240320,703,496,1,4,4,-434.78,434.78,Expense,Failed,0,0
7602,TXN-007602,20240901,130,822,4,13,5,-28.55,28.55,Expense,Completed,0,0
7603,TXN-007603,20220918,786,948,7,2,2,-488.09,488.09,Expense,Reversed,0,0
7604,TXN-007604,20231105,414,298,4,2,7,-105.8,105.8,Expense,Completed,0,0
7605,TXN-007605,20220626,229,340,15,8,6,-1728.68,1728.68,Expense,Completed,0,1
7606,TXN-007606,20240101,422,842,5,11,6,-123.06,123.06,Expense,Completed,0,0
7607,TXN-007607,20230116,135,379,10,,3,2051.8,2051.8,Income,Completed,0,1
7608,TXN-007608,20230320,499,292,1,12,6,-270.96,270.96,Expense,Completed,0,0
7609,TXN-007609,20230408,663,326,10,,5,5205.91,5205.91,Income,Pending,0,1
7610,TXN-007610,20220113,128,196,18,14,3,-2512.56,2512.56,Expense,Completed,0,0
7611,TXN-007611,20240309,298,82,7,5,5,-304.22,304.22,Expense,Pending,0,0
7612,TXN-007612,20231013,722,288,11,,7,402.67,402.67,Income,Completed,0,0
7613,TXN-007613,20220414,560,395,13,,4,1315.1,1315.1,Transfer,Completed,0,0
7614,TXN-007614,20231107,519,423,1,11,1,-269.39,269.39,Expense,Completed,0,0
7615,TXN-007615,20241218,424,697,4,20,5,-497.7,497.7,Expense,Completed,0,0
7616,TXN-007616,20240707,708,146,3,17,1,-147.99,147.99,Expense,Completed,0,1
7617,TXN-007617,20240807,379,625,11,,4,151.19,151.19,Income,Completed,0,0
7618,TXN-007618,20240310,205,156,3,14,3,-126.97,126.97,Expense,Completed,0,1
7619,TXN-007619,20240725,687,107,1,6,2,-53.6,53.6,Expense,Completed,0,0
7620,TXN-007620,20231216,150,701,4,10,4,-110.98,110.98,Expense,Completed,0,0
7621,TXN-007621,20240826,673,277,4,13,1,-308.19,308.19,Expense,Completed,0,0
7622,TXN-007622,20220625,186,431,14,,3,-2225.12,2225.12,Transfer,Completed,0,0
7623,TXN-007623,20231206,245,439,7,10,2,-444.65,444.65,Expense,Completed,0,0
7624,TXN-007624,20221016,430,862,15,4,6,-1044.17,1044.17,Expense,Completed,0,1
7625,TXN-007625,20220302,649,523,6,19,1,-146.47,146.47,Expense,Failed,0,0
7626,TXN-007626,20220726,716,731,10,,3,9690.21,9690.21,Income,Completed,0,1
7627,TXN-007627,20221006,312,117,5,18,1,-101.22,101.22,Expense,Reversed,0,0
7628,TXN-007628,20220707,305,667,13,,3,3140.43,3140.43,Transfer,Completed,0,0
7629,TXN-007629,20231121,262,568,4,4,4,-275.91,275.91,Expense,Completed,1,0
7630,TXN-007630,20221009,768,620,13,,3,2344.02,2344.02,Transfer,Completed,0,0
7631,TXN-007631,20241105,74,725,19,10,3,-313.46,313.46,Expense,Pending,0,0
7632,TXN-007632,20231112,109,680,4,2,1,-218.53,218.53,Expense,Completed,0,0
7633,TXN-007633,20231027,159,372,11,,1,415.28,415.28,Income,Completed,0,0
7634,TXN-007634,20241005,396,454,9,6,1,-341.19,341.19,Expense,Completed,0,0
7635,TXN-007635,20240420,14,310,14,,4,-1890.89,1890.89,Transfer,Completed,0,0
7636,TXN-007636,20230212,361,425,15,15,5,-1147.46,1147.46,Expense,Reversed,0,1
7637,TXN-007637,20240529,604,916,20,,7,7869.24,7869.24,Income,Completed,0,0
7638,TXN-007638,20240728,208,78,2,16,5,-2846.69,2846.69,Expense,Completed,0,1
7639,TXN-007639,20231225,713,851,10,,7,8954.52,8954.52,Income,Completed,0,1
7640,TXN-007640,20230411,161,381,1,12,7,-305.08,305.08,Expense,Completed,0,0
7641,TXN-007641,20230704,287,324,1,11,1,-411.28,411.28,Expense,Failed,0,0
7642,TXN-007642,20220223,176,111,16,18,1,-214.12,214.12,Expense,Completed,0,1
7643,TXN-007643,20240124,461,836,18,8,2,-1634.67,1634.67,Expense,Failed,0,0
7644,TXN-007644,20231224,634,727,3,14,1,-317.53,317.53,Expense,Completed,0,1
7645,TXN-007645,20230413,489,647,4,4,5,-409.11,409.11,Expense,Completed,0,0
7646,TXN-007646,20230226,767,316,4,17,3,-288.53,288.53,Expense,Pending,0,0
7647,TXN-007647,20230208,643,103,3,3,6,-196.11,196.11,Expense,Pending,0,1
7648,TXN-007648,20220708,209,509,3,15,3,-479.55,479.55,Expense,Completed,0,1
7649,TXN-007649,20221210,675,149,18,15,2,-1242.4,1242.4,Expense,Completed,0,0
7650,TXN-007650,20220603,23,894,5,15,4,-44.38,44.38,Expense,Completed,0,0
7651,TXN-007651,20241207,172,242,10,,4,8422.25,8422.25,Income,Completed,0,1
7652,TXN-007652,20220711,33,813,12,,7,2781.85,2781.85,Income,Completed,0,0
7653,TXN-007653,20231008,430,862,8,9,3,-204.32,204.32,Expense,Completed,0,0
7654,TXN-007654,20220613,279,772,17,19,1,-35.07,35.07,Expense,Completed,0,1
7655,TXN-007655,20240811,525,871,11,,3,360.13,360.13,Income,Failed,0,0
7656,TXN-007656,20221215,377,68,4,5,4,-332.94,332.94,Expense,Reversed,1,0
7657,TXN-007657,20231223,604,916,7,12,1,-396.45,396.45,Expense,Completed,0,0
7658,TXN-007658,20230730,668,597,5,11,6,-33.52,33.52,Expense,Completed,0,0
7659,TXN-007659,20230128,275,375,19,14,7,-355.79,355.79,Expense,Completed,0,0
7660,TXN-007660,20241120,161,381,16,14,1,-271.1,271.1,Expense,Completed,0,1
7661,TXN-007661,20230904,479,700,13,,1,4016.94,4016.94,Transfer,Completed,0,0
7662,TXN-007662,20220831,727,405,13,,1,2854.89,2854.89,Transfer,Completed,0,0
7663,TXN-007663,20221125,72,736,1,10,7,-416.64,416.64,Expense,Completed,0,0
7664,TXN-007664,20241003,596,448,3,7,6,-240.7,240.7,Expense,Completed,1,1
7665,TXN-007665,20230108,60,645,3,7,7,-263.18,263.18,Expense,Completed,0,1
7666,TXN-007666,20220711,72,736,1,10,6,-463.47,463.47,Expense,Completed,0,0
7667,TXN-007667,20240505,571,977,13,,1,3078.29,3078.29,Transfer,Pending,0,0
7668,TXN-007668,20240123,680,401,15,12,1,-565.43,565.43,Expense,Completed,0,1
7669,TXN-007669,20230515,502,585,4,19,4,-481.14,481.14,Expense,Completed,0,0
7670,TXN-007670,20230416,600,741,15,5,3,-1907.24,1907.24,Expense,Completed,0,1
7671,TXN-007671,20220522,609,354,5,19,5,-135.77,135.77,Expense,Completed,0,0
7672,TXN-007672,20220516,11,872,3,20,7,-277.2,277.2,Expense,Completed,0,1
7673,TXN-007673,20240122,448,305,1,3,4,-236.03,236.03,Expense,Completed,0,0
7674,TXN-007674,20240420,379,426,4,18,3,-289.63,289.63,Expense,Pending,0,0
7675,TXN-007675,20231004,481,120,11,,7,334.27,334.27,Income,Completed,0,0
7676,TXN-007676,20240507,506,719,2,4,1,-1154.06,1154.06,Expense,Reversed,0,1
7677,TXN-007677,20230104,172,979,7,14,2,-228.8,228.8,Expense,Completed,0,0
7678,TXN-007678,20240319,639,483,11,,7,93.04,93.04,Income,Pending,0,0
7679,TXN-007679,20240504,537,850,10,,5,2127.8,2127.8,Income,Completed,0,1
7680,TXN-007680,20230610,461,870,1,15,4,-396.11,396.11,Expense,Completed,0,0
7681,TXN-007681,20220720,545,775,3,14,4,-488.62,488.62,Expense,Completed,0,1
7682,TXN-007682,20221110,221,1,8,15,6,-497.53,497.53,Expense,Completed,0,0
7683,TXN-007683,20241109,506,719,7,10,4,-213.37,213.37,Expense,Pending,0,0
7684,TXN-007684,20240301,703,198,6,17,5,-26.16,26.16,Expense,Completed,0,0
7685,TXN-007685,20220403,567,197,8,19,3,-139.1,139.1,Expense,Completed,0,0
7686,TXN-007686,20230316,324,926,5,12,5,-44.66,44.66,Expense,Completed,0,0
7687,TXN-007687,20241031,283,211,16,17,1,-193.38,193.38,Expense,Completed,1,1
7688,TXN-007688,20230809,19,180,11,,7,413.23,413.23,Income,Completed,0,0
7689,TXN-007689,20240914,499,905,7,12,7,-290.02,290.02,Expense,Completed,0,0
7690,TXN-007690,20230219,707,484,2,15,7,-679.65,679.65,Expense,Completed,0,1
7691,TXN-007691,20241124,340,312,3,19,5,-155.64,155.64,Expense,Completed,0,1
7692,TXN-007692,20230926,232,666,6,10,2,-56.66,56.66,Expense,Pending,0,0
7693,TXN-007693,20230614,395,203,2,17,3,-593.68,593.68,Expense,Completed,0,1
7694,TXN-007694,20220822,127,644,2,4,1,-2489.67,2489.67,Expense,Completed,0,1
7695,TXN-007695,20220309,359,750,4,13,3,-52.57,52.57,Expense,Completed,0,0
7696,TXN-007696,20240929,359,267,10,,3,11128.64,11128.64,Income,Completed,0,1
7697,TXN-007697,20231212,340,36,15,6,5,-879.52,879.52,Expense,Completed,0,1
7698,TXN-007698,20220502,571,977,2,12,7,-915.46,915.46,Expense,Completed,0,1
7699,TXN-007699,20240508,335,374,4,11,3,-205.95,205.95,Expense,Completed,0,0
7700,TXN-007700,20221121,279,154,10,,6,11983.53,11983.53,Income,Completed,0,1
7701,TXN-007701,20240428,350,213,16,4,1,-42.66,42.66,Expense,Completed,0,1
7702,TXN-007702,20220207,596,448,4,12,6,-457.84,457.84,Expense,Failed,0,0
7703,TXN-007703,20230806,461,670,2,14,5,-2356.47,2356.47,Expense,Completed,0,1
7704,TXN-007704,20241009,143,789,11,,1,329.09,329.09,Income,Completed,0,0
7705,TXN-007705,20230713,53,621,14,,5,-3827.01,3827.01,Transfer,Completed,0,0
7706,TXN-007706,20230217,644,710,3,20,5,-297.78,297.78,Expense,Failed,0,1
7707,TXN-007707,20240522,473,479,15,9,4,-1517.32,1517.32,Expense,Completed,0,1
7708,TXN-007708,20241004,751,852,17,7,7,-90.54,90.54,Expense,Pending,0,1
7709,TXN-007709,20220826,703,198,10,,2,6844.28,6844.28,Income,Completed,0,1
7710,TXN-007710,20220812,546,186,2,15,3,-804.66,804.66,Expense,Completed,0,1
7711,TXN-007711,20221128,461,670,3,5,6,-205.04,205.04,Expense,Completed,0,1
7712,TXN-007712,20241011,740,524,17,18,7,-59.31,59.31,Expense,Completed,0,1
7713,TXN-007713,20220228,710,115,2,20,7,-2929.97,2929.97,Expense,Completed,0,1
7714,TXN-007714,20220521,387,219,10,,2,8799.19,8799.19,Income,Completed,0,1
7715,TXN-007715,20240505,556,582,13,,6,2150.43,2150.43,Transfer,Completed,0,0
7716,TXN-007716,20241109,97,997,15,17,6,-855.16,855.16,Expense,Completed,0,1
7717,TXN-007717,20241108,506,824,4,15,3,-37.82,37.82,Expense,Completed,0,0
7718,TXN-007718,20220811,537,209,1,13,1,-450.39,450.39,Expense,Pending,0,0
7719,TXN-007719,20220318,364,95,15,18,7,-691.6,691.6,Expense,Completed,0,1
7720,TXN-007720,20240414,486,252,13,,7,1245.02,1245.02,Transfer,Pending,0,0
7721,TXN-007721,20240519,199,679,1,12,7,-431.78,431.78,Expense,Pending,0,0
7722,TXN-007722,20240601,266,519,13,,2,399.96,399.96,Transfer,Completed,0,0
7723,TXN-007723,20220314,206,8,11,,7,386.31,386.31,Income,Completed,0,0
7724,TXN-007724,20230530,594,450,3,4,2,-490.68,490.68,Expense,Completed,0,1
7725,TXN-007725,20241010,333,730,7,20,3,-322.17,322.17,Expense,Completed,0,0
7726,TXN-007726,20240228,231,889,4,7,2,-410.17,410.17,Expense,Pending,0,0
7727,TXN-007727,20230710,577,495,8,12,5,-134.16,134.16,Expense,Pending,0,0
7728,TXN-007728,20230211,271,179,9,9,1,-321.04,321.04,Expense,Pending,0,0
7729,TXN-007729,20240419,611,463,14,,5,-2191.9,2191.9,Transfer,Pending,0,0
7730,TXN-007730,20220215,379,426,5,17,5,-10.73,10.73,Expense,Completed,0,0
7731,TXN-007731,20241209,782,28,2,2,4,-856.0,856.0,Expense,Completed,0,1
7732,TXN-007732,20231129,651,60,3,12,2,-178.63,178.63,Expense,Pending,0,1
7733,TXN-007733,20241222,253,281,12,,1,3553.22,3553.22,Income,Completed,0,0
7734,TXN-007734,20221101,569,915,14,,6,-1075.66,1075.66,Transfer,Completed,0,0
7735,TXN-007735,20230720,161,381,1,1,2,-293.52,293.52,Expense,Completed,0,0
7736,TXN-007736,20240127,616,44,6,20,3,-108.34,108.34,Expense,Completed,0,0
7737,TXN-007737,20241101,48,615,9,7,5,-454.09,454.09,Expense,Completed,0,0
7738,TXN-007738,20220904,249,502,3,3,6,-466.31,466.31,Expense,Completed,0,1
7739,TXN-007739,20240903,337,606,4,19,5,-51.57,51.57,Expense,Completed,1,0
7740,TXN-007740,20220327,141,877,12,,4,421.59,421.59,Income,Pending,0,0
7741,TXN-007741,20240620,435,653,15,18,7,-794.65,794.65,Expense,Completed,0,1
7742,TXN-007742,20240810,182,903,5,6,3,-12.07,12.07,Expense,Completed,0,0
7743,TXN-007743,20240721,248,125,7,1,4,-194.36,194.36,Expense,Completed,0,0
7744,TXN-007744,20231112,684,826,14,,6,-1871.83,1871.83,Transfer,Pending,0,0
7745,TXN-007745,20231008,675,581,5,20,4,-132.45,132.45,Expense,Completed,0,0
7746,TXN-007746,20220504,325,253,13,,6,4461.92,4461.92,Transfer,Completed,0,0
7747,TXN-007747,20220423,407,83,18,12,6,-751.37,751.37,Expense,Completed,0,0
7748,TXN-007748,20220407,590,313,6,3,7,-77.05,77.05,Expense,Failed,0,0
7749,TXN-007749,20221108,336,892,17,3,1,-81.35,81.35,Expense,Completed,0,1
7750,TXN-007750,20240316,713,851,2,15,3,-769.8,769.8,Expense,Pending,0,1
7751,TXN-007751,20231220,777,62,8,3,4,-493.14,493.14,Expense,Completed,0,0
7752,TXN-007752,20241019,672,553,4,18,6,-38.99,38.99,Expense,Failed,0,0
7753,TXN-007753,20231224,526,240,2,12,5,-2596.74,2596.74,Expense,Completed,0,1
7754,TXN-007754,20230622,314,202,7,14,2,-417.57,417.57,Expense,Completed,0,0
7755,TXN-007755,20241102,783,491,2,8,2,-2982.31,2982.31,Expense,Completed,0,1
7756,TXN-007756,20220429,91,786,7,6,5,-406.49,406.49,Expense,Pending,0,0
7757,TXN-007757,20230810,30,528,6,9,4,-109.77,109.77,Expense,Pending,0,0
7758,TXN-007758,20221104,2,4,12,,1,4526.18,4526.18,Income,Completed,0,0
7759,TXN-007759,20220304,90,618,13,,1,266.88,266.88,Transfer,Completed,0,0
7760,TXN-007760,20230831,537,209,11,,1,242.48,242.48,Income,Completed,0,0
7761,TXN-007761,20241115,250,488,14,,2,-4187.56,4187.56,Transfer,Failed,0,0
7762,TXN-007762,20231209,355,49,5,17,3,-44.1,44.1,Expense,Pending,0,0
7763,TXN-007763,20241202,717,868,15,8,6,-578.85,578.85,Expense,Pending,0,1
7764,TXN-007764,20230713,165,592,17,2,7,-125.81,125.81,Expense,Completed,0,1
7765,TXN-007765,20240321,780,890,6,4,3,-144.58,144.58,Expense,Pending,0,0
7766,TXN-007766,20221127,629,87,11,,6,189.0,189.0,Income,Completed,0,0
7767,TXN-007767,20230509,574,638,8,12,7,-331.43,331.43,Expense,Completed,1,0
7768,TXN-007768,20220505,66,430,1,14,1,-356.12,356.12,Expense,Completed,0,0
7769,TXN-007769,20240417,609,354,20,,3,3984.58,3984.58,Income,Completed,0,0
7770,TXN-007770,20230227,638,31,6,19,4,-136.36,136.36,Expense,Completed,0,0
7771,TXN-007771,20220407,168,878,16,11,5,-40.48,40.48,Expense,Completed,0,1
7772,TXN-007772,20230516,410,695,15,17,3,-1185.69,1185.69,Expense,Completed,0,1
7773,TXN-007773,20220328,502,585,12,,6,3628.31,3628.31,Income,Completed,0,0
7774,TXN-007774,20240105,110,159,3,1,7,-202.1,202.1,Expense,Completed,0,1
7775,TXN-007775,20230601,781,662,19,4,1,-149.45,149.45,Expense,Reversed,0,0
7776,TXN-007776,20220402,120,130,6,6,3,-65.95,65.95,Expense,Pending,0,0
7777,TXN-007777,20240503,246,244,10,,2,12663.22,12663.22,Income,Completed,1,1
7778,TXN-007778,20220415,302,65,3,6,3,-271.82,271.82,Expense,Completed,0,1
7779,TXN-007779,20230930,270,222,2,12,2,-721.54,721.54,Expense,Completed,0,1
7780,TXN-007780,20240504,288,114,13,,1,3378.42,3378.42,Transfer,Pending,0,0
7781,TXN-007781,20220625,108,358,12,,4,2415.4,2415.4,Income,Completed,0,0
7782,TXN-007782,20230621,266,265,1,6,5,-323.53,323.53,Expense,Completed,0,0
7783,TXN-007783,20240215,61,849,18,8,4,-571.71,571.71,Expense,Pending,0,0
7784,TXN-007784,20231203,215,164,3,5,4,-263.36,263.36,Expense,Completed,1,1
7785,TXN-007785,20231201,786,948,5,12,5,-79.04,79.04,Expense,Completed,0,0
7786,TXN-007786,20221121,546,456,17,20,1,-65.64,65.64,Expense,Completed,0,1
7787,TXN-007787,20230409,800,403,3,6,3,-360.42,360.42,Expense,Completed,0,1
7788,TXN-007788,20231130,761,322,4,13,7,-381.81,381.81,Expense,Pending,0,0
7789,TXN-007789,20230203,447,472,13,,2,1966.18,1966.18,Transfer,Completed,0,0
7790,TXN-007790,20240302,323,175,1,19,1,-169.13,169.13,Expense,Completed,0,0
7791,TXN-007791,20220506,159,372,2,9,7,-2043.18,2043.18,Expense,Completed,0,1
7792,TXN-007792,20221217,64,199,3,3,6,-176.21,176.21,Expense,Completed,0,1
7793,TXN-007793,20230107,449,709,15,15,6,-206.44,206.44,Expense,Completed,0,1
7794,TXN-007794,20220414,20,602,10,,7,12378.03,12378.03,Income,Completed,0,1
7795,TXN-007795,20240601,337,303,6,20,4,-81.24,81.24,Expense,Completed,0,0
7796,TXN-007796,20231222,357,683,14,,3,-4494.86,4494.86,Transfer,Completed,0,0
7797,TXN-007797,20241123,746,805,2,5,4,-1871.05,1871.05,Expense,Completed,0,1
7798,TXN-007798,20231026,671,371,1,14,1,-85.34,85.34,Expense,Completed,0,0
7799,TXN-007799,20240702,382,925,7,6,4,-40.43,40.43,Expense,Completed,0,0
7800,TXN-007800,20220425,561,668,13,,6,3351.02,3351.02,Transfer,Completed,0,0
7801,TXN-007801,20231014,582,485,9,16,1,-64.96,64.96,Expense,Completed,0,0
7802,TXN-007802,20240509,28,981,13,,1,2695.2,2695.2,Transfer,Completed,0,0
7803,TXN-007803,20220121,145,565,2,18,6,-1965.06,1965.06,Expense,Completed,0,1
7804,TXN-007804,20241225,250,177,12,,7,216.6,216.6,Income,Pending,0,0
7805,TXN-007805,20230523,231,275,7,10,1,-298.13,298.13,Expense,Completed,0,0
7806,TXN-007806,20240705,506,719,3,14,1,-465.7,465.7,Expense,Completed,0,1
7807,TXN-007807,20230829,653,777,2,7,5,-2466.07,2466.07,Expense,Completed,0,1
7808,TXN-007808,20230118,20,630,10,,5,13951.6,13951.6,Income,Completed,0,1
7809,TXN-007809,20231111,471,554,20,,4,1235.41,1235.41,Income,Pending,0,0
7810,TXN-007810,20220713,276,503,13,,1,2857.01,2857.01,Transfer,Completed,0,0
7811,TXN-007811,20220220,308,442,1,13,3,-248.47,248.47,Expense,Completed,1,0
7812,TXN-007812,20240721,740,524,6,16,2,-92.76,92.76,Expense,Completed,0,0
7813,TXN-007813,20220309,563,455,2,17,6,-2999.18,2999.18,Expense,Failed,0,1
7814,TXN-007814,20230926,352,363,8,16,5,-37.73,37.73,Expense,Pending,0,0
7815,TXN-007815,20240420,451,457,11,,3,316.68,316.68,Income,Completed,0,0
7816,TXN-007816,20221106,312,466,19,8,1,-183.72,183.72,Expense,Completed,0,0
7817,TXN-007817,20220302,361,828,14,,2,-2186.58,2186.58,Transfer,Completed,0,0
7818,TXN-007818,20231008,378,70,18,5,1,-2774.17,2774.17,Expense,Completed,0,0
7819,TXN-007819,20220327,674,32,11,,5,39.16,39.16,Income,Completed,0,0
7820,TXN-007820,20220413,97,997,13,,7,4883.47,4883.47,Transfer,Completed,0,0
7821,TXN-007821,20221011,489,647,9,3,6,-274.93,274.93,Expense,Completed,0,0
7822,TXN-007822,20240818,680,400,7,13,5,-359.87,359.87,Expense,Reversed,0,0
7823,TXN-007823,20231216,182,903,10,,3,5615.5,5615.5,Income,Completed,0,1
7824,TXN-007824,20240825,214,900,16,20,1,-188.03,188.03,Expense,Completed,0,1
7825,TXN-007825,20220125,220,276,9,1,3,-218.88,218.88,Expense,Completed,0,0
7826,TXN-007826,20230719,444,720,5,4,5,-64.28,64.28,Expense,Completed,0,0
7827,TXN-007827,20240218,337,517,2,5,5,-687.75,687.75,Expense,Completed,0,1
7828,TXN-007828,20230111,419,722,3,10,5,-164.15,164.15,Expense,Completed,0,1
7829,TXN-007829,20231007,618,58,9,19,4,-374.46,374.46,Expense,Completed,0,0
7830,TXN-007830,20220518,126,84,11,,6,328.77,328.77,Income,Completed,0,0
7831,TXN-007831,20240406,419,722,5,17,5,-112.54,112.54,Expense,Completed,0,0
7832,TXN-007832,20230816,764,189,20,,6,2106.77,2106.77,Income,Completed,0,0
7833,TXN-007833,20230113,357,683,14,,2,-1101.06,1101.06,Transfer,Completed,0,0
7834,TXN-007834,20230209,61,622,12,,5,3488.12,3488.12,Income,Pending,0,0
7835,TXN-007835,20220804,554,224,18,2,5,-1244.32,1244.32,Expense,Completed,0,0
7836,TXN-007836,20240514,213,407,6,9,3,-125.88,125.88,Expense,Completed,0,0
7837,TXN-007837,20230530,744,833,13,,1,1543.56,1543.56,Transfer,Reversed,0,0
7838,TXN-007838,20230128,701,91,17,3,6,-66.84,66.84,Expense,Failed,0,1
7839,TXN-007839,20230615,186,431,7,14,3,-236.88,236.88,Expense,Completed,0,0
7840,TXN-007840,20230502,91,676,13,,4,4471.2,4471.2,Transfer,Failed,0,0
7841,TXN-007841,20221229,99,214,2,7,6,-1802.09,1802.09,Expense,Failed,0,1
7842,TXN-007842,20221219,2,681,12,,2,2554.32,2554.32,Income,Pending,0,0
7843,TXN-007843,20230306,789,914,7,14,1,-337.06,337.06,Expense,Completed,0,0
7844,TXN-007844,20220727,638,178,7,2,6,-394.14,394.14,Expense,Completed,0,0
7845,TXN-007845,20240523,408,260,5,12,2,-15.23,15.23,Expense,Completed,0,0
7846,TXN-007846,20220930,749,228,8,5,3,-76.1,76.1,Expense,Failed,0,0
7847,TXN-007847,20221031,749,228,15,13,7,-1328.15,1328.15,Expense,Pending,0,1
7848,TXN-007848,20240617,745,713,2,14,6,-2908.97,2908.97,Expense,Completed,0,1
7849,TXN-007849,20240208,269,304,3,8,1,-31.23,31.23,Expense,Completed,0,1
7850,TXN-007850,20230905,197,907,2,16,3,-1121.2,1121.2,Expense,Completed,0,1
7851,TXN-007851,20241113,169,110,3,8,2,-90.53,90.53,Expense,Completed,0,1
7852,TXN-007852,20220608,318,195,7,8,5,-489.74,489.74,Expense,Failed,0,0
7853,TXN-007853,20231215,378,70,5,8,4,-115.42,115.42,Expense,Completed,0,0
7854,TXN-007854,20220730,633,560,4,8,2,-340.61,340.61,Expense,Completed,0,0
7855,TXN-007855,20230619,471,554,12,,5,336.73,336.73,Income,Completed,0,0
7856,TXN-007856,20230925,421,422,12,,2,4374.46,4374.46,Income,Completed,0,0
7857,TXN-007857,20230517,431,904,7,12,1,-357.51,357.51,Expense,Completed,0,0
7858,TXN-007858,20241203,137,134,3,19,6,-487.51,487.51,Expense,Completed,0,1
7859,TXN-007859,20230813,220,59,3,10,2,-379.87,379.87,Expense,Completed,0,1
7860,TXN-007860,20221211,763,748,4,13,1,-83.39,83.39,Expense,Completed,0,0
7861,TXN-007861,20220329,352,795,4,6,1,-294.83,294.83,Expense,Completed,0,0
7862,TXN-007862,20241218,741,22,14,,2,-2439.05,2439.05,Transfer,Completed,0,0
7863,TXN-007863,20230329,149,959,14,,1,-742.58,742.58,Transfer,Completed,0,0
7864,TXN-007864,20230115,226,626,4,12,7,-169.21,169.21,Expense,Completed,1,0
7865,TXN-007865,20230604,448,768,6,7,2,-142.64,142.64,Expense,Completed,0,0
7866,TXN-007866,20240511,496,740,13,,7,1693.38,1693.38,Transfer,Completed,0,0
7867,TXN-007867,20230902,301,853,4,8,2,-218.11,218.11,Expense,Completed,0,0
7868,TXN-007868,20230813,57,383,17,5,5,-61.9,61.9,Expense,Failed,0,1
7869,TXN-007869,20240227,622,418,1,5,7,-200.46,200.46,Expense,Reversed,0,0
7870,TXN-007870,20241116,244,486,5,4,1,-126.29,126.29,Expense,Pending,0,0
7871,TXN-007871,20220512,561,24,16,15,6,-163.9,163.9,Expense,Completed,0,1
7872,TXN-007872,20230528,586,263,19,6,3,-369.23,369.23,Expense,Completed,0,0
7873,TXN-007873,20220412,357,309,18,13,3,-1910.82,1910.82,Expense,Completed,0,0
7874,TXN-007874,20220315,304,411,3,4,6,-432.86,432.86,Expense,Completed,0,1
7875,TXN-007875,20220425,661,751,13,,4,4656.09,4656.09,Transfer,Completed,0,0
7876,TXN-007876,20230826,471,437,1,5,6,-225.92,225.92,Expense,Completed,0,0
7877,TXN-007877,20220513,270,77,17,1,3,-91.89,91.89,Expense,Completed,0,1
7878,TXN-007878,20220601,637,355,5,20,2,-106.44,106.44,Expense,Completed,0,0
7879,TXN-007879,20230201,19,180,2,3,4,-2792.16,2792.16,Expense,Completed,0,1
7880,TXN-007880,20220416,498,208,17,15,1,-81.65,81.65,Expense,Completed,0,1
7881,TXN-007881,20240725,570,728,10,,6,8374.54,8374.54,Income,Completed,0,1
7882,TXN-007882,20241204,48,469,6,13,4,-85.78,85.78,Expense,Pending,0,0
7883,TXN-007883,20240624,262,435,1,1,7,-333.6,333.6,Expense,Failed,0,0
7884,TXN-007884,20220424,560,66,2,9,7,-1513.94,1513.94,Expense,Completed,0,1
7885,TXN-007885,20231223,174,284,4,13,4,-91.84,91.84,Expense,Completed,0,0
7886,TXN-007886,20220421,749,406,2,11,5,-2138.61,2138.61,Expense,Completed,0,1
7887,TXN-007887,20240521,136,56,6,10,2,-54.84,54.84,Expense,Reversed,0,0
7888,TXN-007888,20220719,87,294,16,2,3,-225.72,225.72,Expense,Pending,0,1
7889,TXN-007889,20221124,433,633,14,,2,-2370.94,2370.94,Transfer,Completed,0,0
7890,TXN-007890,20220803,751,409,7,18,2,-360.04,360.04,Expense,Completed,0,0
7891,TXN-007891,20240902,754,754,6,15,1,-112.46,112.46,Expense,Pending,0,0
7892,TXN-007892,20221109,740,524,10,,7,9772.2,9772.2,Income,Completed,0,1
7893,TXN-007893,20240609,333,730,4,16,7,-235.82,235.82,Expense,Completed,0,0
7894,TXN-007894,20231126,39,815,13,,4,188.45,188.45,Transfer,Pending,0,0
7895,TXN-007895,20220912,109,572,6,17,4,-96.05,96.05,Expense,Completed,0,0
7896,TXN-007896,20240904,609,843,7,1,7,-413.43,413.43,Expense,Completed,1,0
7897,TXN-007897,20240807,711,221,4,11,4,-138.38,138.38,Expense,Completed,0,0
7898,TXN-007898,20230101,102,489,15,17,4,-259.39,259.39,Expense,Completed,0,1
7899,TXN-007899,20221218,314,202,4,2,3,-448.91,448.91,Expense,Completed,0,0
7900,TXN-007900,20230610,748,14,14,,4,-699.54,699.54,Transfer,Completed,0,0
7901,TXN-007901,20240830,678,357,13,,4,3510.55,3510.55,Transfer,Completed,0,0
7902,TXN-007902,20230406,447,472,5,12,3,-104.39,104.39,Expense,Completed,0,0
7903,TXN-007903,20240312,42,539,12,,4,374.49,374.49,Income,Pending,1,0
7904,TXN-007904,20231115,56,642,7,3,7,-316.77,316.77,Expense,Completed,0,0
7905,TXN-007905,20220713,398,580,6,20,4,-141.23,141.23,Expense,Completed,0,0
7906,TXN-007906,20230729,768,282,1,2,2,-462.7,462.7,Expense,Pending,0,0
7907,TXN-007907,20231012,376,205,13,,2,3470.82,3470.82,Transfer,Completed,0,0
7908,TXN-007908,20230314,285,923,1,12,2,-119.33,119.33,Expense,Completed,0,0
7909,TXN-007909,20220703,740,524,2,17,6,-518.73,518.73,Expense,Completed,0,1
7910,TXN-007910,20221207,768,282,4,4,4,-196.44,196.44,Expense,Completed,0,0
7911,TXN-007911,20220208,571,977,1,5,3,-335.46,335.46,Expense,Pending,0,0
7912,TXN-007912,20230526,371,436,1,6,3,-402.74,402.74,Expense,Completed,0,0
7913,TXN-007913,20241207,537,850,18,17,2,-1642.77,1642.77,Expense,Completed,0,0
7914,TXN-007914,20220402,77,969,8,16,2,-417.13,417.13,Expense,Completed,0,0
7915,TXN-007915,20240419,200,258,4,17,3,-244.55,244.55,Expense,Completed,0,0
7916,TXN-007916,20220219,127,644,7,10,3,-170.56,170.56,Expense,Completed,0,0
7917,TXN-007917,20240514,639,483,18,2,7,-2973.76,2973.76,Expense,Pending,0,0
7918,TXN-007918,20240806,281,611,15,14,1,-1078.77,1078.77,Expense,Completed,0,1
7919,TXN-007919,20220115,701,91,15,8,4,-1037.54,1037.54,Expense,Completed,0,1
7920,TXN-007920,20241105,482,883,4,2,7,-430.71,430.71,Expense,Completed,0,0
7921,TXN-007921,20241231,675,53,2,16,1,-1092.58,1092.58,Expense,Completed,0,1
7922,TXN-007922,20221231,490,785,1,17,7,-277.36,277.36,Expense,Completed,0,0
7923,TXN-007923,20230814,548,350,7,5,3,-165.99,165.99,Expense,Failed,0,0
7924,TXN-007924,20240920,673,277,18,17,2,-190.85,190.85,Expense,Failed,0,0
7925,TXN-007925,20230221,425,534,13,,1,2929.96,2929.96,Transfer,Pending,0,0
7926,TXN-007926,20230620,798,269,15,13,2,-1719.53,1719.53,Expense,Completed,0,1
7927,TXN-007927,20221002,340,36,7,17,6,-328.85,328.85,Expense,Completed,0,0
7928,TXN-007928,20240915,301,853,14,,4,-1140.75,1140.75,Transfer,Completed,0,0
7929,TXN-007929,20230203,212,659,2,9,3,-891.99,891.99,Expense,Completed,0,1
7930,TXN-007930,20240919,707,27,15,20,6,-1169.59,1169.59,Expense,Completed,0,1
7931,TXN-007931,20230421,61,849,3,17,3,-48.93,48.93,Expense,Completed,0,1
7932,TXN-007932,20230728,740,524,1,2,1,-491.81,491.81,Expense,Completed,0,0
7933,TXN-007933,20240902,553,171,1,16,6,-325.16,325.16,Expense,Completed,0,0
7934,TXN-007934,20240608,262,568,13,,2,3479.93,3479.93,Transfer,Pending,0,0
7935,TXN-007935,20241225,693,583,10,,3,12931.32,12931.32,Income,Failed,0,1
7936,TXN-007936,20240826,591,259,9,3,7,-289.73,289.73,Expense,Completed,0,0
7937,TXN-007937,20240408,590,338,10,,6,11739.32,11739.32,Income,Reversed,0,1
7938,TXN-007938,20220715,169,110,5,16,7,-18.9,18.9,Expense,Completed,0,0
7939,TXN-007939,20220321,684,826,6,17,3,-47.07,47.07,Expense,Completed,0,0
7940,TXN-007940,20220808,368,684,12,,3,4104.95,4104.95,Income,Completed,0,0
7941,TXN-007941,20220928,274,185,1,18,5,-456.94,456.94,Expense,Completed,0,0
7942,TXN-007942,20241210,88,399,5,8,4,-108.53,108.53,Expense,Completed,0,0
7943,TXN-007943,20220321,227,599,2,12,1,-2486.75,2486.75,Expense,Completed,0,1
7944,TXN-007944,20221223,274,185,10,,1,12742.28,12742.28,Income,Completed,0,1
7945,TXN-007945,20231109,798,293,4,19,5,-415.68,415.68,Expense,Completed,0,0
7946,TXN-007946,20220706,411,94,8,8,3,-276.37,276.37,Expense,Pending,0,0
7947,TXN-007947,20220128,222,588,13,,1,196.97,196.97,Transfer,Failed,0,0
7948,TXN-007948,20230106,609,354,11,,3,263.18,263.18,Income,Completed,0,0
7949,TXN-007949,20220204,571,977,7,5,5,-324.63,324.63,Expense,Completed,0,0
7950,TXN-007950,20240729,322,690,20,,3,3675.94,3675.94,Income,Completed,0,0
7951,TXN-007951,20230531,399,764,13,,6,1826.84,1826.84,Transfer,Completed,0,0
7952,TXN-007952,20230209,172,242,2,14,3,-2085.94,2085.94,Expense,Completed,0,1
7953,TXN-007953,20240526,419,722,8,14,2,-327.72,327.72,Expense,Completed,0,0
7954,TXN-007954,20230508,797,716,1,15,1,-380.09,380.09,Expense,Completed,0,0
7955,TXN-007955,20240511,64,199,8,19,3,-242.67,242.67,Expense,Completed,0,0
7956,TXN-007956,20240313,215,48,13,,2,4327.8,4327.8,Transfer,Completed,0,0
7957,TXN-007957,20240813,546,456,6,19,4,-27.73,27.73,Expense,Completed,0,0
7958,TXN-007958,20240118,24,991,10,,1,14389.84,14389.84,Income,Completed,0,1
7959,TXN-007959,20220402,34,660,14,,2,-2566.21,2566.21,Transfer,Pending,0,0
7960,TXN-007960,20231229,377,68,9,11,5,-179.89,179.89,Expense,Completed,0,0
7961,TXN-007961,20220505,117,467,1,1,3,-90.64,90.64,Expense,Completed,0,0
7962,TXN-007962,20230813,216,236,2,18,5,-1291.96,1291.96,Expense,Completed,0,1
7963,TXN-007963,20231220,707,27,10,,7,11667.77,11667.77,Income,Completed,0,1
7964,TXN-007964,20241001,454,558,1,10,5,-69.76,69.76,Expense,Completed,0,0
7965,TXN-007965,20221118,609,354,5,8,7,-98.04,98.04,Expense,Completed,0,0
7966,TXN-007966,20240410,266,265,1,16,3,-484.77,484.77,Expense,Completed,0,0
7967,TXN-007967,20240224,161,844,19,6,6,-495.74,495.74,Expense,Completed,0,0
7968,TXN-007968,20230205,289,982,5,11,7,-145.02,145.02,Expense,Completed,0,0
7969,TXN-007969,20220318,167,932,2,17,1,-1303.88,1303.88,Expense,Completed,0,1
7970,TXN-007970,20240923,290,596,1,16,1,-463.69,463.69,Expense,Completed,0,0
7971,TXN-007971,20231221,583,278,19,8,3,-64.56,64.56,Expense,Completed,0,0
7972,TXN-007972,20240621,118,25,14,,3,-2715.62,2715.62,Transfer,Completed,0,0
7973,TXN-007973,20240404,537,209,10,,7,7036.95,7036.95,Income,Completed,0,1
7974,TXN-007974,20220705,431,904,20,,4,9231.2,9231.2,Income,Completed,0,0
7975,TXN-007975,20240514,466,962,14,,6,-4118.43,4118.43,Transfer,Completed,0,0
7976,TXN-007976,20221206,7,377,11,,3,141.91,141.91,Income,Completed,0,0
7977,TXN-007977,20240530,318,195,16,17,4,-390.35,390.35,Expense,Failed,0,1
7978,TXN-007978,20240720,511,108,3,7,4,-56.47,56.47,Expense,Completed,0,1
7979,TXN-007979,20220920,99,93,9,13,7,-86.28,86.28,Expense,Completed,0,0
7980,TXN-007980,20220715,649,433,9,15,2,-91.04,91.04,Expense,Completed,0,0
7981,TXN-007981,20241003,127,971,10,,1,7103.95,7103.95,Income,Completed,0,1
7982,TXN-007982,20220525,169,110,6,20,1,-91.23,91.23,Expense,Completed,0,0
7983,TXN-007983,20220606,312,466,10,,4,13870.03,13870.03,Income,Completed,0,1
7984,TXN-007984,20240716,277,623,4,11,1,-282.05,282.05,Expense,Pending,0,0
7985,TXN-007985,20241104,516,216,11,,3,296.33,296.33,Income,Completed,0,0
7986,TXN-007986,20230528,638,863,5,16,5,-60.24,60.24,Expense,Completed,0,0
7987,TXN-007987,20230222,377,68,5,12,5,-113.04,113.04,Expense,Completed,0,0
7988,TXN-007988,20230623,102,321,14,,3,-2719.6,2719.6,Transfer,Completed,0,0
7989,TXN-007989,20231212,673,277,20,,5,3487.2,3487.2,Income,Completed,0,0
7990,TXN-007990,20221114,608,968,17,6,4,-63.3,63.3,Expense,Reversed,0,1
7991,TXN-007991,20220510,129,522,10,,7,2771.72,2771.72,Income,Completed,0,1
7992,TXN-007992,20231022,770,320,12,,1,2924.28,2924.28,Income,Completed,0,0
7993,TXN-007993,20220203,174,342,4,7,4,-228.48,228.48,Expense,Completed,0,0
7994,TXN-007994,20220524,275,132,6,14,1,-38.11,38.11,Expense,Completed,0,0
7995,TXN-007995,20221013,784,140,6,10,1,-110.73,110.73,Expense,Pending,0,0
7996,TXN-007996,20240307,482,883,4,8,2,-36.71,36.71,Expense,Completed,0,0
7997,TXN-007997,20241012,757,504,6,9,3,-46.78,46.78,Expense,Completed,0,0
7998,TXN-007998,20231206,18,515,4,17,7,-198.72,198.72,Expense,Completed,0,0
7999,TXN-007999,20230122,66,23,7,12,1,-54.23,54.23,Expense,Completed,0,0
8000,TXN-008000,20230128,749,406,10,,3,11993.35,11993.35,Income,Completed,0,1
